step,epoch,pred,pred_block,pred_free,sigreg,anchor,anchor_pred,total,latent_std
50,1,0.046336106956005096,0.0033882036805152893,0.04294790327548981,4.332401752471924,0.32835257053375244,0.32805585861206055,0.7244065403938293,0.9837312698364258
100,1,0.31551432609558105,0.06855373829603195,0.2469605803489685,3.233643054962158,0.28171032667160034,0.2811911702156067,0.894584059715271,0.9865780472755432
150,1,0.11641649901866913,0.04446415230631828,0.07195235043764114,3.187542676925659,0.14440801739692688,0.14408987760543823,0.4208521246910095,0.9921601414680481
200,1,0.11824148893356323,0.0461650975048542,0.07207639515399933,2.7891693115234375,0.07230699062347412,0.07231298089027405,0.2768073081970215,0.9850353598594666
250,1,0.10120822489261627,0.014888342469930649,0.08631987869739532,2.684906005859375,0.0318472757935524,0.03179607167840004,0.17827610671520233,0.9883211851119995
300,1,0.0701209008693695,0.006117415614426136,0.06400348246097565,2.3233346939086914,0.01071690209209919,0.010694882832467556,0.10314936190843582,0.9915252923965454
350,1,0.07600128650665283,0.005315424874424934,0.07068586349487305,2.426234722137451,0.007723940536379814,0.007714311592280865,0.10357070714235306,0.9845230579376221
400,1,0.07725979387760162,0.00919205043464899,0.06806774437427521,2.3408255577087402,0.008545364253222942,0.00853816419839859,0.10604745149612427,0.9807441830635071
450,1,0.07772064208984375,0.004176151007413864,0.07354449480772018,2.450418472290039,0.005505669862031937,0.005501770414412022,0.10098017752170563,0.9759813547134399
500,1,0.06720824539661407,0.00486865546554327,0.06233958899974823,2.443359375,0.008105411194264889,0.008082859218120575,0.09561331570148468,0.9743422865867615
550,1,0.07359820604324341,0.005194451659917831,0.06840375065803528,2.264253616333008,0.006209442857652903,0.0062094214372336864,0.09733834117650986,0.9770776033401489
600,1,0.07077320665121078,0.005567247048020363,0.06520596146583557,2.3750433921813965,0.006223814561963081,0.006204616744071245,0.09507685899734497,0.980297863483429
650,1,0.08737071603536606,0.005147337913513184,0.08222337812185287,2.616302967071533,0.01237022876739502,0.01235545240342617,0.12517790496349335,0.9889944791793823
700,1,0.12546946108341217,0.030747052282094955,0.09472240507602692,2.593331813812256,0.14824487268924713,0.14829283952713013,0.4349738359451294,0.9826434850692749
750,1,0.08063072711229324,0.006337085738778114,0.07429364323616028,3.032694101333618,0.010704576037824154,0.010686236433684826,0.11718501150608063,0.9849120378494263
800,1,0.0766601413488388,0.007246782071888447,0.06941335648298264,3.385650157928467,0.010441137477755547,0.010437224060297012,0.11446674913167953,0.977371335029602
850,1,0.13035909831523895,0.008752357214689255,0.12160674482584,3.8157222270965576,0.01889287680387497,0.018902095034718513,0.18723267316818237,0.9840199947357178
900,1,0.08648798614740372,0.008821370080113411,0.07766661792993546,2.761807918548584,0.012977414764463902,0.012944926507771015,0.12621936202049255,0.9990696310997009
950,1,0.08273963630199432,0.007164930924773216,0.07557470351457596,4.127325057983398,0.010452833026647568,0.010448924265801907,0.12427802383899689,0.9759252071380615
1000,1,0.1278761923313141,0.0069333333522081375,0.1209428533911705,3.128293514251709,0.01361840683966875,0.013627170585095882,0.17076323926448822,0.9766275882720947
1050,1,0.08962172269821167,0.007842516526579857,0.08177920430898666,3.5818543434143066,0.013913682661950588,0.013920426368713379,0.1353650987148285,0.981048583984375
1100,1,0.09964029490947723,0.006795402616262436,0.0928448960185051,3.1687188148498535,0.010332480072975159,0.010295972228050232,0.13611233234405518,0.9826369285583496
1150,1,0.0860188901424408,0.006165366154164076,0.07985352724790573,3.3367602825164795,0.01029883697628975,0.010308301076292992,0.12330982834100723,0.9827859997749329
1200,1,0.09601734578609467,0.006477131508290768,0.08954021334648132,3.007295608520508,0.009425625205039978,0.009418878704309464,0.1298983246088028,0.9824686050415039
1250,1,0.09432154148817062,0.009450221434235573,0.0848713219165802,3.3273773193359375,0.008996307849884033,0.008983293548226357,0.12893803417682648,0.9840786457061768
1300,1,0.10773830115795135,0.010951567441225052,0.096786729991436,2.962480068206787,0.01129874587059021,0.011271672323346138,0.14512112736701965,0.9812778234481812
1350,1,0.10005740821361542,0.007019296288490295,0.09303811192512512,2.806086778640747,0.011673156172037125,0.01172815915197134,0.13748915493488312,0.9883103370666504
1400,1,0.08824510872364044,0.008305583149194717,0.07993952184915543,2.6576266288757324,0.009915986098349094,0.00990296620875597,0.1213521957397461,1.0040348768234253
1450,1,0.09342128038406372,0.006713744252920151,0.08670753985643387,3.053138256072998,0.00993276946246624,0.009913044050335884,0.1285327821969986,1.0043463706970215
1500,1,0.10078311711549759,0.005919954739511013,0.094863161444664,3.1053507328033447,0.011751272715628147,0.011742557398974895,0.1398036926984787,0.9999440312385559
1550,2,0.07441893219947815,0.004647263791412115,0.0697716698050499,3.198406219482422,0.00948577281087637,0.009453043341636658,0.10934977978467941,1.0024070739746094
1600,2,0.09677831083536148,0.006285407114773989,0.09049290418624878,3.026688575744629,0.012208963744342327,0.012228500097990036,0.13634921610355377,0.9803698062896729
1650,2,0.07940109819173813,0.005116989836096764,0.07428410649299622,2.8282370567321777,0.009329644963145256,0.009357297793030739,0.11222922801971436,1.0009338855743408
1700,2,0.08415400236845016,0.00477630365639925,0.07937769591808319,2.824451446533203,0.007771024946123362,0.007764927577227354,0.11381220817565918,0.9981331825256348
1750,2,0.051558785140514374,0.004294532351195812,0.04726425185799599,3.658750057220459,0.0073805442079901695,0.0073042744770646095,0.08453734964132309,0.998444676399231
1800,2,0.08836769312620163,0.006009308155626059,0.08235838264226913,3.2116336822509766,0.007723251357674599,0.007737829349935055,0.11988694220781326,0.9765254855155945
1850,2,0.08363784104585648,0.0059659164398908615,0.07767192274332047,2.488067388534546,0.006756187882274389,0.0067674252204597,0.10960179567337036,1.004518747329712
1900,2,0.06768903881311417,0.003877870738506317,0.06381116807460785,2.6926445960998535,0.005455975886434317,0.005440940149128437,0.09204917401075363,1.0091241598129272
1950,2,0.06712567061185837,0.005774867720901966,0.061350803822278976,2.526442527770996,0.008379053324460983,0.008386632427573204,0.09652356803417206,1.004002332687378
2000,2,0.07580988109111786,0.004418889060616493,0.07139099389314651,2.4423224925994873,0.006257147528231144,0.006256701424717903,0.10053534060716629,1.0043058395385742
2050,2,0.0713278278708458,0.005016946233808994,0.06631088256835938,2.6118524074554443,0.007015509530901909,0.0070154499262571335,0.09841805696487427,1.008205771446228
2100,2,0.06808800995349884,0.004478689283132553,0.06360931694507599,2.4223055839538574,0.005055573768913746,0.005062311887741089,0.09031742811203003,1.0100547075271606
2150,2,0.053890250623226166,0.00356384483166039,0.050326406955718994,2.421635389328003,0.005972842685878277,0.005987528711557388,0.07795879989862442,1.006637454032898
2200,2,0.06251440942287445,0.003893790300935507,0.058620620518922806,2.4328699111938477,0.0043238983489573,0.004329326096922159,0.08333197981119156,1.0058529376983643
2250,2,0.057077281177043915,0.0032164559233933687,0.053860824555158615,2.360063076019287,0.00394109170883894,0.003925427794456482,0.07674410939216614,1.0049216747283936
2300,2,0.050232529640197754,0.003179137594997883,0.047053392976522446,2.426586151123047,0.005543108563870192,0.005539699457585812,0.07344827055931091,1.0039291381835938
2350,2,0.05824923887848854,0.00420457124710083,0.05404466763138771,2.485881805419922,0.0045379395596683025,0.004545926116406918,0.0797625184059143,1.0021543502807617
2400,2,0.05307655781507492,0.004547164775431156,0.04852939397096634,2.434041738510132,0.0038143713027238846,0.0038093547336757183,0.07287049293518066,0.9993621110916138
2450,2,0.0519433431327343,0.002691187895834446,0.04925215616822243,2.488105535507202,0.00338127207942307,0.003376813605427742,0.07114195823669434,1.000443935394287
2500,2,0.05263339728116989,0.0038178623653948307,0.0488155335187912,2.410505533218384,0.0044263978488743305,0.004418883938342333,0.07353121042251587,0.9985913038253784
2550,2,0.05097046494483948,0.0034914850257337093,0.04747898131608963,2.3367526531219482,0.005069086328148842,0.0050642783753573895,0.07278759032487869,0.9980379343032837
2600,2,0.04539750888943672,0.0034526423551142216,0.04194486513733864,2.262892723083496,0.003229898400604725,0.0032229830976575613,0.0631648525595665,0.9967962503433228
2650,2,0.04523737356066704,0.0032639482524245977,0.041973426938056946,2.350947856903076,0.0038128916639834642,0.0038272712845355272,0.06463227421045303,0.994274377822876
2700,2,0.044613175094127655,0.0027267420664429665,0.04188643395900726,2.3013057708740234,0.0031217685900628567,0.0031150246504694223,0.06235649436712265,0.9948154091835022
2750,2,0.044914424419403076,0.002788224723190069,0.04212620109319687,2.405136823654175,0.002743036486208439,0.0027268787380307913,0.06241002306342125,0.9938105344772339
2800,2,0.044541094452142715,0.0031760174315422773,0.04136507585644722,2.211287021636963,0.0028429380618035793,0.0028437606524676085,0.061284229159355164,0.993188738822937
2850,2,0.04587048292160034,0.0037714135833084583,0.04209906980395317,2.24973201751709,0.0048292698338627815,0.0048287250101566315,0.06677713990211487,0.9920084476470947
2900,2,0.042693428695201874,0.0030872421339154243,0.039606187492609024,2.3026108741760254,0.003290839958935976,0.0032901200465857983,0.060787443071603775,0.991442084312439
2950,2,0.04268379136919975,0.0027367444708943367,0.03994704782962799,2.213594913482666,0.0031239883974194527,0.0031253728084266186,0.060001127421855927,0.9914271831512451
3000,2,0.036726146936416626,0.0028580042999237776,0.03386814147233963,2.336388111114502,0.0031324168667197227,0.0031358632259070873,0.054676368832588196,0.9894920587539673
3050,2,0.03867943957448006,0.0031510598491877317,0.035528380423784256,2.243156909942627,0.0033988929353654385,0.003395096166059375,0.05668921023607254,0.9901811480522156
3100,3,0.041279010474681854,0.003510496113449335,0.03776851296424866,2.2006406784057617,0.002913382137194276,0.002925469074398279,0.05812106654047966,0.9894804954528809
3150,3,0.04061206430196762,0.0027372012846171856,0.03787486255168915,2.2033729553222656,0.0031564761884510517,0.0031663314439356327,0.05795173719525337,0.9900366067886353
3200,3,0.03892781585454941,0.003063970012590289,0.03586384654045105,2.356550455093384,0.0034041665494441986,0.003428241703659296,0.05754297599196434,0.9887346029281616
3250,3,0.03862207755446434,0.002322550630196929,0.03629952669143677,2.261862277984619,0.002713469322770834,0.002713561989367008,0.05535842105746269,0.989418625831604
3300,3,0.03513806313276291,0.002827524207532406,0.03231053799390793,2.2328147888183594,0.003369733691215515,0.0033678635954856873,0.053039733320474625,0.9878347516059875
3350,3,0.038862843066453934,0.00345957325771451,0.03540327027440071,2.311706304550171,0.003362285206094384,0.003374433144927025,0.05715809017419815,0.9892343282699585
3400,3,0.03309031203389168,0.0021794396452605724,0.030910873785614967,2.2470414638519287,0.0025095627643167973,0.0025123031809926033,0.04934738576412201,0.9881575107574463
3450,3,0.03307432681322098,0.002176007255911827,0.03089831955730915,2.387754201889038,0.003585006110370159,0.003604412777349353,0.05220251530408859,0.9888250231742859
3500,3,0.03283516690135002,0.0025479202158749104,0.03028724528849125,2.206763982772827,0.002282275352627039,0.002280160319060087,0.04843142628669739,0.9896129369735718
3550,3,0.03370082750916481,0.0026252190582454205,0.03107560984790325,2.1450676918029785,0.002206771867349744,0.002207154640927911,0.04884009063243866,0.9913582801818848
3600,3,0.03226137161254883,0.0020413510501384735,0.030220018699765205,2.1001532077789307,0.0027209934778511524,0.00271807424724102,0.04820120707154274,0.9907909631729126
3650,3,0.04136056825518608,0.003195082303136587,0.038165487349033356,2.1998517513275146,0.004456494934856892,0.00447001401335001,0.06128633767366409,0.9888114929199219
3700,3,0.03267832100391388,0.0024040481075644493,0.030274273827672005,2.1950340270996094,0.002099188044667244,0.0020842603407800198,0.04783694073557854,0.9909552335739136
3750,3,0.03479144349694252,0.002662710379809141,0.03212873265147209,2.135521411895752,0.002176498295739293,0.002173992805182934,0.04981954023241997,0.9889851808547974
3800,3,0.034296296536922455,0.0025980230420827866,0.03169827535748482,2.160551071166992,0.0030543117318302393,0.0030571273528039455,0.05121048912405968,0.9896242618560791
3850,3,0.03302592411637306,0.002406968967989087,0.030618954449892044,2.1256184577941895,0.001882328069768846,0.0018748953007161617,0.0474112406373024,0.9909355640411377
3900,3,0.033694252371788025,0.0025082221254706383,0.031186029314994812,2.3355941772460938,0.0031599337235093117,0.0031657246872782707,0.051697880029678345,0.9891155958175659
3950,3,0.03554217889904976,0.0023548523895442486,0.03318732604384422,2.097383975982666,0.002859988249838352,0.002854081802070141,0.051743168383836746,0.9900531768798828
4000,3,0.031163480132818222,0.0022178487852215767,0.02894563227891922,2.1039769649505615,0.002301073633134365,0.0023016324266791344,0.046286068856716156,0.9894333481788635
4050,3,0.0347658172249794,0.0029815007001161575,0.031784314662218094,2.0792295932769775,0.0029816848691552877,0.0030003958381712437,0.05114404857158661,0.9872468709945679
4100,3,0.031732507050037384,0.002518618479371071,0.029213888570666313,2.2287752628326416,0.0026875375770032406,0.0026826460380107164,0.04824656993150711,0.9884412288665771
4150,3,0.030633825808763504,0.0018452390795573592,0.02878858707845211,2.089608669281006,0.0019863322377204895,0.001988295465707779,0.04505649581551552,0.988544225692749
4200,3,0.029026631265878677,0.002796728163957596,0.02622990310192108,1.9698963165283203,0.0022091446444392204,0.0022033362183719873,0.043288592249155045,0.9890830516815186
4250,3,0.031408991664648056,0.0022058843169361353,0.029203107580542564,2.0249242782592773,0.003300110576674342,0.0033140534069389105,0.0481477752327919,0.9884259104728699
4300,3,0.03304636850953102,0.0023217506241053343,0.03072461672127247,2.1690115928649902,0.0020243616309016943,0.002020945306867361,0.047936733812093735,0.9892051219940186
4350,3,0.03124736063182354,0.0023417400661855936,0.02890562079846859,2.1369543075561523,0.00272637908346951,0.002720015123486519,0.047378525137901306,0.9907445907592773
4400,3,0.03126349300146103,0.0022986656986176968,0.028964826837182045,2.048976421356201,0.0022813931573182344,0.002285078400745988,0.046074848622083664,0.9886837601661682
4450,3,0.03081202693283558,0.0023272859398275614,0.02848474122583866,2.0535616874694824,0.0034168586134910583,0.003441921900957823,0.04793861508369446,0.9885033369064331
4500,3,0.03147563710808754,0.0021574832499027252,0.029318153858184814,1.9641458988189697,0.0024157771840691566,0.0024171159602701664,0.046129260212183,0.9906055927276611
4550,3,0.029988354071974754,0.0019176024943590164,0.028070751577615738,1.9647489786148071,0.001843318808823824,0.001847266685217619,0.04350268468260765,0.9886640310287476
4600,3,0.028559649363160133,0.001457260106690228,0.027102388441562653,2.008387565612793,0.0021973673719912767,0.0021972632966935635,0.04299621656537056,0.9875470399856567
4650,4,0.03161394223570824,0.0021387641318142414,0.029475178569555283,2.074606418609619,0.002225974341854453,0.002224101684987545,0.04643704742193222,0.9884764552116394
4700,4,0.03200394660234451,0.0017456202767789364,0.03025832772254944,2.1649975776672363,0.002422799589112401,0.002420006785541773,0.047671739012002945,0.9884567260742188
4750,4,0.03322768211364746,0.0020321253687143326,0.031195558607578278,2.1650500297546387,0.0019777677953243256,0.0019842498004436493,0.04801495000720024,0.9879876375198364
4800,4,0.027828862890601158,0.0019286297028884292,0.025900233536958694,2.0128941535949707,0.002070448361337185,0.0020659291185438633,0.04202970862388611,0.987838864326477
4850,4,0.029629463329911232,0.0018051090883091092,0.02782435342669487,2.0960378646850586,0.0017485327553004026,0.0017418416682630777,0.04360002651810646,0.9888079166412354
4900,4,0.02878299169242382,0.0017609111964702606,0.02702208049595356,2.0646114349365234,0.0017896080389618874,0.0017881251405924559,0.04268378019332886,0.9898911118507385
4950,4,0.03065035305917263,0.0020028117578476667,0.028647541999816895,2.073729991912842,0.0018762268591672182,0.0018769572488963604,0.0447721891105175,0.9883649349212646
5000,4,0.029360417276620865,0.0019092144211754203,0.027451202273368835,1.9774599075317383,0.002342293970286846,0.002346375957131386,0.043936386704444885,0.9869648218154907
5050,4,0.02830539271235466,0.0019257524982094765,0.026379641145467758,2.139838218688965,0.0017556874081492424,0.001754439901560545,0.04251471161842346,0.9882526397705078
5100,4,0.0273788720369339,0.0019988238345831633,0.025380048900842667,1.9874427318572998,0.0017464577686041594,0.0017496631480753422,0.04081220552325249,0.9883863925933838
5150,4,0.030153606086969376,0.0020492393523454666,0.02810436673462391,2.1321260929107666,0.0015729807782918215,0.001572745037265122,0.04395996034145355,0.9871128797531128
5200,4,0.03052089549601078,0.0015927194617688656,0.028928175568580627,2.0047109127044678,0.0016885966761037707,0.00168533471878618,0.04391838237643242,0.986044704914093
5250,4,0.027634290978312492,0.0017673778347671032,0.025866912677884102,2.0939841270446777,0.0019505294039845467,0.0019395156996324658,0.041994255036115646,0.9863601326942444
5300,4,0.02979128621518612,0.002194211585447192,0.027597075328230858,2.100996255874634,0.0022868686355650425,0.002293925266712904,0.0448770597577095,0.9838958382606506
5350,4,0.027047868818044662,0.0017278738087043166,0.02531999535858631,1.8569821119308472,0.0015266742557287216,0.0015289633302018046,0.039388418197631836,0.9886511564254761
5400,4,0.029565125703811646,0.0017533085774630308,0.027811817824840546,2.0210680961608887,0.0015488038770854473,0.001549942884594202,0.04276921600103378,0.9876339435577393
5450,4,0.033865489065647125,0.0017456146888434887,0.03211987391114235,2.000892400741577,0.001898176153190434,0.0018876551184803247,0.047655779868364334,0.9842129945755005
5500,4,0.028518227860331535,0.001969235483556986,0.026548992842435837,2.0417065620422363,0.0016187725123018026,0.0016198961529880762,0.04196543246507645,0.9862784743309021
5550,4,0.02838584966957569,0.0019122938392683864,0.026473555713891983,2.031243324279785,0.0018773986957967281,0.0018793721683323383,0.04229883849620819,0.9889073371887207
5600,4,0.02627345733344555,0.001519506680779159,0.024753950536251068,2.1062185764312744,0.001468445174396038,0.0014724483480677009,0.03974544256925583,0.9889167547225952
5650,4,0.026591453701257706,0.0016682001296430826,0.024923253804445267,2.0372719764709473,0.0020895320922136307,0.002097144490107894,0.04096449166536331,0.9893577098846436
5700,4,0.027617715299129486,0.001506359432823956,0.026111355051398277,1.975915551185608,0.0012511883396655321,0.0012515701819211245,0.04000005125999451,0.9884973764419556
5750,4,0.024558378383517265,0.0018281338270753622,0.02273024432361126,2.2348036766052246,0.0014448279980570078,0.0014432815369218588,0.03862050548195839,0.9860156178474426
5800,4,0.024999920278787613,0.0014113154029473662,0.023588605225086212,2.081174612045288,0.0012307213619351387,0.0012277982896193862,0.037864312529563904,0.9863080978393555
5850,4,0.03104402683675289,0.0019701297860592604,0.029073897749185562,1.990907907485962,0.0020010906737297773,0.0020073566120117903,0.04500701278448105,0.9875909090042114
5900,4,0.02684519812464714,0.0019113075686618686,0.024933891370892525,2.0133256912231445,0.0016714908415451646,0.0016743347514420748,0.04025765135884285,0.9838052988052368
5950,4,0.027249755337834358,0.0018744241679087281,0.025375330820679665,1.9480440616607666,0.0018895426765084267,0.0018942775204777718,0.040773794054985046,0.9863618016242981
6000,4,0.028085466474294662,0.0017476796638220549,0.02633778750896454,2.1446852684020996,0.0015350125031545758,0.001529135974124074,0.04187304154038429,0.987270176410675
6050,4,0.027103183791041374,0.0016046930104494095,0.025498490780591965,1.8844985961914062,0.0019793431274592876,0.0019813585095107555,0.04048638045787811,0.984810471534729
6100,4,0.026420239359140396,0.0016292837681248784,0.02479095570743084,1.9590191841125488,0.0016443233471363783,0.0016424849163740873,0.03950214385986328,0.9864341020584106
6150,5,0.026555998250842094,0.0016711951466277242,0.024884803220629692,1.871598720550537,0.001629844307899475,0.0016318135894834995,0.03917565196752548,0.9851060509681702
6200,5,0.027089353650808334,0.0015101144090294838,0.025579238310456276,2.031224250793457,0.0013225988950580359,0.0013232722412794828,0.03989134728908539,0.9849461317062378
6250,5,0.026413343846797943,0.0018609274411574006,0.024552416056394577,1.8477751016616821,0.0016227926826104522,0.0016293125227093697,0.03890432417392731,0.9860097765922546
6300,5,0.026785418391227722,0.0015587375964969397,0.02522668056190014,2.0037572383880615,0.0014743977226316929,0.0014710192335769534,0.0397496223449707,0.9868673086166382
6350,5,0.028498424217104912,0.0021264832466840744,0.026371940970420837,1.880178689956665,0.001476920209825039,0.001482549705542624,0.040858786553144455,0.9847428798675537
6400,5,0.026724431663751602,0.0017920982791110873,0.024932334199547768,1.9838900566101074,0.0014882979448884726,0.001491518341936171,0.039623696357011795,0.9843494892120361
6450,5,0.02804790809750557,0.0015955159906297922,0.02645239233970642,2.001094341278076,0.0014890107559040189,0.001483630621805787,0.04102601855993271,0.9860461950302124
6500,5,0.026973839849233627,0.0018021035939455032,0.025171736255288124,1.7880363464355469,0.0015065837651491165,0.0015121422475203872,0.03893274813890457,0.9837037324905396
6550,5,0.026671189814805984,0.0014817365445196629,0.02518945373594761,1.9752510786056519,0.0019114376045763493,0.0019066388485953212,0.04036552086472511,0.9827382564544678
6600,5,0.02640574425458908,0.0014151034411042929,0.024990640580654144,1.8817781209945679,0.0014287526719272137,0.0014260602183640003,0.03866944834589958,0.9843329191207886
6650,5,0.027471786364912987,0.001758428174071014,0.02571335807442665,1.945987343788147,0.00159722869284451,0.0016038492321968079,0.04040280357003212,0.9837446808815002
6700,5,0.026095764711499214,0.0018573370762169361,0.024238428100943565,1.9170305728912354,0.001431204960681498,0.0014289316022768617,0.038541052490472794,0.9838672280311584
6750,5,0.027051623910665512,0.001463980646803975,0.025587642565369606,1.9497005939483643,0.001440377556718886,0.001440869877114892,0.03968137502670288,0.9836964011192322
6800,5,0.02640252187848091,0.0014528869651257992,0.024949634447693825,1.7882232666015625,0.0017676472198218107,0.0017718434100970626,0.03888313099741936,0.9826841950416565
6850,5,0.02693253755569458,0.0019618805963546038,0.024970656260848045,1.8284528255462646,0.0015560212777927518,0.0015592733398079872,0.03919009864330292,0.9817020893096924
6900,5,0.02669502981007099,0.0015218020416796207,0.025173228234052658,1.914644479751587,0.0013099424540996552,0.0013005950022488832,0.03887879103422165,0.9839137196540833
6950,5,0.02477552369236946,0.0014455134514719248,0.02333001047372818,1.7090480327606201,0.001459535676985979,0.0014612298691645265,0.036241527646780014,0.9810326099395752
7000,5,0.0265594944357872,0.0013254131190478802,0.025234080851078033,1.946759819984436,0.0010821730829775333,0.0010784355690702796,0.038453903049230576,0.9813579320907593
7050,5,0.026024993509054184,0.0014177423436194658,0.024607250466942787,1.8375194072723389,0.001328358193859458,0.001328384387306869,0.03786933422088623,0.9787707924842834
7100,5,0.028422966599464417,0.0017913044430315495,0.026631662622094154,1.9493987560272217,0.0018365130526944995,0.001837115385569632,0.04184358939528465,0.9815552830696106
7150,5,0.028928376734256744,0.001785410800948739,0.02714296616613865,1.8837186098098755,0.0018301545642316341,0.001829646760597825,0.04200676828622818,0.9824873208999634
7200,5,0.025864645838737488,0.0014788946136832237,0.02438575215637684,1.8326146602630615,0.0015293925534933805,0.0015274591278284788,0.038084570318460464,0.9785373210906982
7250,5,0.02839706465601921,0.0030209175311028957,0.025376146659255028,1.9270840883255005,0.0014054516796022654,0.0014023148687556386,0.04084025323390961,0.9820507764816284
7300,5,0.025766724720597267,0.0013713412918150425,0.024395383894443512,1.9218430519104004,0.0016623984556645155,0.001665608026087284,0.03870394453406334,0.9791784286499023
7350,5,0.026874074712395668,0.0015354885254055262,0.025338586419820786,1.7801432609558105,0.0015637840842828155,0.0015574779827147722,0.03889605030417442,0.9814107418060303
7400,5,0.02577948197722435,0.0018290354637429118,0.023950446397066116,1.9494962692260742,0.001625138334929943,0.001628899248316884,0.038780998438596725,0.981526255607605
7450,5,0.028903022408485413,0.0016214983770623803,0.02728152461349964,1.930725336074829,0.0015252797165885568,0.0015370399923995137,0.04161896929144859,0.9779729843139648
7500,5,0.026704635471105576,0.0015059723518788815,0.025198662653565407,1.8432977199554443,0.0013703578151762486,0.0013634287752211094,0.038654908537864685,0.9834412336349487
7550,5,0.024883639067411423,0.001430840347893536,0.023452797904610634,1.8115986585617065,0.0012951369863003492,0.0013000986073166132,0.036536868661642075,0.9798738956451416
7600,5,0.025649243965744972,0.0012006604811176658,0.024448582902550697,1.8844256401062012,0.0011774846352636814,0.0011752122081816196,0.03742406889796257,0.9819842576980591
7650,5,0.026500660926103592,0.0014023040421307087,0.02509835734963417,1.8700945377349854,0.0012635418679565191,0.001264306716620922,0.03837898001074791,0.9822795391082764
7700,6,0.026621397584676743,0.0017799458000808954,0.02484145201742649,1.8944199085235596,0.0014652449171990156,0.0014640700537711382,0.03902281075716019,0.9809136986732483
7750,6,0.02579490840435028,0.0015719318762421608,0.024222977459430695,1.8341807126998901,0.0012785402359440923,0.0012738434597849846,0.03751819580793381,0.9793014526367188
7800,6,0.02489456534385681,0.0012406314490363002,0.02365393377840519,2.014354705810547,0.0014081863919273019,0.0014097914099693298,0.03778431564569473,0.9812458157539368
7850,6,0.023837603628635406,0.0012125332141295075,0.022625070065259933,1.8081746101379395,0.0011723608477041125,0.0011715606087818742,0.03522239997982979,0.9797277450561523
7900,6,0.025283481925725937,0.0017567917238920927,0.023526690900325775,1.7489079236984253,0.0011104551376774907,0.001104793744161725,0.036243271082639694,0.9814254641532898
7950,6,0.027899660170078278,0.0012660722713917494,0.02663358859717846,1.8116159439086914,0.0016782369930297136,0.001679581357166171,0.04031556099653244,0.9797706604003906
8000,6,0.026052124798297882,0.0013644539285451174,0.024687670171260834,1.805438756942749,0.0010856857988983393,0.0010853710118681192,0.03725037723779678,0.9817475080490112
8050,6,0.029328351840376854,0.0011969127226620913,0.02813143841922283,1.8372278213500977,0.0011993448715656996,0.0011989863123744726,0.040912821888923645,0.9806125164031982
8100,6,0.02434135228395462,0.0013699671253561974,0.02297138422727585,1.8009250164031982,0.0010235640220344067,0.0010227661114186049,0.03539230674505234,0.9794899821281433
8150,6,0.024876181036233902,0.0013106698170304298,0.023565510287880898,1.7948074340820312,0.001001675147563219,0.001001154538244009,0.03585305064916611,0.9801189303398132
8200,6,0.02339012548327446,0.0011547658359631896,0.022235359996557236,1.6118576526641846,0.0011441451497375965,0.0011430609738454223,0.03373662009835243,0.9798101782798767
8250,6,0.026248935610055923,0.0012335582869127393,0.02501537650823593,1.8409528732299805,0.0012237948831170797,0.0012225304963067174,0.03790002316236496,0.9804015159606934
8300,6,0.026945704594254494,0.0014078880194574594,0.025537816807627678,1.7986586093902588,0.0012366739101707935,0.0012351253535598516,0.03841079771518707,0.979756772518158
8350,6,0.025941982865333557,0.001596455811522901,0.024345526471734047,1.860996961593628,0.0011915706563740969,0.0011953795328736305,0.03763391822576523,0.9776270389556885
8400,6,0.026274459436535835,0.0011597380507737398,0.025114720687270164,1.8019613027572632,0.0012815402587875724,0.001291221589781344,0.03785702586174011,0.9793001413345337
8450,6,0.024871107190847397,0.0011723216157406569,0.02369878627359867,1.9464356899261475,0.0012621335918083787,0.001262944657355547,0.03712836652994156,0.9804898500442505
8500,6,0.025024304166436195,0.0010750822257250547,0.02394922263920307,1.8792816400527954,0.001322351861745119,0.0013117236085236073,0.03705478832125664,0.9794297218322754
8550,6,0.02526933327317238,0.0013105646939948201,0.02395876869559288,1.8530290126800537,0.000999881187453866,0.0010094314347952604,0.03654379025101662,0.9802594780921936
8600,6,0.025611592456698418,0.0011832844465970993,0.02442830801010132,1.806105375289917,0.0010526099940761924,0.0010497909970581532,0.03674452006816864,0.9799959659576416
8650,6,0.025316892191767693,0.0011472087353467941,0.0241696834564209,1.7772918939590454,0.0011930587934330106,0.001190424314700067,0.036586832255125046,0.9805101156234741
8700,6,0.025103168562054634,0.0011500339023768902,0.023953134194016457,1.8337490558624268,0.0008667876245453954,0.0008657005964778364,0.03600440174341202,0.9786876440048218
8750,6,0.02511482872068882,0.0011074612848460674,0.024007366970181465,1.767221450805664,0.0009403080912306905,0.0009393931250087917,0.03583063557744026,0.9790400266647339
8800,6,0.025182384997606277,0.0010187029838562012,0.024163682013750076,1.9073430299758911,0.0013416720321401954,0.0013437963789328933,0.03740457072854042,0.9792662858963013
8850,6,0.02561679296195507,0.0015902034938335419,0.02402658946812153,1.7104272842407227,0.001155860722064972,0.0011575435055419803,0.03648233413696289,0.9796332120895386
8900,6,0.025777408853173256,0.0017470545135438442,0.024030353873968124,1.7805614471435547,0.0012173911090940237,0.001214260351844132,0.03711187094449997,0.979041576385498
8950,6,0.02729766257107258,0.001444433000870049,0.02585322968661785,1.814910650253296,0.0012259960640221834,0.0012226162943989038,0.03882082551717758,0.9802332520484924
9000,6,0.02439211495220661,0.0011770603014156222,0.023215055465698242,1.78263258934021,0.0013635869836434722,0.001360198250040412,0.036029063165187836,0.9769887924194336
9050,6,0.024484360590577126,0.001238687545992434,0.0232456736266613,1.8951060771942139,0.0010101275984197855,0.0010070456191897392,0.035977065563201904,0.979432225227356
9100,6,0.026408128440380096,0.0013305527390912175,0.0250775758177042,1.715759038925171,0.0012426164466887712,0.0012419100385159254,0.03747145086526871,0.9800645709037781
9150,6,0.025644514709711075,0.0012446737382560968,0.02439984120428562,1.8271145820617676,0.0009147405507974327,0.000913573894649744,0.03660840168595314,0.9802320003509521
9200,6,0.027123643085360527,0.0012949984520673752,0.025828644633293152,1.8792214393615723,0.0011214565020054579,0.0011212839744985104,0.03876249119639397,0.9790772199630737
9250,7,0.025035245344042778,0.0011425899574533105,0.023892655968666077,1.791743278503418,0.0009378273971378803,0.0009354683570563793,0.03586725518107414,0.9810973405838013
9300,7,0.02510581910610199,0.001393248327076435,0.02371256984770298,1.8104331493377686,0.0009299758821725845,0.0009316696086898446,0.03601963073015213,0.9805581569671631
9350,7,0.024628130719065666,0.0011735111474990845,0.02345461957156658,1.6773673295974731,0.0009149107499979436,0.0009137753513641655,0.034843653440475464,0.9803568124771118
9400,7,0.027118926867842674,0.0012517704162746668,0.02586715668439865,1.7334074974060059,0.001210953458212316,0.0012089554220438004,0.03820587322115898,0.9805534482002258
9450,7,0.02498805895447731,0.0011574581731110811,0.023830600082874298,1.8466800451278687,0.001172456657513976,0.0011745180236175656,0.03656843304634094,0.980624794960022
9500,7,0.02511683665215969,0.0011265587527304888,0.02399027720093727,1.7324776649475098,0.0009170214761979878,0.0009152675047516823,0.03561151400208473,0.9813605546951294
9550,7,0.026951299980282784,0.0014993782388046384,0.025451920926570892,1.8699893951416016,0.00101377977989614,0.0010105723049491644,0.03832560032606125,0.9804596900939941
9600,7,0.027247654274106026,0.001502473372966051,0.025745181366801262,1.867933750152588,0.0012647518888115883,0.0012635810999199748,0.03911565616726875,0.9815496206283569
9650,7,0.026301059871912003,0.0012205562088638544,0.025080503895878792,1.8217320442199707,0.0013546459376811981,0.0013519753701984882,0.03811633959412575,0.9799965620040894
9700,7,0.025418628007173538,0.001170407049357891,0.024248220026493073,1.7902328968048096,0.0011319071054458618,0.0011352284345775843,0.03663692995905876,0.9778430461883545
9750,7,0.024755200371146202,0.001074181403964758,0.023681018501520157,1.7017974853515625,0.0008412781171500683,0.0008406596025452018,0.034946125000715256,0.9804236888885498
9800,7,0.02661862038075924,0.0010832379339262843,0.025535382330417633,1.7777583599090576,0.0010506757535040379,0.0010490124113857746,0.0376070998609066,0.9814548492431641
9850,7,0.024724964052438736,0.0012029230128973722,0.023522041738033295,1.7370822429656982,0.0009347521699965,0.0009326417930424213,0.03527776896953583,0.9818905591964722
9900,7,0.024227173998951912,0.0011046866420656443,0.02312248758971691,1.82053804397583,0.000993511639535427,0.00099110696464777,0.03531448170542717,0.9820370674133301
9950,7,0.025501511991024017,0.0013459853362292051,0.024155527353286743,1.7325674295425415,0.0009343932033516467,0.0009337335359305143,0.03603247180581093,0.9817227721214294
10000,7,0.025265943259000778,0.0011100777192041278,0.024155866354703903,1.6035847663879395,0.0009422790608368814,0.0009413412190042436,0.03516748547554016,0.9808244705200195
10050,7,0.02399849332869053,0.0010688032489269972,0.022929690778255463,1.7467613220214844,0.0010837586596608162,0.0010810092790052295,0.03489706665277481,0.9821640253067017
10100,7,0.028859350830316544,0.0013987640850245953,0.02746058627963066,1.7642159461975098,0.0011253146221861243,0.001133067300543189,0.03993881493806839,0.9811439514160156
10150,7,0.024094002321362495,0.0011358591727912426,0.022958142682909966,1.7889626026153564,0.000941592501476407,0.00093979446683079,0.03492020443081856,0.9805174469947815
10200,7,0.024263739585876465,0.0012056034756824374,0.02305813692510128,1.7547593116760254,0.0008718926692381501,0.0008771752472966909,0.03478660434484482,0.9818884134292603
10250,7,0.02447531372308731,0.001120291999541223,0.023355022072792053,1.6630562543869019,0.0011898239608854055,0.0011824988760054111,0.03516291826963425,0.9814718961715698
10300,7,0.023653341457247734,0.001012464170344174,0.022640876471996307,1.6704978942871094,0.0008525594021193683,0.000846145092509687,0.03370453417301178,0.9821551442146301
10350,7,0.024937715381383896,0.001016019843518734,0.023921696469187737,1.81424880027771,0.0011804727837443352,0.0011723348870873451,0.03636176511645317,0.9807943105697632
10400,7,0.025305256247520447,0.001236948068253696,0.024068308994174004,1.7367944717407227,0.0010763853788375854,0.0010699540143832564,0.03613556921482086,0.9824466109275818
10450,7,0.023272741585969925,0.0010008056415244937,0.022271936759352684,1.857647180557251,0.0009499206207692623,0.0009528202936053276,0.03446371853351593,0.9823374152183533
10500,7,0.02392263524234295,0.0009948451770469546,0.022927790880203247,1.6849240064620972,0.0013804337941110134,0.0013824196066707373,0.03511010855436325,0.9814550280570984
10550,7,0.02430720441043377,0.0011947735911235213,0.023112431168556213,1.713415265083313,0.0010943938978016376,0.0010888052638620138,0.03505747765302658,0.9830152988433838
10600,7,0.02474486082792282,0.001064368523657322,0.023680493235588074,1.6112700700759888,0.0008961687562987208,0.0008982423460111022,0.03459562361240387,0.9823770523071289
10650,7,0.025726106017827988,0.0011114113731309772,0.024614695459604263,1.7080882787704468,0.0010668301256373525,0.0010679810075089335,0.036401357501745224,0.983156144618988
10700,7,0.024597031995654106,0.000970898661762476,0.023626133799552917,1.6228268146514893,0.0011490925680845976,0.001150387804955244,0.035010647028684616,0.9835750460624695
10750,8,0.02660633809864521,0.001423667767085135,0.02518266998231411,1.6517035961151123,0.0011766930110752583,0.001177662517875433,0.03721921145915985,0.9819438457489014
10800,8,0.023537462577223778,0.0009762257686816156,0.02256123721599579,1.6693331003189087,0.0009013610542751849,0.0008932367200031877,0.033678725361824036,0.9823039770126343
10850,8,0.027448313310742378,0.0011483824346214533,0.02629993110895157,1.6845998764038086,0.0009089646628126502,0.0009148158715106547,0.03769509121775627,0.9824089407920837
10900,8,0.024112848564982414,0.0011090314947068691,0.023003816604614258,1.7318382263183594,0.0009757328080013394,0.0009796819649636745,0.03472745418548584,0.9825758934020996
10950,8,0.024596545845270157,0.0010278461268171668,0.02356869913637638,1.751065969467163,0.0010725625324994326,0.0010721611324697733,0.03549659997224808,0.9826457500457764
11000,8,0.025461245328187943,0.0011625702027231455,0.02429867535829544,1.7221851348876953,0.0008592722588218749,0.0008541812421754003,0.035785626620054245,0.983449399471283
11050,8,0.02345437742769718,0.0009607189567759633,0.02249365858733654,1.6742374897003174,0.000874035176821053,0.0008749738335609436,0.03357457369565964,0.9818453788757324
11100,8,0.023660888895392418,0.0010391372488811612,0.022621750831604004,1.5474992990493774,0.0008693844429217279,0.0008641124586574733,0.033131882548332214,0.9839049577713013
11150,8,0.02414795383810997,0.0010331585071980953,0.023114794865250587,1.739999532699585,0.001091847661882639,0.0010890227276831865,0.03502882272005081,0.9839171171188354
11200,8,0.025272324681282043,0.0009799679974094033,0.02429235726594925,1.670981764793396,0.0009729746961966157,0.0009731049067340791,0.035573314875364304,0.9824390411376953
11250,8,0.02385389804840088,0.0011189477518200874,0.022734949365258217,1.7896032333374023,0.0009233896271325648,0.0009219892090186477,0.034647293388843536,0.9840117692947388
11300,8,0.025054704397916794,0.0011261204490438104,0.023928584530949593,1.6618132591247559,0.0010515009053051472,0.001048587029799819,0.035463858395814896,0.983188271522522
11350,8,0.02699836529791355,0.0011098962277173996,0.02588846907019615,1.745520830154419,0.0012789082247763872,0.0012740845559164882,0.038278963416814804,0.9838860630989075
11400,8,0.02581239677965641,0.001305951620452106,0.024506445974111557,1.6286594867706299,0.0010587581200525165,0.00105800642631948,0.03607245907187462,0.984265923500061
11450,8,0.024937914684414864,0.0009823411237448454,0.02395557425916195,1.7031381130218506,0.0010590479942038655,0.0010598443914204836,0.03557249903678894,0.9833667874336243
11500,8,0.024870961904525757,0.0009738340741023421,0.02389712817966938,1.741161823272705,0.0010681361891329288,0.001065861782990396,0.03571077063679695,0.9810927510261536
11550,8,0.02546875551342964,0.001108179334551096,0.024360576644539833,1.709739327430725,0.00120352185331285,0.0012000289279967546,0.036421000957489014,0.9821333289146423
11600,8,0.024491535499691963,0.0008652206743136048,0.023626314476132393,1.7101479768753052,0.0008796439506113529,0.0008806453552097082,0.03480256348848343,0.9829919338226318
11650,8,0.02264247089624405,0.0008772420696914196,0.021765228360891342,1.756420612335205,0.0010590872261673212,0.0010627326555550098,0.03354639559984207,0.9828993082046509
11700,8,0.02462688647210598,0.0009659593342803419,0.023660928010940552,1.7221248149871826,0.0008254266576841474,0.0008223574259318411,0.03488529473543167,0.9851719737052917
11750,8,0.023594720289111137,0.0009355760994367301,0.022659143432974815,1.6830039024353027,0.0008904069545678794,0.0008878875523805618,0.033788032829761505,0.984318733215332
11800,8,0.025542311370372772,0.0009636636823415756,0.024578647688031197,1.6808505058288574,0.0008582859300076962,0.0008580950088799,0.035662941634655,0.9846453070640564
11850,8,0.02563714236021042,0.0010476853931322694,0.024589456617832184,1.6416008472442627,0.001029868028126657,0.0010316451080143452,0.035906657576560974,0.9838173389434814
11900,8,0.02455570362508297,0.0009096530266106129,0.023646051064133644,1.6399543285369873,0.0009828965412452817,0.000985331367701292,0.03472370281815529,0.9837779998779297
11950,8,0.02434883639216423,0.0009160039480775595,0.023432832211256027,1.618617057800293,0.0006476240232586861,0.0006471953820437193,0.03373673930764198,0.9844120740890503
12000,8,0.02472839504480362,0.0008689585374668241,0.023859435692429543,1.6430960893630981,0.0009004987077787519,0.000899235368706286,0.03474360704421997,0.9842637777328491
12050,8,0.024223994463682175,0.0007984739495441318,0.023425521329045296,1.6393322944641113,0.0006750274915248156,0.0006744108395650983,0.03377009555697441,0.9841551780700684
12100,8,0.025312867015600204,0.0012299638474360108,0.024082902818918228,1.798547387123108,0.001152721932157874,0.0011540858540683985,0.036612410098314285,0.9842227697372437
12150,8,0.024201788008213043,0.00112288782838732,0.023078899830579758,1.6306976079940796,0.0007058191113173962,0.0007093467283993959,0.03377044200897217,0.9837830066680908
12200,8,0.025539977476000786,0.0010937221813946962,0.02444625459611416,1.864382266998291,0.0008992425864562392,0.0009021495934575796,0.03666328266263008,0.9842875003814697
12250,8,0.02507776953279972,0.0010621591936796904,0.02401561103761196,1.8086491823196411,0.0008258834714069963,0.0008269138634204865,0.035773809999227524,0.9844577312469482
12300,9,0.023176468908786774,0.0007993123144842684,0.02237715572118759,1.7603480815887451,0.0010208352468907833,0.0010129697620868683,0.03401201218366623,0.984216570854187
12350,9,0.023792758584022522,0.0010156058706343174,0.022777153179049492,1.7748574018478394,0.0010732132941484451,0.0010728072375059128,0.03481306508183479,0.9842916131019592
12400,9,0.02600286900997162,0.0009456732077524066,0.025057196617126465,1.6955609321594238,0.0007491570431739092,0.0007482038345187902,0.035978034138679504,0.9848870038986206
12450,9,0.02731328085064888,0.0011904108105227351,0.026122869923710823,1.6267030239105225,0.001040719565935433,0.0010440456680953503,0.03753156214952469,0.9850890040397644
12500,9,0.025432946160435677,0.0010382101172581315,0.02439473569393158,1.5643842220306396,0.001023925025947392,0.0010216293158009648,0.035300422459840775,0.986168622970581
12550,9,0.025359610095620155,0.0007236222154460847,0.024635987356305122,1.6780359745025635,0.0008555924869142473,0.0008480183896608651,0.03545340150594711,0.9842021465301514
12600,9,0.024373002350330353,0.000918784411624074,0.023454217240214348,1.5665621757507324,0.000703680794686079,0.0007041880744509399,0.03361368179321289,0.9843392968177795
12650,9,0.024539649486541748,0.0009955093264579773,0.02354414016008377,1.6952338218688965,0.0011818562634289265,0.0011780852219089866,0.03537575900554657,0.9841409921646118
12700,9,0.024984952062368393,0.0009516640566289425,0.024033287540078163,1.7077934741973877,0.0009648934355936944,0.0009649916319176555,0.03545380383729935,0.9836405515670776
12750,9,0.025420423597097397,0.0011434473562985659,0.0242769755423069,1.737217903137207,0.0009066048078238964,0.0009086510399356484,0.035921767354011536,0.9832372069358826
12800,9,0.023813465610146523,0.0010417953599244356,0.022771669551730156,1.6715211868286133,0.0008398843929171562,0.0008400017395615578,0.033850956708192825,0.9847350120544434
12850,9,0.023059826344251633,0.0010333707323297858,0.022026455029845238,1.7234134674072266,0.0008107096655294299,0.0008116299286484718,0.03329923003911972,0.9852961897850037
12900,9,0.025440338999032974,0.0011432170867919922,0.024297121912240982,1.7134653329849243,0.0007473836885765195,0.0007483619265258312,0.035503409802913666,0.9860405921936035
12950,9,0.025004439055919647,0.0009248097194358706,0.02407963015139103,1.5283441543579102,0.0008337035542353988,0.0008402096573263407,0.03432007506489754,0.9843326807022095
13000,9,0.02515259012579918,0.0011903602862730622,0.02396222949028015,1.6182736158370972,0.0009633635636419058,0.0009587754611857235,0.035166095942258835,0.9855769872665405
13050,9,0.025503190234303474,0.0010067461989820004,0.024496443569660187,1.669555425643921,0.0008220984600484371,0.0008216411806643009,0.03549470752477646,0.9860219955444336
13100,9,0.02519850991666317,0.0011014898773282766,0.02409701980650425,1.6422629356384277,0.000824277987703681,0.0008230017265304923,0.035057105123996735,0.9852625131607056
13150,9,0.02473609708249569,0.0008928359020501375,0.02384326048195362,1.6696135997772217,0.0007125232368707657,0.0007097668130882084,0.034506455063819885,0.984552264213562
13200,9,0.024309642612934113,0.0013096448965370655,0.022999998182058334,1.6696956157684326,0.0008648932562209666,0.0008624930051155388,0.03438550978899002,0.9851073026657104
13250,9,0.029249465093016624,0.001233524875715375,0.02801593951880932,1.6718671321868896,0.0010609884047880769,0.0010583598632365465,0.03972814977169037,0.985297441482544
13300,9,0.028664181008934975,0.0009643863886594772,0.027699794620275497,1.6289653778076172,0.0008046172442846,0.0007991287857294083,0.038412753492593765,0.9881560802459717
13350,9,0.02433047629892826,0.0008474324713461101,0.023483043536543846,1.6856944561004639,0.0009307439904659986,0.0009311026660725474,0.03462079539895058,0.9863823652267456
13400,9,0.02602807804942131,0.0009752550977282226,0.02505282312631607,1.7013132572174072,0.0008999899146147072,0.0008990360656753182,0.03633366897702217,0.985383152961731
13450,9,0.02507694624364376,0.0009652749868109822,0.0241116713732481,1.6035444736480713,0.0006594161386601627,0.000657636031974107,0.03441172093153,0.9866270422935486
13500,9,0.02517484873533249,0.0010549675207585096,0.02411988191306591,1.656195878982544,0.0008160999277606606,0.0008121255086734891,0.03508405014872551,0.9857075214385986
13550,9,0.02477903850376606,0.0012050062650814652,0.02357403188943863,1.6879502534866333,0.000823724374640733,0.000823574373498559,0.0348660871386528,0.9862817525863647
13600,9,0.02569589763879776,0.0011026193387806416,0.024593278765678406,1.5995242595672607,0.0007708823541179299,0.0007710313657298684,0.03523543104529381,0.986613392829895
13650,9,0.025411298498511314,0.0008997091790661216,0.024511588737368584,1.6111524105072021,0.0011077035451307893,0.0011036195792257786,0.03567838668823242,0.9861345887184143
13700,9,0.024297939613461494,0.0008646598435007036,0.023433279246091843,1.6103167533874512,0.0008081934647634625,0.0008072273340076208,0.03396494314074516,0.9860049486160278
13750,9,0.027551094070076942,0.0009296025382354856,0.026621490716934204,1.5622413158416748,0.0008775746682658792,0.0008754117880016565,0.03711528703570366,0.9860543608665466
13800,9,0.024785136803984642,0.0009412149665877223,0.023843921720981598,1.6467126607894897,0.0008557654218748212,0.0008570741629227996,0.03473154082894325,0.9875878095626831
13850,10,0.02338229864835739,0.0008339468040503561,0.02254835143685341,1.7134408950805664,0.0008220824529416859,0.0008199629955925047,0.03359154984354973,0.9863112568855286
13900,10,0.024644941091537476,0.0007764760521240532,0.023868465796113014,1.6483126878738403,0.0008646460482850671,0.0008627347415313125,0.03461388498544693,0.9870462417602539
13950,10,0.02558562532067299,0.000999924261122942,0.024585701525211334,1.6701991558074951,0.0009695091866888106,0.0009664143435657024,0.03587254136800766,0.9854772090911865
14000,10,0.025226302444934845,0.0010947480332106352,0.02413155511021614,1.5652391910552979,0.0010781462769955397,0.0010768354404717684,0.03520748019218445,0.9857760667800903
14050,10,0.027200372889637947,0.000970200402662158,0.02623017318546772,1.5849614143371582,0.0007729927310720086,0.0007700579590164125,0.03666823357343674,0.9866732358932495
14100,10,0.02533021941781044,0.0009701949893496931,0.02436002530157566,1.609349012374878,0.0012327791191637516,0.001232136506587267,0.03584188222885132,0.9859355688095093
14150,10,0.024161886423826218,0.000894107564818114,0.023267779499292374,1.644065499305725,0.0009271387243643403,0.0009231366566382349,0.0342324897646904,0.986980676651001
14200,10,0.02553529292345047,0.0009400027920491993,0.024595290422439575,1.6765403747558594,0.0009178781183436513,0.000919742975383997,0.035755615681409836,0.9863806366920471
14250,10,0.02651122212409973,0.0009593426366336644,0.02555187977850437,1.6312230825424194,0.0006182793295010924,0.0006184333469718695,0.03590404987335205,0.986496090888977
14300,10,0.023971714079380035,0.0011406642151996493,0.02283105067908764,1.6948015689849854,0.0007779638981446624,0.000781217881012708,0.034004904329776764,0.985101044178009
14350,10,0.024883367121219635,0.0008645776542834938,0.02401878871023655,1.546534538269043,0.0008454981143586338,0.000846579612698406,0.03430812060832977,0.9862321615219116
14400,10,0.024895569309592247,0.0009648175328038633,0.023930752649903297,1.670031189918518,0.0007247673929668963,0.0007260977290570736,0.03469659015536308,0.9874545335769653
14450,10,0.024710267782211304,0.000876043108291924,0.0238342247903347,1.735490322113037,0.0007295269169844687,0.0007315482944250107,0.03484879434108734,0.9878493547439575
14500,10,0.024602938443422318,0.0008080222178250551,0.02379491552710533,1.5041171312332153,0.0008629485382698476,0.0008610282675363123,0.03384750336408615,0.9864755272865295
14550,10,0.025429382920265198,0.001021792646497488,0.024407589808106422,1.602059245109558,0.0008722778875380754,0.0008716291631571949,0.035183586180210114,0.9857982397079468
14600,10,0.02349957451224327,0.0009386021411046386,0.022560972720384598,1.5981487035751343,0.0008405389962717891,0.000841399363707751,0.033172257244586945,0.987393856048584
14650,10,0.026314150542020798,0.0009859392885118723,0.02532821148633957,1.5560357570648193,0.0010317717678844929,0.0010312343947589397,0.036157336086034775,0.9863077402114868
14700,10,0.027318568900227547,0.0009660613723099232,0.02635250799357891,1.6341140270233154,0.0009355314541608095,0.0009351780172437429,0.037359848618507385,0.9877132773399353
14750,10,0.026032421737909317,0.0010241040727123618,0.025008317083120346,1.6774654388427734,0.0008950596093200147,0.0008907717419788241,0.03620557859539986,0.9887937307357788
14800,10,0.027099905535578728,0.00112885981798172,0.025971045717597008,1.5778172016143799,0.000900575309060514,0.0009039288852363825,0.03679349645972252,0.9882771372795105
14850,10,0.02562154456973076,0.0009717849898152053,0.024649759754538536,1.5481724739074707,0.0008772744331508875,0.0008786034304648638,0.035118285566568375,0.9883383512496948
14900,10,0.025335684418678284,0.000949683366343379,0.024386001750826836,1.6785557270050049,0.0007507579866796732,0.0007544298423454165,0.03523365035653114,0.9877151846885681
14950,10,0.027489809319376945,0.0010011718841269612,0.026488637551665306,1.590517282485962,0.0007761461893096566,0.0007761705201119184,0.03699471428990364,0.9882442355155945
15000,10,0.025703424587845802,0.001099894056096673,0.024603530764579773,1.6900205612182617,0.0006578796310350299,0.000654730130918324,0.035466138273477554,0.9880674481391907
15050,10,0.02468498796224594,0.000825985218398273,0.02385900355875492,1.6493674516677856,0.0007104449905455112,0.0007068196428008378,0.03434909135103226,0.9862548112869263
15100,10,0.026221930980682373,0.0010381387546658516,0.025183793157339096,1.6148632764816284,0.0009164424263872206,0.0009152304846793413,0.03612792119383812,0.9875898361206055
15150,10,0.02752414532005787,0.00106833316385746,0.02645581215620041,1.6176457405090332,0.00084658432751894,0.0008457450894638896,0.037304703146219254,0.9862419366836548
15200,10,0.025745872408151627,0.0009513367549516261,0.02479453571140766,1.7398792505264282,0.0008666433859616518,0.0008641136228106916,0.03617602586746216,0.9871253967285156
15250,10,0.026869721710681915,0.001153361750766635,0.02571636065840721,1.5881167650222778,0.0008438731892965734,0.0008494019275531173,0.03650357946753502,0.9863208532333374
15300,10,0.025056304410099983,0.0008113830699585378,0.024244921281933784,1.6699298620224,0.0007151841418817639,0.0007144828559830785,0.03483561798930168,0.9885299205780029
15350,11,0.025519125163555145,0.0011343336664140224,0.024384791031479836,1.6421860456466675,0.0010102728847414255,0.0010075208265334368,0.03574784845113754,0.9876900911331177
15400,11,0.02488366700708866,0.0010133187752217054,0.023870348930358887,1.5860264301300049,0.0009331760229542851,0.0009270061273127794,0.03467398136854172,0.9881702065467834
15450,11,0.026793183758854866,0.0010461306665092707,0.02574705332517624,1.6261167526245117,0.000848541734740138,0.0008454797207377851,0.036617789417505264,0.9879502654075623
15500,11,0.024159103631973267,0.0009170142002403736,0.02324208989739418,1.6122407913208008,0.0007761334418319166,0.0007742937887087464,0.033770736306905746,0.9877840280532837
15550,11,0.023853596299886703,0.0008709101821295917,0.022982686758041382,1.5601437091827393,0.0007458622567355633,0.0007430262630805373,0.03314319998025894,0.9871494770050049
15600,11,0.023773077875375748,0.0009122585179284215,0.022860819473862648,1.5589057207107544,0.0007714140228927135,0.0007708717603236437,0.033109892159700394,0.9872591495513916
15650,11,0.027337316423654556,0.0009146096999756992,0.026422707363963127,1.644403100013733,0.0007289560744538903,0.0007245930610224605,0.03701288253068924,0.9878636598587036
15700,11,0.02440234087407589,0.0008969648624770343,0.023505376651883125,1.672993540763855,0.0008396993507631123,0.0008381701190955937,0.034445177763700485,0.9882937073707581
15750,11,0.024492835626006126,0.0009588653920218349,0.02353397011756897,1.7085741758346558,0.0007183266570791602,0.0007184061105363071,0.03447243943810463,0.9883264303207397
15800,11,0.025409627705812454,0.0010533906752243638,0.024356236681342125,1.6034777164459229,0.0009466213523410261,0.0009477242711000144,0.03532136231660843,0.9889147281646729
15850,11,0.024976495653390884,0.0009019628632813692,0.024074532091617584,1.5371311902999878,0.0008453108603134751,0.0008440151577815413,0.03435147926211357,0.9881318807601929
15900,11,0.02582346275448799,0.0008193629328161478,0.025004100054502487,1.472138524055481,0.0006506292847916484,0.000650630216114223,0.03448541462421417,0.9880117177963257
15950,11,0.02441335655748844,0.0009522121981717646,0.023461144417524338,1.556506633758545,0.0007910566637292504,0.0007888533873483539,0.033775798976421356,0.9881500601768494
16000,11,0.026502853259444237,0.000955386902205646,0.025547467172145844,1.4899085760116577,0.0007308511412702501,0.0007262884173542261,0.035409536212682724,0.9884171485900879
16050,11,0.02744310349225998,0.0010867295786738396,0.026356374844908714,1.6117297410964966,0.0009042102610692382,0.0009014895185828209,0.03730745241045952,0.9879652261734009
16100,11,0.027508530765771866,0.0009860144928097725,0.026522517204284668,1.650161623954773,0.0007726417388767004,0.0007744145696051419,0.037306394428014755,0.989786684513092
16150,11,0.02722238190472126,0.0010443574283272028,0.0261780247092247,1.491034984588623,0.0009023572783917189,0.0008998601697385311,0.03647977486252785,0.9886850714683533
16200,11,0.024141227826476097,0.0007710370700806379,0.02337019145488739,1.7547141313552856,0.0008614890975877643,0.0008588710334151983,0.034635160118341446,0.9876389503479004
16250,11,0.024552486836910248,0.0009411829523742199,0.02361130341887474,1.627655267715454,0.0007303236634470522,0.0007311360677704215,0.03415222465991974,0.98927241563797
16300,11,0.02529275044798851,0.0010088346898555756,0.024283915758132935,1.6480011940002441,0.000801535788923502,0.000803378236014396,0.03513767197728157,0.9880627989768982
16350,11,0.024628493934869766,0.0009565333602949977,0.023671960458159447,1.5861060619354248,0.0007099169306457043,0.0007057143375277519,0.03397465497255325,0.9888641834259033
16400,11,0.02589728869497776,0.0009116820292547345,0.024985605850815773,1.5865801572799683,0.0007864126237109303,0.0007888318505138159,0.03540543094277382,0.9881563186645508
16450,11,0.023944856598973274,0.0009005659958347678,0.023044290021061897,1.55096435546875,0.0007959410431794822,0.0007964680553413928,0.03329208865761757,0.9886173009872437
16500,11,0.024565715342760086,0.0009216148755513132,0.0236441008746624,1.7136917114257812,0.0006327774608507752,0.0006301895482465625,0.03439714014530182,0.9899054169654846
16550,11,0.023696942254900932,0.0007040163618512452,0.022992925718426704,1.4970488548278809,0.0007166382856667042,0.0007147172000259161,0.032613541930913925,0.9874071478843689
16600,11,0.027320621535182,0.0009388538310304284,0.02638176828622818,1.5250790119171143,0.0007895819144323468,0.0007850994006730616,0.03652069717645645,0.9881176948547363
16650,11,0.027559729292988777,0.001006862847134471,0.026552867144346237,1.5076438188552856,0.0008567423210479319,0.0008488844032399356,0.03680357709527016,0.989152193069458
16700,11,0.028079750016331673,0.0009616186143830419,0.027118131518363953,1.598073959350586,0.0008671190589666367,0.0008642383036203682,0.03780147805809975,0.9886253476142883
16750,11,0.026950353756546974,0.0010688634356483817,0.025881489738821983,1.7876919507980347,0.0011425258126109838,0.0011397985508665442,0.03817113861441612,0.9895625114440918
16800,11,0.028789933770895004,0.0010934635065495968,0.02769646979868412,1.7116360664367676,0.0009657625341787934,0.0009699075017124414,0.03928378224372864,0.9896640777587891
16850,11,0.026965511962771416,0.0011540334671735764,0.02581147849559784,1.6402592658996582,0.0008904513088054955,0.0008972585201263428,0.03695451840758324,0.9897786974906921
16900,12,0.025620106607675552,0.0009418621193617582,0.024678245186805725,1.6960327625274658,0.000996955786831677,0.0009969347156584263,0.03609416261315346,0.9883269667625427
16950,12,0.026644697412848473,0.0009496996644884348,0.02569499798119068,1.6584055423736572,0.0008864999981597066,0.0008845406118780375,0.036707766354084015,0.9888914227485657
17000,12,0.024418732151389122,0.000823449227027595,0.023595282807946205,1.7369251251220703,0.0007195908110588789,0.0007206812151707709,0.03454362973570824,0.9906871914863586
17050,12,0.02606513723731041,0.0009490831871517003,0.025116054341197014,1.7406058311462402,0.0008712411508895457,0.0008732916321605444,0.036512695252895355,0.9912002086639404
17100,12,0.026129931211471558,0.0009176554158329964,0.025212276726961136,1.5671663284301758,0.0006645502289757133,0.0006676423945464194,0.03529795631766319,0.9902588129043579
17150,12,0.02803056500852108,0.0010033181170001626,0.027027247473597527,1.6017811298370361,0.0008806390687823296,0.0008743125363253057,0.03779442235827446,0.9896116256713867
17200,12,0.024377182126045227,0.0008856231579557061,0.02349155955016613,1.6266950368881226,0.000762699288316071,0.0007601094548590481,0.03403346613049507,0.9902994632720947
17250,12,0.026155736297369003,0.0008693241397850215,0.025286411866545677,1.7210949659347534,0.0008579391869716346,0.000861785956658423,0.03648093715310097,0.9891266822814941
17300,12,0.024073954671621323,0.0008336197352036834,0.023240335285663605,1.613792896270752,0.0006851424113847315,0.0006787222810089588,0.033506784588098526,0.988605797290802
17350,12,0.024462714791297913,0.001003236509859562,0.023459479212760925,1.6102652549743652,0.0007001204648986459,0.0007005436345934868,0.033914707601070404,0.9916088581085205
17400,12,0.022144485265016556,0.0008754056179895997,0.02126907929778099,1.5618257522583008,0.000664791208691895,0.0006664997199550271,0.03128490597009659,0.990678071975708
17450,12,0.024790754541754723,0.0008563109440729022,0.023934444412589073,1.57560133934021,0.0006926347850821912,0.0006924840272404253,0.03405388072133064,0.9895884990692139
17500,12,0.02549591101706028,0.0008642585598863661,0.024631652981042862,1.6913307905197144,0.0007840729085728526,0.0007849816465750337,0.03552161902189255,0.9905766248703003
17550,12,0.02378058433532715,0.0009251997107639909,0.022855384275317192,1.6548819541931152,0.0007000525947660208,0.0007016294403001666,0.033456675708293915,0.9903144836425781
17600,12,0.02380026876926422,0.0009748010197654366,0.022825468331575394,1.630359172821045,0.0007065568934194744,0.00070509611396119,0.033363718539476395,0.9918545484542847
17650,12,0.025054074823856354,0.0010821452597156167,0.023971930146217346,1.6533355712890625,0.0008005453855730593,0.0008038327796384692,0.03492513298988342,0.9886548519134521
17700,12,0.026361944153904915,0.000947892724070698,0.025414051488041878,1.6288697719573975,0.0009487456409260631,0.0009441524161957204,0.03639918938279152,0.9903044700622559
17750,12,0.024215226992964745,0.0008833666215650737,0.023331860080361366,1.7571948766708374,0.000747186248190701,0.0007435461739078164,0.03449193015694618,0.9907038807868958
17800,12,0.02509617619216442,0.00103625503834337,0.024059921503067017,1.658433437347412,0.0009766464354470372,0.0009751752368174493,0.035340163856744766,0.9889270067214966
17850,12,0.025779563933610916,0.0009729732992127538,0.024806590750813484,1.6084063053131104,0.0007557691424153745,0.0007545195985585451,0.035331882536411285,0.9908867478370667
17900,12,0.024396643042564392,0.0008952851640060544,0.023501357063651085,1.6353873014450073,0.000740430667065084,0.0007392351981252432,0.034053247421979904,0.9910421967506409
17950,12,0.024755891412496567,0.0008879393571987748,0.023867951706051826,1.5373762845993042,0.0008374491007998586,0.000838344160001725,0.03411856293678284,0.9922167062759399
18000,12,0.026008229702711105,0.0010315424297004938,0.024976687505841255,1.7418248653411865,0.0008488627499900758,0.0008468795567750931,0.03641309589147568,0.9900169372558594
18050,12,0.024234062060713768,0.0007754965918138623,0.023458564653992653,1.5460307598114014,0.0009971490362659097,0.0010012879502028227,0.03396265208721161,0.9907184839248657
18100,12,0.02431817352771759,0.000928788329474628,0.023389386013150215,1.5615451335906982,0.0009103738702833652,0.0009024075698107481,0.033938679844141006,0.9910392165184021
18150,12,0.02563255839049816,0.0008938080864027143,0.024738749489188194,1.4916082620620728,0.0006840297719463706,0.0006849379278719425,0.034459564834833145,0.990117609500885
18200,12,0.02802535891532898,0.0010765191400423646,0.02694883942604065,1.5601402521133423,0.0008748781401664019,0.0008704373612999916,0.03757137805223465,0.9917718172073364
18250,12,0.022577906027436256,0.001065244898200035,0.02151266112923622,1.5750044584274292,0.000992731424048543,0.000986334285698831,0.03243199363350868,0.9908015131950378
18300,12,0.0252138152718544,0.0009872422087937593,0.02422657236456871,1.462636113166809,0.0007280160207301378,0.0007275448879227042,0.03398255631327629,0.9909543991088867
18350,12,0.02370291016995907,0.0008563069859519601,0.022846603766083717,1.6122992038726807,0.0008847978315316141,0.0008835109765641391,0.03353271633386612,0.9918255805969238
18400,12,0.024432551115751266,0.0008371146395802498,0.023595435544848442,1.5629212856292725,0.000844451249577105,0.0008390757720917463,0.03393068164587021,0.9912851452827454
18450,13,0.025185542181134224,0.0010113122407346964,0.02417423017323017,1.7453848123550415,0.0009194144513458014,0.0009228244889527559,0.03575470298528671,0.9898740649223328
18500,13,0.024941224604845047,0.0008308995747938752,0.024110324680805206,1.5407435894012451,0.00072874577017501,0.0007270092610269785,0.034100696444511414,0.9916349649429321
18550,13,0.0256811436265707,0.0009215528843924403,0.02475959062576294,1.5520480871200562,0.0009722152608446777,0.0009705488919280469,0.035384148359298706,0.991247832775116
18600,13,0.025769291445612907,0.0008555411477573216,0.02491375058889389,1.680422306060791,0.0008375653997063637,0.0008306814124807715,0.03583965077996254,0.9915034770965576
18650,13,0.0249857846647501,0.0007574172923341393,0.02422836795449257,1.628309965133667,0.000895869336090982,0.0008886532159522176,0.034911856055259705,0.9892829060554504
18700,13,0.024498028680682182,0.0009290563175454736,0.023568972945213318,1.535607099533081,0.0009168675169348717,0.000918511941563338,0.034011442214250565,0.9890298247337341
18750,13,0.027282726019620895,0.0009584572399035096,0.02632426843047142,1.4355535507202148,0.000841520435642451,0.0008403321262449026,0.036142345517873764,0.990959882736206
18800,13,0.027458010241389275,0.0010334730613976717,0.026424536481499672,1.6111985445022583,0.001001635449938476,0.0009955876739695668,0.037511229515075684,0.9919856190681458
18850,13,0.02561471238732338,0.0010080651845782995,0.024606646969914436,1.6136020421981812,0.000841744476929307,0.0008393247844651341,0.03536379337310791,0.9901708364486694
18900,13,0.02607947587966919,0.0009069135412573814,0.025172563269734383,1.5917832851409912,0.0007837428711354733,0.0007814316777512431,0.035603564232587814,0.9895787239074707
18950,13,0.024377964437007904,0.0008792274747975171,0.023498736321926117,1.6256825923919678,0.0009134989231824875,0.0009125057840719819,0.03433237969875336,0.9910308122634888
19000,13,0.023580297827720642,0.000703827477991581,0.022876469418406487,1.6063235998153687,0.0005988911725580692,0.0005945762386545539,0.03280538320541382,0.9905354976654053
19050,13,0.02428673580288887,0.0008122902945615351,0.023474445566534996,1.597867488861084,0.0006331203621812165,0.0006336589576676488,0.033542849123477936,0.9912870526313782
19100,13,0.023271799087524414,0.0007062736549414694,0.022565525025129318,1.5444902181625366,0.0005506655434146523,0.0005490324692800641,0.032093945890665054,0.9907678365707397
19150,13,0.02510845474898815,0.0008099608821794391,0.024298494681715965,1.5660666227340698,0.000827668933197856,0.0008212441462092102,0.03458769991993904,0.9913103580474854
19200,13,0.02313600853085518,0.0008076801896095276,0.02232832834124565,1.5998058319091797,0.0007304543978534639,0.0007297642296180129,0.032595254480838776,0.9916503429412842
19250,13,0.024502607062458992,0.0008931166958063841,0.02360949106514454,1.5816373825073242,0.0007930538267828524,0.0007930287392809987,0.03399687632918358,0.9911743998527527
19300,13,0.024596434086561203,0.0009379241964779794,0.02365851029753685,1.5678894519805908,0.000942314974963665,0.0009432334336452186,0.03432142734527588,0.9920445084571838
19350,13,0.022062646225094795,0.0006918999133631587,0.021370746195316315,1.6276319026947021,0.0008693967829458416,0.0008651787065900862,0.03193538263440132,0.990863025188446
19400,13,0.02461176924407482,0.000987103907391429,0.023624666035175323,1.5653913021087646,0.0007264787564054132,0.000728167942725122,0.03389337286353111,0.9891746044158936
19450,13,0.023519564419984818,0.0007230201736092567,0.022796545177698135,1.6772011518478394,0.0006527528166770935,0.0006471011438407004,0.03320542350411415,0.9904018640518188
19500,13,0.02299943007528782,0.0008755152812227607,0.02212391421198845,1.5886132717132568,0.0007122474489733577,0.0007100288639776409,0.03236477077007294,0.9919309020042419
19550,13,0.024327168241143227,0.0008871456957422197,0.02344002202153206,1.5601145029067993,0.0007018155883997679,0.0006970335962250829,0.03352659195661545,0.9907362461090088
19600,13,0.023687109351158142,0.0008669843664392829,0.02282012440264225,1.596400499343872,0.0006422497099265456,0.000645126448944211,0.03295648470520973,0.9914339780807495
19650,13,0.022975366562604904,0.0009202919900417328,0.02205507457256317,1.681429147720337,0.0008984559099189937,0.0008991464274004102,0.0331801138818264,0.9909565448760986
19700,13,0.025538474321365356,0.000869796727783978,0.024668676778674126,1.5842663049697876,0.0008502962300553918,0.0008506026351824403,0.03516070544719696,0.9911651611328125
19750,13,0.02492961473762989,0.0009822880383580923,0.023947326466441154,1.6327130794525146,0.0011011690367013216,0.0010984261753037572,0.03529277443885803,0.991240382194519
19800,13,0.025916945189237595,0.0008775730384513736,0.025039372965693474,1.46659517288208,0.0007853037095628679,0.0007824820932000875,0.03481770679354668,0.9906067252159119
19850,13,0.026901917532086372,0.0008988362969830632,0.02600308135151863,1.6199883222579956,0.0007957587367855012,0.0007932037697173655,0.0365908220410347,0.9913700222969055
19900,13,0.02581491507589817,0.000952357251662761,0.024862557649612427,1.752870798110962,0.0007949692662805319,0.0007934845052659512,0.03616772219538689,0.9922023415565491
19950,14,0.026613328605890274,0.0008554982487112284,0.02575783059000969,1.497082233428955,0.0006833287770859897,0.0006806288729421794,0.035462699830532074,0.9908767938613892
20000,14,0.024866919964551926,0.0008847380522638559,0.023982182145118713,1.5911316871643066,0.0007234566146507859,0.0007184349233284593,0.034264471381902695,0.9918968677520752
20050,14,0.023240355774760246,0.000769625068642199,0.022470731288194656,1.6944479942321777,0.0008113223593682051,0.0008058880921453238,0.033329807221889496,0.9912207126617432
20100,14,0.026875372976064682,0.0008578544948250055,0.02601751871407032,1.5903276205062866,0.0006661539664492011,0.0006649896968156099,0.03615815192461014,0.9912707209587097
20150,14,0.02462799847126007,0.0008276857552118599,0.023800313472747803,1.5412051677703857,0.0007249549380503595,0.0007295854156836867,0.03378856182098389,0.9897481799125671
20200,14,0.024784160777926445,0.0008831555605866015,0.02390100434422493,1.6359740495681763,0.0008413573959842324,0.0008405165281146765,0.03464590758085251,0.9893761873245239
20250,14,0.02364439144730568,0.0009386604651808739,0.02270573005080223,1.6254221200942993,0.0007255979580804706,0.0007245679153129458,0.03322166949510574,0.9903008937835693
20300,14,0.024042883887887,0.0007644748548045754,0.023278409615159035,1.5332094430923462,0.0006933019030839205,0.0006907423958182335,0.03309297561645508,0.9916741251945496
20350,14,0.0266650952398777,0.0010033139260485768,0.025661781430244446,1.493913173675537,0.0006936099962331355,0.0006937706493772566,0.035522039979696274,0.9923416972160339
20400,14,0.024248266592621803,0.0008648089715279639,0.023383457213640213,1.7224782705307007,0.0007472226861864328,0.0007457893807440996,0.03435366973280907,0.9902757406234741
20450,14,0.02448790706694126,0.0009030482615344226,0.02358485944569111,1.613209843635559,0.0007696675602346659,0.0007715447572991252,0.034095168113708496,0.9889203906059265
20500,14,0.023273177444934845,0.0008296990999951959,0.022443478927016258,1.4480798244476318,0.0005942714051343501,0.0005914901266805828,0.03169933706521988,0.9902079105377197
20550,14,0.02365516871213913,0.00084906374104321,0.02280610427260399,1.706824541091919,0.0008425882551819086,0.0008411896997131407,0.033873070031404495,0.9912886619567871
20600,14,0.023453708738088608,0.0008053085766732693,0.02264839969575405,1.6042474508285522,0.0007643834105692804,0.0007629843894392252,0.03300231695175171,0.9921121597290039
20650,14,0.023484358564019203,0.0008169042412191629,0.022667454555630684,1.6442617177963257,0.0008045384893193841,0.0008058622479438782,0.03331606835126877,0.9907321333885193
20700,14,0.022626418620347977,0.0009394147200509906,0.02168700471520424,1.579683780670166,0.0008332583820447326,0.0008388328133150935,0.032196931540966034,0.9923534989356995
20750,14,0.023036938160657883,0.000776315457187593,0.022260623052716255,1.6242746114730835,0.0006783637218177319,0.0006758937961421907,0.032512567937374115,0.991832971572876
20800,14,0.022733530029654503,0.00069190573412925,0.022041624411940575,1.570590853691101,0.0007300716824829578,0.0007295773830264807,0.032046135514974594,0.9906289577484131
20850,14,0.022948425263166428,0.0007274621166288853,0.02222096361219883,1.5724238157272339,0.0006221998482942581,0.000622219406068325,0.03205496445298195,0.9913146495819092
20900,14,0.023096151649951935,0.0008038021042011678,0.022292349487543106,1.592979073524475,0.0006303818081505597,0.0006294517079368234,0.03232087939977646,0.9922657012939453
20950,14,0.02456807717680931,0.000975380593445152,0.023592697456479073,1.49288010597229,0.0007235003868117929,0.0007233618525788188,0.03347934037446976,0.9909588694572449
21000,14,0.023241179063916206,0.0007684772135689855,0.022472701966762543,1.5465161800384521,0.000782175047788769,0.0007817684672772884,0.03253770247101784,0.9915222525596619
21050,14,0.024276679381728172,0.0009063068428076804,0.023370372131466866,1.624840497970581,0.0007026002276688814,0.0007022758945822716,0.033805761486291885,0.9905186295509338
21100,14,0.025864941999316216,0.0007690185448154807,0.025095922872424126,1.441917061805725,0.0007766213966533542,0.0007770729716867208,0.03462822362780571,0.9908398389816284
21150,14,0.024148033931851387,0.000855001388117671,0.023293033242225647,1.5958340167999268,0.0007020813645794988,0.0007010344415903091,0.03353031724691391,0.9899860620498657
21200,14,0.02368505857884884,0.000758579873945564,0.02292647957801819,1.5486419200897217,0.0006503522163257003,0.0006483051110990345,0.03272692859172821,0.990207314491272
21250,14,0.02306702733039856,0.0008200255688279867,0.02224700152873993,1.5420984029769897,0.0006203922093845904,0.0006168355466797948,0.032014746218919754,0.9899339079856873
21300,14,0.0236952044069767,0.0007957546040415764,0.02289944887161255,1.6876827478408813,0.0006733860936947167,0.0006743681733496487,0.03348137065768242,0.9896426200866699
21350,14,0.024189503863453865,0.0008650145027786493,0.02332448959350586,1.6354550123214722,0.0006733222398906946,0.0006722805555909872,0.03371237963438034,0.99101322889328
21400,14,0.023246467113494873,0.0008645767811685801,0.022381890565156937,1.623741865158081,0.0005821395898237824,0.0005816803313791752,0.03252900019288063,0.9906273484230042
21450,14,0.02314353920519352,0.0008396153571084142,0.022303923964500427,1.5639491081237793,0.000767942110542208,0.000769680249504745,0.03250090777873993,0.9901546835899353
21500,15,0.022173581644892693,0.0008041417459025979,0.021369440481066704,1.5220205783843994,0.000720153795555234,0.00071659532841295,0.031220434233546257,0.9904582500457764
21550,15,0.02411220781505108,0.0008278406457975507,0.023284366354346275,1.6662112474441528,0.000908329093363136,0.0009076079586520791,0.03425920009613037,0.9904385209083557
21600,15,0.023896273225545883,0.0008030774770304561,0.023093195632100105,1.5602805614471436,0.0007660095579922199,0.0007666111923754215,0.03323029726743698,0.9893564581871033
21650,15,0.02408725954592228,0.000884269829839468,0.023202989250421524,1.6014330387115479,0.0006561409099958837,0.0006552917184308171,0.033405859023332596,0.9898756742477417
21700,15,0.02286243438720703,0.0007564612897112966,0.022105973213911057,1.4638381004333496,0.0005926755256950855,0.0005921547417528927,0.03136645257472992,0.9913588166236877
21750,15,0.023294325917959213,0.0006654774188064039,0.022628849372267723,1.5079811811447144,0.0006422695005312562,0.0006399624980986118,0.03211646527051926,0.991225004196167
21800,15,0.02542687952518463,0.0007474557496607304,0.02467942424118519,1.6157928705215454,0.0007604013080708683,0.0007593670161440969,0.03502561151981354,0.9901424646377563
21850,15,0.022810515016317368,0.0007202840060926974,0.022090230137109756,1.5740171670913696,0.0006080471212044358,0.0006084040505811572,0.03189705312252045,0.9911295175552368
21900,15,0.022701123729348183,0.0007593609043397009,0.021941762417554855,1.537084937095642,0.0006195752648636699,0.0006168707041069865,0.0316229946911335,0.9905831813812256
21950,15,0.02453535422682762,0.0009412438957951963,0.02359411120414734,1.542952060699463,0.0007803733460605145,0.0007822775514796376,0.033812765032052994,0.9904531240463257
22000,15,0.024360312148928642,0.0007607233128510416,0.023599589243531227,1.5305054187774658,0.000599478546064347,0.0005976036773063242,0.033209919929504395,0.9900965690612793
22050,15,0.02307168021798134,0.0006746919825673103,0.022396987304091454,1.5107299089431763,0.0005806382396258414,0.0005798059282824397,0.03178577497601509,0.9904233813285828
22100,15,0.024273307994008064,0.000800795154646039,0.023472512140870094,1.5001765489578247,0.0005411970196291804,0.0005421944078989327,0.03285758197307587,0.992008626461029
22150,15,0.021842336282134056,0.0008266704389825463,0.02101566642522812,1.4990060329437256,0.0005930547486059368,0.0005901085678488016,0.030520528554916382,0.9895218014717102
22200,15,0.022297192364931107,0.0008184132166206837,0.02147877961397171,1.5616157054901123,0.000542745110578835,0.0005400633090175688,0.031188078224658966,0.9893677234649658
22250,15,0.020855579525232315,0.0008762188954278827,0.019979361444711685,1.5913760662078857,0.0005457886727526784,0.0005439564120024443,0.029902204871177673,0.9897376298904419
22300,15,0.02344435080885887,0.0011068920139223337,0.02233745902776718,1.6230874061584473,0.0007703652372583747,0.0007631803164258599,0.03309333324432373,0.9900424480438232
22350,15,0.02179020270705223,0.0008045149734243751,0.020985687151551247,1.5986418724060059,0.0006739281816408038,0.0006709054578095675,0.03112824633717537,0.9912668466567993
22400,15,0.02240760624408722,0.0007376513094641268,0.02166995406150818,1.5743398666381836,0.0007368624210357666,0.0007354539120569825,0.03175162151455879,0.9910570383071899
22450,15,0.025733651593327522,0.0007731314981356263,0.02496051974594593,1.4716072082519531,0.0005717321764677763,0.0005722703645005822,0.03423568978905678,0.9897501468658447
22500,15,0.02248697727918625,0.0007588934386149049,0.02172808349132538,1.6208384037017822,0.000760667840950191,0.0007570077432319522,0.032108843326568604,0.9905765652656555
22550,15,0.022610390558838844,0.0008511721389368176,0.021759217604994774,1.5557441711425781,0.0006321382825262845,0.0006318925879895687,0.03165314346551895,0.9902057647705078
22600,15,0.023091735318303108,0.0006947562214918435,0.022396979853510857,1.4896469116210938,0.0006696046330034733,0.0006702032405883074,0.03187977895140648,0.9921084642410278
22650,15,0.021735969930887222,0.0006740151438862085,0.021061955019831657,1.4841909408569336,0.000521140405908227,0.0005196986603550613,0.030197763815522194,0.9913290143013
22700,15,0.021146098151803017,0.0007176293293014169,0.02042846940457821,1.5138070583343506,0.0005784425884485245,0.0005774538731202483,0.029871029779314995,0.9899507164955139
22750,15,0.02170523814857006,0.00077958928886801,0.020925648510456085,1.6322400569915771,0.0005991518264636397,0.0005969575140625238,0.031062547117471695,0.991141140460968
22800,15,0.023048575967550278,0.0007560266531072557,0.022292548790574074,1.6002552509307861,0.0006323894485831261,0.0006293168989941478,0.03231155872344971,0.9901974201202393
22850,15,0.022686485201120377,0.0006839831476099789,0.022002501413226128,1.5262720584869385,0.0005665059434249997,0.0005655689164996147,0.03144992142915726,0.9909780025482178
22900,15,0.022644326090812683,0.0007565105333924294,0.02188781648874283,1.5021018981933594,0.0006967870285734534,0.0006971338298171759,0.03154875710606575,0.9903591275215149
22950,15,0.023678435012698174,0.0007030239212326705,0.022975411266088486,1.6297688484191895,0.0009615358430892229,0.0009594036382623017,0.033748216927051544,0.9897699952125549
23000,15,0.02410513535141945,0.0007649501785635948,0.02334018424153328,1.44252347946167,0.000614042510278523,0.0006125908112153411,0.03254438564181328,0.9891045689582825
23050,16,0.021861257031559944,0.0007452219724655151,0.02111603505909443,1.469151496887207,0.0005857722135260701,0.0005876609357073903,0.03038044646382332,0.9907551407814026
23100,16,0.021229803562164307,0.0008276653243228793,0.02040213905274868,1.5969038009643555,0.0007818326121196151,0.0007840004982426763,0.030780155211687088,0.9908507466316223
23150,16,0.02346726879477501,0.000836346298456192,0.022630922496318817,1.5172202587127686,0.0006606640527024865,0.0006598285981453955,0.03237386420369148,0.990860104560852
23200,16,0.021893681958317757,0.000680923811160028,0.021212758496403694,1.5163387060165405,0.0006239222711883485,0.0006242510280571878,0.03072354942560196,0.9908934831619263
23250,16,0.022468049079179764,0.0007333335233852267,0.02173471637070179,1.4173952341079712,0.0006060997257009149,0.0006045023328624666,0.030765626579523087,0.9892494678497314
23300,16,0.023432055488228798,0.0008916067890822887,0.022540448233485222,1.656924843788147,0.0007177984225563705,0.000717511516995728,0.03315198794007301,0.9907002449035645
23350,16,0.022759856656193733,0.000820095301605761,0.02193976193666458,1.5589756965637207,0.0009156647138297558,0.0009153020801022649,0.032385699450969696,0.9911208748817444
23400,16,0.02260345034301281,0.0007417936576530337,0.02186165750026703,1.5413219928741455,0.0006412218790501356,0.0006371279014274478,0.03158840909600258,0.9919395446777344
23450,16,0.023483237251639366,0.0006777469534426928,0.022805489599704742,1.510223388671875,0.0006551911938004196,0.0006504700286313891,0.03234001621603966,0.9887974262237549
23500,16,0.02055901288986206,0.0007157085346989334,0.01984330452978611,1.4951512813568115,0.0005620432202704251,0.0005590812070295215,0.029155893251299858,0.9905749559402466
23550,16,0.022947534918785095,0.0009038656717166305,0.02204366959631443,1.621415376663208,0.0006110683316364884,0.0006132092676125467,0.032278887927532196,0.9886948466300964
23600,16,0.021404240280389786,0.0008109022164717317,0.02059333771467209,1.4770524501800537,0.0005959317786619067,0.0005958386464044452,0.029981272295117378,0.9907922744750977
23650,16,0.023541169241070747,0.0007040126947686076,0.022837156429886818,1.5147430896759033,0.0008632757235318422,0.0008645924972370267,0.03284275159239769,0.9906119108200073
23700,16,0.021312465891242027,0.0007465758244507015,0.02056588977575302,1.5705581903457642,0.0009317781077697873,0.0009354109643027186,0.031032446771860123,0.9912869930267334
23750,16,0.023503968492150307,0.0009176814346574247,0.022586287930607796,1.4501299858093262,0.0006441125879064202,0.0006421931902877986,0.032040923833847046,0.9877437949180603
23800,16,0.02275029942393303,0.0007041229982860386,0.022046176716685295,1.5680875778198242,0.0006166545208543539,0.0006142484489828348,0.031821638345718384,0.9910601377487183
23850,16,0.021993320435285568,0.0008319530170410872,0.021161368116736412,1.5089328289031982,0.0007688466575928032,0.0007682816358283162,0.031075112521648407,0.9911428689956665
23900,16,0.02082357369363308,0.0007182079716585577,0.02010536566376686,1.5112086534500122,0.0006445335457101464,0.000645809865090996,0.02966996096074581,0.9892725944519043
23950,16,0.022173285484313965,0.00074982107616961,0.021423464640975,1.594264268875122,0.0006456946721300483,0.000645462132524699,0.0314357616007328,0.9897185564041138
24000,16,0.022254517301917076,0.000792319537140429,0.021462198346853256,1.55239737033844,0.0007380887400358915,0.0007393693085759878,0.031493961811065674,0.9895732402801514
24050,16,0.020149920135736465,0.0005313684814609587,0.019618552178144455,1.5541013479232788,0.0006593636935576797,0.000660173362120986,0.029239963740110397,0.9904712438583374
24100,16,0.023714834824204445,0.0007814381970092654,0.022933397442102432,1.5143507719039917,0.0006908545037731528,0.0006867627962492406,0.03266420587897301,0.989570677280426
24150,16,0.022459018975496292,0.000796969048678875,0.021662050858139992,1.4746687412261963,0.00048032874474301934,0.0004783091717399657,0.03079100139439106,0.9902725219726562
24200,16,0.02130030281841755,0.0006023352034389973,0.02069796808063984,1.4750862121582031,0.00047475850442424417,0.0004705773026216775,0.029621068388223648,0.989074170589447
24250,16,0.0226422306150198,0.0008590514771640301,0.02178317867219448,1.4786665439605713,0.000657128170132637,0.0006555604049935937,0.031348250806331635,0.9882321953773499
24300,16,0.022769959643483162,0.0008306375239044428,0.021939322352409363,1.5879182815551758,0.000725202786270529,0.0007277699187397957,0.03216252103447914,0.9896007776260376
24350,16,0.021153805777430534,0.000677337171509862,0.02047646790742874,1.4243614673614502,0.0005858791992068291,0.0005828890716657043,0.029444381594657898,0.9890635013580322
24400,16,0.024106895551085472,0.0009226559195667505,0.023184239864349365,1.5836106538772583,0.0005945868324488401,0.000592488213442266,0.033212024718523026,0.9897632598876953
24450,16,0.021821968257427216,0.0006077929865568876,0.02121417596936226,1.489871621131897,0.0006531685357913375,0.00065360136795789,0.030578097328543663,0.9886487126350403
24500,16,0.02422196790575981,0.0008419152582064271,0.02338005229830742,1.6055320501327515,0.0005760580534115434,0.0005770307034254074,0.03340271860361099,0.9897329807281494
24550,17,0.020514175295829773,0.0005358685739338398,0.01997830718755722,1.5337424278259277,0.0005474436329677701,0.0005453092744573951,0.029275638982653618,0.9898543953895569
24600,17,0.023622427135705948,0.0007258346304297447,0.02289659157395363,1.491520643234253,0.0006302162073552608,0.0006321772816590965,0.032342422753572464,0.9897290468215942
24650,17,0.02337450347840786,0.0008308652904815972,0.022543638944625854,1.6099464893341064,0.0005459704552777112,0.0005452792393043637,0.03251548483967781,0.9890830516815186
24700,17,0.022531194612383842,0.0008695184951648116,0.021661676466464996,1.4654158353805542,0.0007402472547255456,0.0007393560372292995,0.03133787587285042,0.9905344247817993
24750,17,0.023153873160481453,0.000645656487904489,0.02250821702182293,1.4554221630096436,0.0005957084940746427,0.0005916179507039487,0.03161831200122833,0.9896945357322693
24800,17,0.022325312718749046,0.0006407132605090737,0.02168460004031658,1.4615511894226074,0.0005740823689848185,0.0005733235739171505,0.030780473724007607,0.990143895149231
24850,17,0.023983094841241837,0.0007835458964109421,0.023199548944830894,1.3523344993591309,0.0006210377323441207,0.0006209585117176175,0.03198676183819771,0.9900981187820435
24900,17,0.02271750383079052,0.0007685546297580004,0.02194894850254059,1.5268170833587646,0.0005970804486423731,0.0005969975027255714,0.03154566511511803,0.9910579323768616
24950,17,0.020305844023823738,0.0005831376183778048,0.019722705706954002,1.5466495752334595,0.0005936049274168909,0.0005925638251937926,0.029225260019302368,0.989220142364502
25000,17,0.02315068244934082,0.0007165967836044729,0.022434085607528687,1.4995745420455933,0.0005868567386642098,0.0005868762964382768,0.031822290271520615,0.9897647500038147
25050,17,0.02088821306824684,0.0006574300932697952,0.02023078314960003,1.5295474529266357,0.0006145278457552195,0.000612785981502384,0.02976326458156109,0.99024498462677
25100,17,0.02095063030719757,0.0006481107557192445,0.02030251920223236,1.477001667022705,0.0005462259287014604,0.0005468446761369705,0.02942870929837227,0.9917318224906921
25150,17,0.021259531378746033,0.0005585436010733247,0.020700987428426743,1.3925338983535767,0.0004820989561267197,0.00048198329750448465,0.02918628416955471,0.9897814393043518
25200,17,0.02160715125501156,0.0007149013690650463,0.020892249420285225,1.415832281112671,0.00048173480900004506,0.0004804862546734512,0.029648534953594208,0.990598201751709
25250,17,0.02417083829641342,0.0008069312898442149,0.023363906890153885,1.5141575336456299,0.0006722287507727742,0.0006713849725201726,0.03308524191379547,0.9890455007553101
25300,17,0.022852985188364983,0.0007316285627894104,0.022121356800198555,1.543541431427002,0.0007255948730744421,0.0007294300012290478,0.032025717198848724,0.9893126487731934
25350,17,0.023218166083097458,0.0006954745622351766,0.022522691637277603,1.48630690574646,0.0006418926641345024,0.0006398999830707908,0.03193149343132973,0.9894793033599854
25400,17,0.02162339724600315,0.0008299936889670789,0.020793404430150986,1.4405964612960815,0.0006121540791355073,0.0006118839955888689,0.03005041554570198,0.9908043146133423
25450,17,0.02428513765335083,0.0007448684191331267,0.02354026958346367,1.5011622905731201,0.0005840237718075514,0.0005838959477841854,0.03295886889100075,0.9892752766609192
25500,17,0.02262352779507637,0.0006535371067002416,0.02196999080479145,1.5726898908615112,0.0006527490331791341,0.0006500167073681951,0.03178974241018295,0.9904786348342896
25550,17,0.024354318156838417,0.0007488648407161236,0.023605452850461006,1.5450313091278076,0.0005290611297823489,0.0005272416165098548,0.03313577547669411,0.9889328479766846
25600,17,0.02356579527258873,0.0006976202712394297,0.02286817505955696,1.4570223093032837,0.0006204182864166796,0.0006157580646686256,0.03208708390593529,0.9905000329017639
25650,17,0.022994406521320343,0.0007003849605098367,0.022294022142887115,1.4483466148376465,0.0005871726316399872,0.0005901489639654756,0.03141346201300621,0.9886389970779419
25700,17,0.024771686643362045,0.0007977276109158993,0.02397395856678486,1.4050859212875366,0.0006079378072172403,0.0006090865936130285,0.03301414102315903,0.9902032613754272
25750,17,0.023833053186535835,0.0007910848362371325,0.023041969165205956,1.612227439880371,0.000657173222862184,0.0006569377146661282,0.03320830315351486,0.9907146692276001
25800,17,0.023241976276040077,0.0007653069915249944,0.022476669400930405,1.4304935932159424,0.0005478791426867247,0.00054865179117769,0.03149097412824631,0.9894144535064697
25850,17,0.023320714011788368,0.001039393711835146,0.02228132076561451,1.476337194442749,0.0005574834067374468,0.0005556423566304147,0.03181552514433861,0.9908241629600525
25900,17,0.025349635630846024,0.0007573046023026109,0.024592330679297447,1.401667833328247,0.0007716900436207652,0.0007678530528210104,0.0338975191116333,0.9904849529266357
25950,17,0.022110380232334137,0.0007870280533097684,0.021323353052139282,1.591159462928772,0.0005761219654232264,0.0005759020568802953,0.03121820092201233,0.9898024201393127
26000,17,0.021574607118964195,0.0006497976137325168,0.02092481032013893,1.4705383777618408,0.0005464354762807488,0.0005483780987560749,0.030022112652659416,0.990091860294342
26050,17,0.020983394235372543,0.0007006715750321746,0.020282723009586334,1.4637324810028076,0.0005189776420593262,0.0005199003499001265,0.02934093400835991,0.9885996580123901
26100,18,0.02289123274385929,0.0007395377615466714,0.02215169556438923,1.5149426460266113,0.0006865175673738122,0.0006858538836240768,0.0318383164703846,0.9898223280906677
26150,18,0.021832164376974106,0.000666558975353837,0.021165605634450912,1.3962615728378296,0.00045343738747760653,0.00045366870472207665,0.029720578342676163,0.9911524057388306
26200,18,0.02083754912018776,0.000636971672065556,0.02020057663321495,1.5151817798614502,0.0006630516145378351,0.0006619925261475146,0.029738502576947212,0.9902910590171814
26250,18,0.02265576273202896,0.0006153149297460914,0.02204044722020626,1.4726507663726807,0.0006911516538821161,0.0006870308425277472,0.031397201120853424,0.9901375770568848
26300,18,0.019915765151381493,0.0008126305765472353,0.01910313405096531,1.4580237865447998,0.0006536793662235141,0.0006517742876894772,0.02851133793592453,0.9890629053115845
26350,18,0.021059934049844742,0.0007713878294453025,0.02028854563832283,1.5392022132873535,0.0005134886596351862,0.0005126864416524768,0.029782120138406754,0.9899328947067261
26400,18,0.022110052406787872,0.0007981905364431441,0.021311862394213676,1.415705680847168,0.0006680465303361416,0.0006681359955109656,0.030524764209985733,0.9894987344741821
26450,18,0.02095101773738861,0.0005978106637485325,0.020353207364678383,1.5097339153289795,0.0005449244054034352,0.0005461351247504354,0.029590746387839317,0.990601122379303
26500,18,0.021212942898273468,0.000771029619500041,0.020441913977265358,1.4084476232528687,0.0006195841706357896,0.0006195794558152556,0.02949434518814087,0.9902724027633667
26550,18,0.02174282819032669,0.000686025945469737,0.021056802943348885,1.464401125907898,0.00045264954678714275,0.0004502454539760947,0.02996772900223732,0.9903961420059204
26600,18,0.019363198429346085,0.0006385180167853832,0.018724679946899414,1.4382870197296143,0.000540299981366843,0.0005397014901973307,0.02763463370501995,0.9905678629875183
26650,18,0.023323213681578636,0.0006462880410254002,0.022676926106214523,1.5648510456085205,0.0006469156360253692,0.0006453897221945226,0.03243977576494217,0.9891918301582336
26700,18,0.022335736081004143,0.0008293983992189169,0.021506337448954582,1.476555347442627,0.0005586143233813345,0.000558088649995625,0.030835215002298355,0.9882935285568237
26750,18,0.022186975926160812,0.0007814217824488878,0.021405553445219994,1.4818556308746338,0.0005816355114802718,0.0005798075580969453,0.03075769729912281,0.9890435338020325
26800,18,0.0216775294393301,0.0006663450039923191,0.02101118490099907,1.521695613861084,0.0005931069608777761,0.0005902113625779748,0.030469326302409172,0.9907720685005188
26850,18,0.021298076957464218,0.0006353945937007666,0.020662682130932808,1.5187225341796875,0.0007296407129615545,0.0007305092294700444,0.03035183995962143,0.9890819787979126
26900,18,0.020387129858136177,0.0005707046366296709,0.019816424697637558,1.4342219829559326,0.0005123498849570751,0.0005094635998830199,0.02858005277812481,0.9889442920684814
26950,18,0.020857732743024826,0.0007347892969846725,0.020122943446040154,1.5758699178695679,0.0006055208505131304,0.0006052196258679032,0.02994782291352749,0.989818811416626
27000,18,0.02296704240143299,0.0007116984925232828,0.022255344316363335,1.4469764232635498,0.0004721479781437665,0.00047257012920454144,0.031146643683314323,0.9886527061462402
27050,18,0.020892327651381493,0.0008528624312020838,0.02003946527838707,1.4420472383499146,0.0006513521075248718,0.0006506958743557334,0.029404612258076668,0.9891923069953918
27100,18,0.021607356145977974,0.0007000655750744045,0.020907290279865265,1.6435534954071045,0.0006516259163618088,0.0006517965812236071,0.031128546223044395,0.9891867637634277
27150,18,0.0207770224660635,0.0006675602635368705,0.02010946162045002,1.5619838237762451,0.0007074587047100067,0.0007078293128870428,0.030002228915691376,0.9890964031219482
27200,18,0.020955778658390045,0.0006121075130067766,0.02034367062151432,1.515383005142212,0.0005083649302832782,0.0005078187095932662,0.029548875987529755,0.9888449311256409
27250,18,0.02174970880150795,0.0006492937100119889,0.021100414916872978,1.4017794132232666,0.00048157403944060206,0.00048251065891236067,0.02972269058227539,0.9891368746757507
27300,18,0.023227280005812645,0.0006696218042634428,0.022557659074664116,1.4032726287841797,0.0006314509082585573,0.0006314244237728417,0.03150651603937149,0.9901373386383057
27350,18,0.02153961919248104,0.0006518926238641143,0.020887726917862892,1.4863355159759521,0.0005079032853245735,0.0005102170398458838,0.029989415779709816,0.9894881844520569
27400,18,0.023673951625823975,0.000819496635813266,0.022854454815387726,1.5118056535720825,0.000554678263142705,0.0005521981511265039,0.032339856028556824,0.9898039102554321
27450,18,0.02204233780503273,0.0007205714355222881,0.021321766078472137,1.4149717092514038,0.0005264078499749303,0.0005285011720843613,0.030172105878591537,0.9899121522903442
27500,18,0.022908775135874748,0.0006595118902623653,0.022249262779951096,1.4213755130767822,0.000609811395406723,0.0006102187326177955,0.03123568370938301,0.9893679618835449
27550,18,0.021061524748802185,0.0006571166450157762,0.020404407754540443,1.4952301979064941,0.0006912309327162802,0.0006915436824783683,0.02992045134305954,0.9890482425689697
27600,18,0.021151602268218994,0.0007284742314368486,0.020423127338290215,1.4467800855636597,0.0004936710465699434,0.0004944264655932784,0.02937360107898712,0.9890915155410767
27650,19,0.021049344912171364,0.0008027349831536412,0.020246610045433044,1.4498043060302734,0.0005568365450017154,0.0005568443448282778,0.029412047937512398,0.989220917224884
27700,19,0.021320316940546036,0.0007978134090080857,0.020522503182291985,1.5087878704071045,0.0006225987453944981,0.0006229626014828682,0.030109819024801254,0.9907315969467163
27750,19,0.02126207947731018,0.0007933018496260047,0.020468777045607567,1.4115617275238037,0.0005874604685232043,0.0005846783751621842,0.029492026194930077,0.9900062680244446
27800,19,0.020034609362483025,0.0007491532014682889,0.019285455346107483,1.4910407066345215,0.0008609093492850661,0.0008599746506661177,0.02921069785952568,0.990158200263977
27850,19,0.020805474370718002,0.0006506707286462188,0.02015480399131775,1.5458011627197266,0.0006084931083023548,0.0006049891235306859,0.029747961089015007,0.9900139570236206
27900,19,0.020875059068202972,0.00069127616006881,0.020183783024549484,1.5055705308914185,0.0005073167267255485,0.0005040345131419599,0.029414262622594833,0.9901014566421509
27950,19,0.022671153768897057,0.0007171665201894939,0.021953986957669258,1.3245793581008911,0.0005015900824218988,0.0005000800592824817,0.0302957221865654,0.9902310371398926
28000,19,0.021598098799586296,0.0007002227939665318,0.02089787647128105,1.3608779907226562,0.0005762952496297657,0.0005762057844549417,0.02955498918890953,0.9913327097892761
28050,19,0.02138754539191723,0.0006239898502826691,0.02076355554163456,1.5445010662078857,0.0005504565197043121,0.0005503708962351084,0.03021087870001793,0.9902831315994263
28100,19,0.020027372986078262,0.0007441224297508597,0.019283249974250793,1.3967170715332031,0.0004342988831922412,0.0004322535824030638,0.027877511456608772,0.9900969862937927
28150,19,0.02303823083639145,0.0006753833149559796,0.0223628468811512,1.4152216911315918,0.0006552204140461981,0.0006537808803841472,0.03142334148287773,0.990864634513855
28200,19,0.021338962018489838,0.0007068307604640722,0.020632131025195122,1.5213422775268555,0.0006906810449436307,0.000690225453581661,0.03032657876610756,0.9900064468383789
28250,19,0.020780421793460846,0.0007290682406164706,0.02005135267972946,1.5456445217132568,0.0006290260935202241,0.0006316295475699008,0.029769299551844597,0.9902223348617554
28300,19,0.02043682150542736,0.0006587347597815096,0.019778085872530937,1.5137286186218262,0.0004988036234863102,0.0005022917757742107,0.029006559401750565,0.9887726306915283
28350,19,0.020959168672561646,0.0007373830303549767,0.020221784710884094,1.4939589500427246,0.00041593602509237826,0.0004122008685953915,0.02925710193812847,0.9902684688568115
28400,19,0.019519412890076637,0.0006471436936408281,0.018872268497943878,1.4325755834579468,0.0005858028889633715,0.0005854984046891332,0.027853593230247498,0.990169882774353
28450,19,0.022495277225971222,0.0008167000487446785,0.02167857624590397,1.641110897064209,0.0007136260974220932,0.0007155928760766983,0.03213005140423775,0.9893274903297424
28500,19,0.02124803140759468,0.0006127816159278154,0.020635249093174934,1.453247308731079,0.00047996005741879344,0.00047982577234506607,0.029474053531885147,0.9887607097625732
28550,19,0.019130846485495567,0.0006588022224605083,0.01847204379737377,1.4778778553009033,0.0005352295702323318,0.0005365425022318959,0.0275920070707798,0.9890296459197998
28600,19,0.02009660191833973,0.0006195591995492578,0.01947704330086708,1.5024826526641846,0.0006043759640306234,0.0006000208086334169,0.02881341241300106,0.9892300367355347
28650,19,0.021567553281784058,0.0007512642769142985,0.020816288888454437,1.4214692115783691,0.000486808450659737,0.0004851610283367336,0.029646867886185646,0.9903127551078796
28700,19,0.02090628631412983,0.0007014501024968922,0.020204836502671242,1.3872069120407104,0.0007035578018985689,0.0007016847375780344,0.02924756333231926,0.9905420541763306
28750,19,0.02056826651096344,0.0007039887714199722,0.01986427791416645,1.4286513328552246,0.0005805394030176103,0.0005794290918856859,0.02887149155139923,0.991264283657074
28800,19,0.01953677088022232,0.000675477203913033,0.01886129379272461,1.5101670026779175,0.00045219447929412127,0.0004499347123783082,0.027989735826849937,0.9900838136672974
28850,19,0.021344387903809547,0.0005839921650476754,0.020760396495461464,1.5446449518203735,0.0007904336089268327,0.0007882467471063137,0.030646294355392456,0.9896854162216187
28900,19,0.02122730202972889,0.0006002684822306037,0.020627032965421677,1.4978018999099731,0.000579206389375031,0.0005753994919359684,0.02987091615796089,0.9896829724311829
28950,19,0.02243240922689438,0.0008368818089365959,0.021595526486635208,1.5084829330444336,0.0009960741735994816,0.0009955659043043852,0.03196646273136139,0.9891699552536011
29000,19,0.022219039499759674,0.0006326513830572367,0.02158638834953308,1.4455854892730713,0.0004827423545066267,0.00048293688450939953,0.030412646010518074,0.9916208982467651
29050,19,0.019856290891766548,0.000620553269982338,0.01923573762178421,1.3906636238098145,0.0005319845513440669,0.0005336841568350792,0.027875278145074844,0.9892635941505432
29100,19,0.019516751170158386,0.0007855002768337727,0.0187312513589859,1.437929630279541,0.0005329972482286394,0.0005324451485648751,0.02777184173464775,0.9897836446762085
29150,20,0.01994849368929863,0.0006611961871385574,0.019287297502160072,1.5357033014297485,0.0005538297118619084,0.0005524721345864236,0.028733311221003532,0.98912513256073
29200,20,0.02118649147450924,0.0006181611679494381,0.020568329840898514,1.4350425004959106,0.0005157521227374673,0.0005192529642954469,0.02939670905470848,0.9885807037353516
29250,20,0.022231822833418846,0.000888967071659863,0.02134285494685173,1.3281118869781494,0.0005128345219418406,0.0005113431834615767,0.029896559193730354,0.9920467138290405
29300,20,0.02125154249370098,0.0006363405846059322,0.02061520144343376,1.496127724647522,0.000719177711289376,0.0007199330138973892,0.030171291902661324,0.9915173649787903
29350,20,0.021893244236707687,0.0006875799736008048,0.021205663681030273,1.4201862812042236,0.000867903814651072,0.0008678128942847252,0.03072989359498024,0.9896422624588013
29400,20,0.019861917942762375,0.0006225974066182971,0.01923932135105133,1.4963445663452148,0.0006324622081592679,0.000634135096333921,0.028610236942768097,0.9894970059394836
29450,20,0.020562713965773582,0.000689722946844995,0.019872991368174553,1.4844087362289429,0.0004727223713416606,0.0004724554601125419,0.0289299339056015,0.9890081882476807
29500,20,0.020445387810468674,0.0007249114569276571,0.019720476120710373,1.438010334968567,0.0006030927179381251,0.0006026234477758408,0.028841156512498856,0.9904190897941589
29550,20,0.022154949605464935,0.0007015082519501448,0.02145344205200672,1.429076910018921,0.0005959292757324874,0.0005949209444224834,0.030491184443235397,0.989980936050415
29600,20,0.022512240335345268,0.0006483000470325351,0.021863941103219986,1.4058947563171387,0.0007237971294671297,0.0007224173750728369,0.030987929552793503,0.9901495575904846
29650,20,0.022081390023231506,0.0008839084766805172,0.021197481080889702,1.6012437343597412,0.0005889882449992001,0.0005866596475243568,0.031263258308172226,0.9921191930770874
29700,20,0.019593792036175728,0.0005619213916361332,0.019031871110200882,1.4749786853790283,0.0004371882532723248,0.0004402184276841581,0.027846092358231544,0.9892350435256958
29750,20,0.02043984830379486,0.0006757354130968451,0.019764112308621407,1.4852278232574463,0.0005063237622380257,0.0005062581039965153,0.02887856960296631,0.9885705709457397
29800,20,0.023510122671723366,0.0007387944497168064,0.022771328687667847,1.5246546268463135,0.0005722480127587914,0.0005711768753826618,0.03227682039141655,0.9904894828796387
29850,20,0.02081737481057644,0.0007040296914055943,0.020113345235586166,1.4275872707366943,0.0005290342960506678,0.0005308832041919231,0.029015228152275085,0.9894669055938721
29900,20,0.018853968009352684,0.000674485694617033,0.018179481849074364,1.4735137224197388,0.0004915838362649083,0.0004909403505735099,0.027204060927033424,0.9905202984809875
29950,20,0.019235283136367798,0.000665964325889945,0.01856931857764721,1.484261393547058,0.0004900292842648923,0.0004885670496150851,0.027635186910629272,0.9899441003799438
30000,20,0.02216210588812828,0.0007533746538683772,0.02140873111784458,1.4765620231628418,0.0007464376976713538,0.0007463888032361865,0.031037742272019386,0.9907903671264648
30050,20,0.02142384648323059,0.0007713644299656153,0.02065248228609562,1.6057605743408203,0.0005782664520666003,0.0005771048599854112,0.03060801886022091,0.9880708456039429
30100,20,0.019845422357320786,0.0005054475041106343,0.019339974969625473,1.4606900215148926,0.00056430947734043,0.0005643416079692543,0.028277523815631866,0.9894216656684875
30150,20,0.02017049491405487,0.0007349333609454334,0.019435562193393707,1.550436019897461,0.0005520329577848315,0.0005513508222065866,0.029026059433817863,0.9893231391906738
30200,20,0.019922640174627304,0.0007938523776829243,0.019128788262605667,1.4905422925949097,0.0006549883401021361,0.0006516983266919851,0.028682038187980652,0.9901811480522156
30250,20,0.020899193361401558,0.0006418558768928051,0.020257337018847466,1.5066512823104858,0.0004710105713456869,0.0004707070183940232,0.029374167323112488,0.990337073802948
30300,20,0.02044752426445484,0.0006372738862410188,0.019810250028967857,1.5236200094223022,0.0005468935123644769,0.0005462196422740817,0.029158737510442734,0.991680383682251
30350,20,0.019942035898566246,0.0007610807660967112,0.01918095536530018,1.5174050331115723,0.0005105611635372043,0.0005118231056258082,0.02855144441127777,0.9905335903167725
30400,20,0.019401542842388153,0.0005840519443154335,0.018817489966750145,1.381550908088684,0.0004756457929033786,0.0004736647242680192,0.027258606627583504,0.9902986288070679
30450,20,0.021745266392827034,0.000686470593791455,0.02105879597365856,1.542729377746582,0.0005833439063280821,0.0005817455821670592,0.03062400408089161,0.9896991848945618
30500,20,0.021014949306845665,0.0006535775028169155,0.020361371338367462,1.3591994047164917,0.0004947050474584103,0.0004959753714501858,0.028801627457141876,0.9882570505142212
30550,20,0.02151302807033062,0.0006039870204403996,0.020909041166305542,1.452789306640625,0.00045208362280391157,0.00045036544906906784,0.029679423198103905,0.9901704788208008
30600,20,0.020129036158323288,0.0007099236245267093,0.01941911317408085,1.5030616521835327,0.0006015259423293173,0.00059945706743747,0.028845326974987984,0.9911186099052429
30650,20,0.021639270707964897,0.0007229488110169768,0.020916322246193886,1.3763831853866577,0.0006653092568740249,0.0006657190388068557,0.029852215200662613,0.9904657006263733
