step,epoch,recon,dyn,pred_recon,var,l1,anchor,anchor_pred,total,latent_std
50,1,0.5415185689926147,0.0023971134796738625,0.5451483130455017,0.0,0.005745722912251949,0.33205026388168335,0.3319205939769745,1.7530405521392822,0.4668138027191162
100,1,0.38525494933128357,0.001974742626771331,0.37569957971572876,0.0,0.013277336955070496,0.30213338136672974,0.301903635263443,1.3669795989990234,0.4628943204879761
150,1,0.3488849699497223,0.0018663897644728422,0.3372178375720978,0.0,0.03101847507059574,0.34557586908340454,0.3450823724269867,1.378658413887024,0.4623977243900299
200,1,0.31515011191368103,0.0017623525345698,0.3041841983795166,0.0,0.044907111674547195,0.2995603680610657,0.29908692836761475,1.2197887897491455,0.4633696377277374
250,1,0.30848047137260437,0.002491036895662546,0.29040098190307617,0.0,0.05302760377526283,0.2874923348426819,0.28709810972213745,1.1760159730911255,0.4612467288970947
300,1,0.294962614774704,0.0026129961479455233,0.2789175510406494,0.0,0.06155596300959587,0.30819451808929443,0.30793726444244385,1.1926865577697754,0.4699685573577881
350,1,0.26649487018585205,0.002967684529721737,0.2570537328720093,0.0,0.0678815171122551,0.25905585289001465,0.2591550946235657,1.0447951555252075,0.4764636158943176
400,1,0.2513152062892914,0.00556463748216629,0.24326401948928833,0.0,0.07379749417304993,0.21410730481147766,0.2143334150314331,0.9286583662033081,0.4802371859550476
450,1,0.2618713080883026,0.004731898661702871,0.25983813405036926,0.0,0.07248041778802872,0.18304778635501862,0.18320316076278687,0.8927647471427917,0.4885821044445038
500,1,0.28669092059135437,0.009952481836080551,0.28396323323249817,0.0,0.058963529765605927,0.07476222515106201,0.07464871555566788,0.7300765514373779,0.4963057041168213
550,1,0.2422143667936325,0.00554758170619607,0.24226419627666473,0.0,0.05270930007100105,0.018931424245238304,0.018794899806380272,0.5278052091598511,0.5042471289634705
600,1,0.21885797381401062,0.003852113615721464,0.2194949984550476,0.0,0.047217682003974915,0.010547708719968796,0.010404601693153381,0.46320459246635437,0.4992641508579254
650,1,0.20999053120613098,0.0034029290545731783,0.21043187379837036,0.0,0.04238008335232735,0.011118973605334759,0.011065712198615074,0.4460523724555969,0.49574679136276245
700,1,0.19943256676197052,0.0030365949496626854,0.20171965658664703,0.0,0.039282429963350296,0.0076551432721316814,0.0075989896431565285,0.4194822311401367,0.49459201097488403
750,1,0.18792776763439178,0.0025241589173674583,0.18694454431533813,0.0,0.035265661776065826,0.005273094400763512,0.005213133059442043,0.3879179358482361,0.48794811964035034
800,1,0.17989036440849304,0.0021732659079134464,0.1830623894929886,0.0,0.03351760283112526,0.004782966338098049,0.004766826517879963,0.3747093379497528,0.4900204539299011
850,1,0.18823495507240295,0.0015456532128155231,0.18875837326049805,0.0,0.033050376921892166,0.0043724821880459785,0.004339270293712616,0.3872837722301483,0.4899887442588806
900,1,0.18162572383880615,0.002173682674765587,0.18387064337730408,0.0,0.03248968347907066,0.004317345097661018,0.004273961763828993,0.3762938380241394,0.4885806143283844
950,1,0.17938724160194397,0.0019005918875336647,0.18105393648147583,0.0,0.031293582171201706,0.0035269283689558506,0.0034829031210392714,0.3693828880786896,0.4891244173049927
1000,1,0.1726931631565094,0.0016068271361291409,0.17277666926383972,0.0,0.03072025068104267,0.0042751990258693695,0.0042710634879767895,0.35565364360809326,0.48419883847236633
1050,1,0.17691513895988464,0.001969581004232168,0.17850014567375183,0.0,0.029655128717422485,0.0038022371008992195,0.0037577571347355843,0.3649744987487793,0.480292946100235
1100,1,0.17165128886699677,0.001747622387483716,0.1681940257549286,0.0,0.029307041317224503,0.003232092596590519,0.003206232562661171,0.3480605483055115,0.48611247539520264
1150,1,0.16812390089035034,0.0014536851085722446,0.17064182460308075,0.0,0.02801523357629776,0.002681957557797432,0.0026554767973721027,0.3455848693847656,0.48523184657096863
1200,1,0.1638283133506775,0.0013663116842508316,0.16606785356998444,0.0,0.027275891974568367,0.002539500594139099,0.0025197388604283333,0.3363489806652069,0.4856504797935486
1250,1,0.16235506534576416,0.0013404744677245617,0.16599319875240326,0.0,0.026944385841488838,0.0024479664862155914,0.0024240235798060894,0.3345876634120941,0.48237937688827515
1300,1,0.16025838255882263,0.0013521893415600061,0.16227564215660095,0.0,0.025960773229599,0.0025767991319298744,0.002556049032136798,0.32904502749443054,0.4833052158355713
1350,1,0.1630895435810089,0.0013118672650307417,0.1669853925704956,0.0,0.026981018483638763,0.00251303194090724,0.0024968665093183517,0.3364236652851105,0.4768034517765045
1400,1,0.167448952794075,0.0013330959482118487,0.16742950677871704,0.0,0.025294989347457886,0.002612370066344738,0.002591775730252266,0.34144100546836853,0.47659170627593994
1450,1,0.15764470398426056,0.0011370417196303606,0.15844516456127167,0.0,0.025517966598272324,0.002226932905614376,0.00221542501822114,0.3216947913169861,0.48431235551834106
1500,1,0.15876807272434235,0.0012944701593369246,0.1567915380001068,0.0,0.025057770311832428,0.002061482984572649,0.0020549222826957703,0.3209955394268036,0.4778796434402466
1550,1,0.15606677532196045,0.0012917604763060808,0.15567724406719208,0.0,0.024237055331468582,0.0026471582241356373,0.0026429295539855957,0.3183501064777374,0.4798504114151001
1600,1,0.15196505188941956,0.0011205821065232158,0.1535263955593109,0.0,0.02467004396021366,0.0017631581285968423,0.0017584883607923985,0.3101583421230316,0.4800007939338684
1650,1,0.14893178641796112,0.0010965645778924227,0.1501276195049286,0.0,0.024234751239418983,0.0022335697431117296,0.0022225412540137768,0.30463629961013794,0.4800550639629364
1700,1,0.14756058156490326,0.0011500066611915827,0.14943915605545044,0.0,0.023909717798233032,0.0017747010570019484,0.001765446038916707,0.30171382427215576,0.4748595654964447
1750,1,0.15008217096328735,0.0010596371721476316,0.15036967396736145,0.0,0.023242635652422905,0.0018076153937727213,0.0017934299539774656,0.3051357567310333,0.47894442081451416
1800,1,0.14486029744148254,0.0008868800359778106,0.14453113079071045,0.0,0.022754792124032974,0.001795691903680563,0.0017881856765598059,0.2938849627971649,0.47343456745147705
1850,1,0.15420258045196533,0.0009234751341864467,0.152109295129776,0.0,0.021902352571487427,0.001579388859681785,0.0015662049409002066,0.31040287017822266,0.4709557890892029
1900,1,0.14450524747371674,0.0010402993066236377,0.14494867622852325,0.0,0.021932829171419144,0.0016123763052746654,0.0016076306346803904,0.29373615980148315,0.4727245569229126
1950,1,0.14588439464569092,0.0009441178990527987,0.1467059701681137,0.0,0.020986666902899742,0.0017900874372571707,0.001789452158845961,0.29713499546051025,0.4832937717437744
2000,1,0.14647343754768372,0.0007799853337928653,0.14580143988132477,0.0,0.021268503740429878,0.0014661125605925918,0.0014618862187489867,0.29600414633750916,0.4799725413322449
2050,1,0.14657804369926453,0.0010226682061329484,0.14827489852905273,0.0,0.020061036571860313,0.0014289672253653407,0.0014204855542629957,0.29874512553215027,0.4719497561454773
2100,1,0.14462079107761383,0.0008792422013357282,0.145632803440094,0.0,0.019460955634713173,0.0013976111076772213,0.0013928586849942803,0.29394277930259705,0.4781126379966736
2150,1,0.14608393609523773,0.0007950363215059042,0.14491021633148193,0.0,0.019047627225518227,0.00154403829947114,0.0015387334860861301,0.29489099979400635,0.4749053120613098
2200,1,0.14071953296661377,0.0008345303940586746,0.14399665594100952,0.0,0.01820799894630909,0.001671724021434784,0.0016693173674866557,0.2889099717140198,0.47724467515945435
2250,2,0.1404029130935669,0.000734190340153873,0.14079229533672333,0.0,0.017651613801717758,0.0015136473812162876,0.0015076140407472849,0.2849683165550232,0.47607481479644775
2300,2,0.14058879017829895,0.0007716079126112163,0.14249983429908752,0.0,0.01711013913154602,0.0015848506009206176,0.0015843122964724898,0.28704649209976196,0.48076215386390686
2350,2,0.1392774134874344,0.0008218857692554593,0.13981246948242188,0.0,0.016837390139698982,0.0014337683096528053,0.0014300686307251453,0.28279241919517517,0.4741842448711395
2400,2,0.1409161537885666,0.0007544602267444134,0.13975094258785248,0.0,0.016286704689264297,0.0016461735358461738,0.0016421659383922815,0.2847261428833008,0.4762611389160156
2450,2,0.14321085810661316,0.0008661898318678141,0.14359183609485626,0.0,0.01552063599228859,0.0017295405268669128,0.0017288411036133766,0.2911427915096283,0.4842570722103119
2500,2,0.13462066650390625,0.0007420426118187606,0.13663482666015625,0.0,0.014713515527546406,0.001384580391459167,0.0013823660556226969,0.27477920055389404,0.4794576168060303
2550,2,0.13674047589302063,0.0009477749117650092,0.13767071068286896,0.0,0.014009113423526287,0.0016389181837439537,0.0016400068998336792,0.2786518931388855,0.4759688675403595
2600,2,0.1401248276233673,0.0006340473773889244,0.14089621603488922,0.0,0.0132295498624444,0.001278604962863028,0.0012753813061863184,0.2842223048210144,0.46992406249046326
2650,2,0.1351558268070221,0.0007822026964277029,0.13790081441402435,0.0,0.013310634531080723,0.0015435024397447705,0.0015398969408124685,0.2769355773925781,0.48048704862594604
2700,2,0.13148978352546692,0.0007164687267504632,0.13621652126312256,0.0,0.012039735913276672,0.001492527429945767,0.0014888421865180135,0.27141618728637695,0.47885239124298096
2750,2,0.13435322046279907,0.0007614136557094753,0.13642007112503052,0.0,0.012425175867974758,0.0013522939989343286,0.001350413542240858,0.2742498517036438,0.4755408763885498
2800,2,0.13064296543598175,0.0008566178730688989,0.13391004502773285,0.0,0.011970510706305504,0.001260840566828847,0.0012603329960256815,0.2679428160190582,0.47061505913734436
2850,2,0.13776476681232452,0.0007758860592730343,0.13615140318870544,0.0,0.012027458287775517,0.0012831351486966014,0.0012786422157660127,0.27726587653160095,0.4780750870704651
2900,2,0.13585731387138367,0.000622497929725796,0.13644838333129883,0.0,0.011996382847428322,0.0010825620265677571,0.0010785101912915707,0.27510127425193787,0.4709535837173462
2950,2,0.12925176322460175,0.0007160769891925156,0.13349533081054688,0.0,0.012319616042077541,0.0012626021634787321,0.0012623658403754234,0.2660004496574402,0.4755900502204895
3000,2,0.1332990676164627,0.0007248803740367293,0.13089703023433685,0.0,0.013222967274487019,0.0012470874935388565,0.0012459354475140572,0.2674272358417511,0.4771246910095215
3050,2,0.12927313148975372,0.00077145139221102,0.12851427495479584,0.0,0.013008451089262962,0.0013066470855847,0.0013046918902546167,0.2611832022666931,0.4771064817905426
3100,2,0.12734726071357727,0.0007578721269965172,0.1273587942123413,0.0,0.012767679989337921,0.0012390789343044162,0.0012344096321612597,0.25795018672943115,0.47403568029403687
3150,2,0.13298533856868744,0.0007857665186747909,0.13269151747226715,0.0,0.012758925557136536,0.0011828115675598383,0.0011792742880061269,0.26883745193481445,0.4752529263496399
3200,2,0.1301339715719223,0.0006439313292503357,0.12901856005191803,0.0,0.012715251184999943,0.0013495725579559803,0.0013493618462234735,0.2625080943107605,0.47381144762039185
3250,2,0.1255214661359787,0.000758857000619173,0.12703940272331238,0.0,0.01304412167519331,0.0011931925546377897,0.0011926620500162244,0.2557186484336853,0.4773111939430237
3300,2,0.1247464120388031,0.0006533382693305612,0.12753252685070038,0.0,0.013318083249032497,0.0011545340530574322,0.0011532183270901442,0.2552533447742462,0.4749990701675415
3350,2,0.12627223134040833,0.0006404461455531418,0.12699829041957855,0.0,0.013411717489361763,0.0009928985964506865,0.0009927493520081043,0.2559100091457367,0.4738961160182953
3400,2,0.1246781200170517,0.0007435842999257147,0.12631690502166748,0.0,0.013053109869360924,0.0012605274096131325,0.0012598561588674784,0.2542720437049866,0.47128963470458984
3450,2,0.12606845796108246,0.000650030851829797,0.12351897358894348,0.0,0.01375065091997385,0.0010436155134811997,0.001039818744175136,0.2523346245288849,0.4754577875137329
3500,2,0.13029596209526062,0.0008066660957410932,0.13217352330684662,0.0,0.013479967601597309,0.00125886092428118,0.0012572028208523989,0.2658056914806366,0.4769297242164612
3550,2,0.12308060377836227,0.000691962952259928,0.12478142976760864,0.0,0.013625037856400013,0.0011092247441411018,0.0011116014793515205,0.25078845024108887,0.47623834013938904
3600,2,0.12330098450183868,0.0006040501175448298,0.12281597405672073,0.0,0.012982979416847229,0.0012623009970411658,0.001261910772882402,0.24925819039344788,0.476556658744812
3650,2,0.1258769929409027,0.0006359831895679235,0.1276276856660843,0.0,0.01385428011417389,0.001106480835005641,0.0011071459157392383,0.25636816024780273,0.4773584008216858
3700,2,0.12166887521743774,0.0006753344787284732,0.1226017102599144,0.0,0.014035862870514393,0.001209045061841607,0.001206865068525076,0.24737586081027985,0.47360101342201233
3750,2,0.12069214135408401,0.0006769509054720402,0.12319915741682053,0.0,0.013600180856883526,0.0011447998695075512,0.0011424585245549679,0.24686911702156067,0.4723684787750244
3800,2,0.1226511299610138,0.0006704329280182719,0.12436531484127045,0.0,0.013835356570780277,0.001051704166457057,0.0010514050954952836,0.2498038113117218,0.4761628806591034
3850,2,0.1239834725856781,0.0007638592505827546,0.12536369264125824,0.0,0.013404118828475475,0.001338909612968564,0.0013373561669141054,0.25280070304870605,0.47535479068756104
3900,2,0.12267240881919861,0.0005969516350887716,0.12389697134494781,0.0,0.01348097063601017,0.0011053382186219096,0.0011058601085096598,0.24939101934432983,0.4694269001483917
3950,2,0.12053157389163971,0.0006391475326381624,0.12305448949337006,0.0,0.013349179178476334,0.0012814825167879462,0.001283847726881504,0.246803879737854,0.4789658188819885
4000,2,0.12025221437215805,0.0006638551130890846,0.11765137314796448,0.0,0.013472740538418293,0.0010975564364343882,0.0010947264963760972,0.24077320098876953,0.47430217266082764
4050,2,0.11979444324970245,0.0006503892363980412,0.12165778130292892,0.0,0.012889577075839043,0.0010548069840297103,0.0010552476160228252,0.24422556161880493,0.4745028614997864
4100,2,0.11553320288658142,0.000573578174225986,0.11713586002588272,0.0,0.013396750204265118,0.001005565281957388,0.001004196354188025,0.2352657914161682,0.47483399510383606
4150,2,0.11840792000293732,0.0005660163005813956,0.11795482784509659,0.0,0.01347954198718071,0.0011148644844070077,0.0011133609805256128,0.23917047679424286,0.4727212190628052
4200,2,0.12046423554420471,0.00066892005270347,0.12122922390699387,0.0,0.013313653878867626,0.0010232692584395409,0.0010235616937279701,0.2444225251674652,0.4801247715950012
4250,2,0.11901406943798065,0.000596232246607542,0.11906629055738449,0.0,0.013956308364868164,0.0010828326921910048,0.0010851832339540124,0.24085856974124908,0.4769119322299957
4300,2,0.1235780119895935,0.0006438878481276333,0.12277834117412567,0.0,0.013884448446333408,0.0010956228943541646,0.0010944458190351725,0.24920420348644257,0.47907066345214844
4350,2,0.11404704302549362,0.0006303488044068217,0.11741382628679276,0.0,0.01344157662242651,0.0010878404136747122,0.0010875064181163907,0.23428000509738922,0.47621285915374756
4400,2,0.11482144892215729,0.0005570462672039866,0.11554507166147232,0.0,0.013637427240610123,0.000982298282906413,0.0009802567074075341,0.2328997552394867,0.4750622510910034
4450,2,0.11410090327262878,0.0005675533902831376,0.11502623558044434,0.0,0.013388794846832752,0.0010700287530198693,0.0010705281747505069,0.23184864223003387,0.47581809759140015
4500,3,0.11576125025749207,0.0005590375512838364,0.11420932412147522,0.0,0.014114616438746452,0.0009458980639465153,0.0009431905928067863,0.23243281245231628,0.47172123193740845
4550,3,0.11589920520782471,0.000563809706363827,0.11819324642419815,0.0,0.014248856343328953,0.0011869604932144284,0.0011861110106110573,0.2370435744524002,0.47950300574302673
4600,3,0.11379922926425934,0.0005676684668287635,0.11391832679510117,0.0,0.013153915293514729,0.0009803659049794078,0.0009812870994210243,0.23026002943515778,0.4768953323364258
4650,3,0.11214295029640198,0.0006312335608527064,0.11270623654127121,0.0,0.013171017169952393,0.0010840152390301228,0.0010841600596904755,0.22766177356243134,0.4726865589618683
4700,3,0.11978083848953247,0.0006650080322287977,0.11745906621217728,0.0,0.012796888127923012,0.0010295358952134848,0.001028906088322401,0.23997615277767181,0.4760788679122925
4750,3,0.11352390050888062,0.0006361025734804571,0.11296432465314865,0.0,0.01286837924271822,0.0009805865120142698,0.000979535630904138,0.22909733653068542,0.4745289087295532
4800,3,0.11062868684530258,0.00047859817277640104,0.11235859245061874,0.0,0.01284148171544075,0.0011493550846353173,0.0011466225842013955,0.22577469050884247,0.4736213982105255
4850,3,0.11127910017967224,0.0006197580369189382,0.11161880195140839,0.0,0.012587335892021656,0.0011783076915889978,0.0011776278261095285,0.22588618099689484,0.4738121032714844
4900,3,0.10843024402856827,0.0005760627682320774,0.11313547194004059,0.0,0.012712261639535427,0.0009774435311555862,0.000977100571617484,0.22410902380943298,0.47447144985198975
4950,3,0.11027204245328903,0.0005317010800354183,0.11229758709669113,0.0,0.012697244063019753,0.0012022749288007617,0.0012025694595649838,0.2255188673734665,0.4750676453113556
5000,3,0.11462348699569702,0.0006234908942133188,0.11439699679613113,0.0,0.01269503403455019,0.0011063726851716638,0.001109639648348093,0.23187267780303955,0.47525423765182495
5050,3,0.11441286653280258,0.0005348599515855312,0.11450833082199097,0.0,0.012639832682907581,0.0012209676206111908,0.0012213662266731262,0.23191103339195251,0.4784930944442749
5100,3,0.11162582039833069,0.0004858646425418556,0.1107310801744461,0.0,0.012091781944036484,0.0011565652675926685,0.001161513733677566,0.22517293691635132,0.4810315668582916
5150,3,0.1097283661365509,0.0004671808273997158,0.10815726220607758,0.0,0.012332622893154621,0.0009807250462472439,0.0009812882635742426,0.22032715380191803,0.4715985655784607
5200,3,0.10985105484724045,0.0005349460407160223,0.1107335016131401,0.0,0.012029054574668407,0.001098062377423048,0.0011004896368831396,0.2233300656080246,0.4801059663295746
5250,3,0.1080966517329216,0.0005339091876521707,0.10999608784914017,0.0,0.011777631938457489,0.00103446573484689,0.001039211987517774,0.2207120954990387,0.48051583766937256
5300,3,0.10914082825183868,0.0005306580569595098,0.11060307174921036,0.0,0.011855279095470905,0.0009336280636489391,0.0009320615790784359,0.22215211391448975,0.46996361017227173
5350,3,0.10970299690961838,0.0005842006066814065,0.10910250246524811,0.0,0.011617191135883331,0.0009715264895930886,0.0009704770054668188,0.22134333848953247,0.4785013198852539
5400,3,0.10704397410154343,0.0005252638948149979,0.109258733689785,0.0,0.012086475268006325,0.001103946939110756,0.0011040609097108245,0.21904806792736053,0.47660917043685913
5450,3,0.10709487646818161,0.000485406955704093,0.10605360567569733,0.0,0.011882416903972626,0.0010320883011445403,0.0010324922623112798,0.2157103568315506,0.47465285658836365
5500,3,0.10684506595134735,0.0005350910359993577,0.10869812220335007,0.0,0.012047967873513699,0.0011437470093369484,0.0011466199066489935,0.21838070452213287,0.47678473591804504
5550,3,0.11059838533401489,0.0005349321872927248,0.10929644107818604,0.0,0.011847386136651039,0.0011622295714914799,0.0011636544950306416,0.22276747226715088,0.4841539263725281
5600,3,0.10669396072626114,0.0005183893954381347,0.10685998946428299,0.0,0.0118671590462327,0.0010518761118873954,0.0010538462083786726,0.2161899358034134,0.47588667273521423
5650,3,0.11212774366140366,0.0004419710021466017,0.10755503922700882,0.0,0.012082774192094803,0.0014253079425543547,0.0014224519254639745,0.22298459708690643,0.47722548246383667
5700,3,0.10824926942586899,0.0005233216215856373,0.10909947752952576,0.0,0.011854264885187149,0.0010926187969744205,0.001093206461519003,0.2200697511434555,0.4819122552871704
5750,3,0.10913710296154022,0.0004961387603543699,0.10878070443868637,0.0,0.011891186237335205,0.0010265151504427195,0.0010291622020304203,0.2204815149307251,0.4791164696216583
5800,3,0.10598903149366379,0.0005010066088289022,0.1087852269411087,0.0,0.011816579848527908,0.0010508843697607517,0.0010491778375580907,0.2173871397972107,0.4750543534755707
5850,3,0.10649636387825012,0.0004333346732892096,0.10701186209917068,0.0,0.0123865632340312,0.0010609724558889866,0.0010619935346767306,0.21607691049575806,0.47683632373809814
5900,3,0.10771608352661133,0.0006646965630352497,0.10896696150302887,0.0,0.0126766636967659,0.0012390699703246355,0.0012416219105944037,0.2198411077260971,0.4716182351112366
5950,3,0.10450343787670135,0.0006444616010412574,0.1062089055776596,0.0,0.012591398321092129,0.0010517571354284883,0.001057078829035163,0.2134782373905182,0.48010560870170593
6000,3,0.1036277711391449,0.000506105599924922,0.10391350835561752,0.0,0.012417818419635296,0.0010354684200137854,0.0010351742384955287,0.21013043820858002,0.47317081689834595
6050,3,0.10457795113325119,0.0005044784629717469,0.1065804734826088,0.0,0.012744834646582603,0.0010429560206830502,0.0010438773315399885,0.21376247704029083,0.47091060876846313
6100,3,0.10612977296113968,0.0005905695143155754,0.10486213862895966,0.0,0.012376349419355392,0.0012092137476429343,0.001210794085636735,0.21401487290859222,0.4764392375946045
6150,3,0.1050371304154396,0.0005232124822214246,0.1026633232831955,0.0,0.011918253265321255,0.0010554941836744547,0.00105792167596519,0.21034900844097137,0.47692590951919556
6200,3,0.10289966315031052,0.00046652459423057735,0.1047213077545166,0.0,0.01289132796227932,0.0011002718238160014,0.001103825867176056,0.21030449867248535,0.479646235704422
6250,3,0.10394237190485,0.0004924541572108865,0.10559327900409698,0.0,0.01223872508853674,0.00108650466427207,0.0010907832765951753,0.21221762895584106,0.4799264073371887
6300,3,0.10110025107860565,0.000486965844174847,0.10218227654695511,0.0,0.012935210950672626,0.0010045617818832397,0.0010053941514343023,0.2057923823595047,0.4715697169303894
6350,3,0.10253985226154327,0.0005105623276904225,0.10294310003519058,0.0,0.012610004283487797,0.001001338241621852,0.0010027345269918442,0.20801019668579102,0.4777459502220154
6400,3,0.10229519009590149,0.0005566581385210156,0.10507220774888992,0.0,0.012775099836289883,0.001163603737950325,0.0011625259649008512,0.2102629542350769,0.47497859597206116
6450,3,0.10589639842510223,0.0005658429581671953,0.10300907492637634,0.0,0.012374157086014748,0.001238522119820118,0.001238643773831427,0.21196085214614868,0.4792781174182892
6500,3,0.098795086145401,0.0004758808354381472,0.10000486671924591,0.0,0.012755446135997772,0.0011307524982839823,0.001133845653384924,0.20155319571495056,0.48105520009994507
6550,3,0.10387086123228073,0.00046942400513216853,0.10193473100662231,0.0,0.013225223869085312,0.0011034786002710462,0.0011036196956411004,0.2084953486919403,0.4770808815956116
6600,3,0.09669113159179688,0.0005938647082075477,0.10006031394004822,0.0,0.01243190560489893,0.0009772570338100195,0.0009794187499210238,0.1993144154548645,0.48063960671424866
6650,3,0.0980740636587143,0.000529002514667809,0.10080000013113022,0.0,0.012581012211740017,0.0010726489126682281,0.0010723602026700974,0.20156066119670868,0.47804921865463257
6700,3,0.1022239550948143,0.0004764711775351316,0.10115579515695572,0.0,0.012463248334825039,0.0009411300416104496,0.0009429495548829436,0.20575276017189026,0.4730060398578644
6750,4,0.09868509322404861,0.00045861853868700564,0.09886873513460159,0.0,0.01269880123436451,0.0010583323892205954,0.0010580129455775023,0.20014148950576782,0.47527509927749634
6800,4,0.09993533790111542,0.0005304738297127187,0.10053066164255142,0.0,0.013049459084868431,0.0010133867617696524,0.0010156090138480067,0.2030385285615921,0.4748852550983429
6850,4,0.0996752604842186,0.0005689008394256234,0.09971272945404053,0.0,0.012559697031974792,0.0009987358935177326,0.0010014689760282636,0.20196965336799622,0.4758771061897278
6900,4,0.09995725750923157,0.0004981978563591838,0.10156330466270447,0.0,0.012467114254832268,0.001022831886075437,0.001026391051709652,0.2040804624557495,0.47643178701400757
6950,4,0.09815898537635803,0.00043770542833954096,0.09980027377605438,0.0,0.012845942750573158,0.0009574623545631766,0.0009579628240317106,0.20032523572444916,0.4737740457057953
7000,4,0.10126503556966782,0.0005367505364120007,0.1011243462562561,0.0,0.012229482643306255,0.0010167488362640142,0.0010195504873991013,0.20497466623783112,0.47728103399276733
7050,4,0.0992235392332077,0.0004816037544514984,0.10052663832902908,0.0,0.012962170876562595,0.0011009107111021876,0.0011059786193072796,0.2024516463279724,0.4783196449279785
7100,4,0.09548743069171906,0.0005102134309709072,0.0996563732624054,0.0,0.012392214499413967,0.0009947876678779721,0.0009984252974390984,0.19765962660312653,0.4787255525588989
7150,4,0.09645722061395645,0.000537338899448514,0.09875240921974182,0.0,0.012856905348598957,0.0010078512132167816,0.0010096565820276737,0.19777733087539673,0.4788241982460022
7200,4,0.0980282574892044,0.00042850530007854104,0.09864448010921478,0.0,0.013161552138626575,0.0008835853077471256,0.0008832570165395737,0.19888123869895935,0.4758146405220032
7250,4,0.09975776076316833,0.0004777729045599699,0.10002288967370987,0.0,0.013006427325308323,0.0009325725841335952,0.000932469847612083,0.20213648676872253,0.4805232286453247
7300,4,0.09690652787685394,0.0004249557969160378,0.09791474044322968,0.0,0.012715649791061878,0.0009638269548304379,0.0009657361079007387,0.19718849658966064,0.48032861948013306
7350,4,0.09781043231487274,0.0004672010545618832,0.09999540448188782,0.0,0.013018658384680748,0.0009904360631480813,0.0009926995262503624,0.2002691924571991,0.47838306427001953
7400,4,0.0993494838476181,0.0005887083243578672,0.09998428821563721,0.0,0.013383311219513416,0.001139883534051478,0.0011495668441057205,0.20222529768943787,0.4758884012699127
7450,4,0.09748169779777527,0.0004447442479431629,0.09575369954109192,0.0,0.01305919885635376,0.0011177477426826954,0.0011203245958313346,0.19593125581741333,0.4774090647697449
7500,4,0.09196425974369049,0.00048757903277873993,0.09591670334339142,0.0,0.012760189361870289,0.0011219402076676488,0.001122043002396822,0.19062528014183044,0.47748059034347534
7550,4,0.09647320210933685,0.0005549447378143668,0.09687503427267075,0.0,0.013837125152349472,0.0011071485932916403,0.001109185628592968,0.19613336026668549,0.4740791916847229
7600,4,0.09311342984437943,0.0005805237451568246,0.09745773673057556,0.0,0.013328282162547112,0.0008939119870774448,0.0008940667030401528,0.1929529905319214,0.47775453329086304
7650,4,0.10102766007184982,0.0005213934346102178,0.0996469035744667,0.0,0.013396184891462326,0.001143664470873773,0.0011473677586764097,0.2035003900527954,0.4761892557144165
7700,4,0.09793649613857269,0.0005129306227900088,0.09739918261766434,0.0,0.013128784485161304,0.0010022650239989161,0.0010013149585574865,0.1978653222322464,0.47594526410102844
7750,4,0.09386632591485977,0.00046956620644778013,0.09616686403751373,0.0,0.012856910936534405,0.0009590919362381101,0.0009591393754817545,0.19243384897708893,0.4723072648048401
7800,4,0.09640345722436905,0.000529115553945303,0.09479236602783203,0.0,0.012946818955242634,0.0009624982485547662,0.000965220620855689,0.19366560876369476,0.4776448607444763
7850,4,0.09364575147628784,0.000511869671754539,0.0960790365934372,0.0,0.013286393135786057,0.0009731716709211469,0.0009739750530570745,0.19219709932804108,0.47877106070518494
7900,4,0.09562759101390839,0.0005132981459610164,0.09879939258098602,0.0,0.013124178163707256,0.0011261666659265757,0.0011264968197792768,0.19720607995986938,0.48026496171951294
7950,4,0.0955180823802948,0.0005367323756217957,0.09654074162244797,0.0,0.012661593034863472,0.0010536020854488015,0.001056295121088624,0.1947181224822998,0.48176437616348267
8000,4,0.09692861884832382,0.0005170447984710336,0.09751167893409729,0.0,0.013149075210094452,0.0011001138482242823,0.0011023893021047115,0.19717298448085785,0.47787705063819885
8050,4,0.09724924713373184,0.0005259962636046112,0.09527651220560074,0.0,0.013145592994987965,0.0011165852192789316,0.0011197910644114017,0.19530127942562103,0.4787138104438782
8100,4,0.09247441589832306,0.00043137831380590796,0.094718798995018,0.0,0.013065272942185402,0.000909708789549768,0.0009089678060263395,0.18945634365081787,0.47758007049560547
8150,4,0.10100415349006653,0.0004733059904538095,0.10050353407859802,0.0,0.012916604988276958,0.0011190178338438272,0.001120470347814262,0.20423340797424316,0.47397786378860474
8200,4,0.09363120794296265,0.0005123186274431646,0.09628641605377197,0.0,0.013902661390602589,0.001029487932100892,0.001031174324452877,0.19250451028347015,0.47921568155288696
8250,4,0.09426960349082947,0.000547025993000716,0.09518110752105713,0.0,0.013807978481054306,0.0009870735229924321,0.0009893117239698768,0.19198793172836304,0.4770151674747467
8300,4,0.09362984448671341,0.0004740986041724682,0.09373558312654495,0.0,0.01345071755349636,0.0010273612570017576,0.0010313745588064194,0.18991170823574066,0.4796518087387085
8350,4,0.09462694823741913,0.00044395221630111337,0.0952826738357544,0.0,0.01312695350497961,0.0008321419591084123,0.0008328189724124968,0.19203166663646698,0.4759848713874817
8400,4,0.09414227306842804,0.0005517660756595433,0.09593205153942108,0.0,0.01344648189842701,0.00091637356672436,0.0009165106457658112,0.1924724131822586,0.47470182180404663
8450,4,0.09306710958480835,0.000499288784340024,0.0945170521736145,0.0,0.013493961654603481,0.0009196593309752643,0.0009174771257676184,0.18993407487869263,0.4738880395889282
8500,4,0.09013140201568604,0.00044130691094323993,0.09538284689188004,0.0,0.013602894730865955,0.0007599917007610202,0.0007592324400320649,0.1874883770942688,0.472345769405365
8550,4,0.09245679527521133,0.00045030005276203156,0.09355198591947556,0.0,0.013891172595322132,0.0009201588691212237,0.0009215464233420789,0.18831467628479004,0.4794955849647522
8600,4,0.09496201574802399,0.0005701486952602863,0.0943111777305603,0.0,0.013429314829409122,0.0008929744944907725,0.000894346390850842,0.191644087433815,0.4775159955024719
8650,4,0.09095673263072968,0.0005147179472260177,0.09335470199584961,0.0,0.013281144201755524,0.0010605265852063894,0.0010637061204761267,0.18696366250514984,0.474939227104187
8700,4,0.09276826679706573,0.00043971266131848097,0.09213662147521973,0.0,0.013353592716157436,0.0010108726564794779,0.0010138745419681072,0.18738269805908203,0.4726015329360962
8750,4,0.08864383399486542,0.00045421411050483584,0.08980652689933777,0.0,0.013818250969052315,0.0007172225741669536,0.0007169868913479149,0.1803525984287262,0.46982747316360474
8800,4,0.09007736295461655,0.00045944933663122356,0.09193311631679535,0.0,0.013498218730092049,0.0008048718445934355,0.0008043410489335656,0.18409264087677002,0.4737119674682617
8850,4,0.09161525964736938,0.0004251635691616684,0.09094348549842834,0.0,0.01398471649736166,0.0008242059266194701,0.000823558191768825,0.1846456527709961,0.47032129764556885
8900,4,0.0937272310256958,0.000447989150416106,0.09133880585432053,0.0,0.013444490730762482,0.0009381403215229511,0.0009413623483851552,0.1874069720506668,0.4795565605163574
8950,4,0.09703993052244186,0.00047158903907984495,0.09551604092121124,0.0,0.013066782616078854,0.00100387551356107,0.001004388788715005,0.19504888355731964,0.47541821002960205
9000,5,0.08835159242153168,0.0004389481619000435,0.0908832997083664,0.0,0.01364419236779213,0.0008413256728090346,0.0008418019860982895,0.18137063086032867,0.47445452213287354
9050,5,0.09047301858663559,0.0005075254593975842,0.09165119379758835,0.0,0.013227042742073536,0.0009167686803266406,0.0009198261541314423,0.18448156118392944,0.47681301832199097
9100,5,0.0884847640991211,0.00041220823186449707,0.09038224071264267,0.0,0.013489329256117344,0.0008505125297233462,0.0008529058541171253,0.1809961050748825,0.47697052359580994
9150,5,0.09214652329683304,0.0005097375251352787,0.09295434504747391,0.0,0.013859339989721775,0.0008794994209893048,0.0008798554190434515,0.18738381564617157,0.46993452310562134
9200,5,0.09289728105068207,0.000461420975625515,0.0931897908449173,0.0,0.013595674186944962,0.0007945991237647831,0.0007936970796436071,0.18815039098262787,0.47601279616355896
9250,5,0.08938044309616089,0.00046523939818143845,0.08816031366586685,0.0,0.013292591087520123,0.0008764577796682715,0.0008772931760177016,0.17977303266525269,0.4772859513759613
9300,5,0.09031711518764496,0.0004388056113384664,0.08956849575042725,0.0,0.013878993690013885,0.0007400105823762715,0.0007383874617516994,0.1818166822195053,0.47344905138015747
9350,5,0.0896136611700058,0.0004214704385958612,0.09156977385282516,0.0,0.01345477718859911,0.0008237274596467614,0.0008261136244982481,0.183268204331398,0.47601985931396484
9400,5,0.09106561541557312,0.00048685321235097945,0.08976712822914124,0.0,0.014033463783562183,0.0009433315135538578,0.0009434382664039731,0.18322040140628815,0.47463926672935486
9450,5,0.09130237251520157,0.0006074119010008872,0.09123572707176208,0.0,0.014059452340006828,0.0009454113896936178,0.0009452775702811778,0.18505026400089264,0.47414085268974304
9500,5,0.08580398559570312,0.00037033320404589176,0.08637776970863342,0.0,0.014102071523666382,0.0009074471890926361,0.0009086803765967488,0.1743822991847992,0.4755421280860901
9550,5,0.09271973371505737,0.0004026945389341563,0.09401418268680573,0.0,0.01438067201524973,0.00113127869553864,0.0011334569426253438,0.18941573798656464,0.47668641805648804
9600,5,0.090787373483181,0.0004735182737931609,0.09260036051273346,0.0,0.013799152337014675,0.0008543250733055174,0.000852048397064209,0.18558143079280853,0.4756660461425781
9650,5,0.08878301084041595,0.0005122286966070533,0.09163760393857956,0.0,0.013696495443582535,0.000900416576769203,0.0009007505141198635,0.1827477067708969,0.47642961144447327
9700,5,0.09103243798017502,0.0004888480762019753,0.0937335342168808,0.0,0.01420876570045948,0.000854034093208611,0.0008560124551877379,0.18697907030582428,0.4793647825717926
9750,5,0.08967477083206177,0.00039129582000896335,0.09068836271762848,0.0,0.01388910599052906,0.0008298432221636176,0.0008314700098708272,0.18242962658405304,0.4724242687225342
9800,5,0.08631631731987,0.000518745684530586,0.0897974818944931,0.0,0.014414229430258274,0.0009555720607750118,0.0009567869128659368,0.1785593181848526,0.48163652420043945
9850,5,0.08849242329597473,0.00037677830550819635,0.08904437720775604,0.0,0.013911626301705837,0.0008378018974326551,0.000841637491248548,0.17960692942142487,0.47927024960517883
9900,5,0.08571940660476685,0.0005051143234595656,0.08937839418649673,0.0,0.014055375941097736,0.0008852186147123575,0.0008863219991326332,0.1773885041475296,0.47059446573257446
9950,5,0.08770619332790375,0.00043458101572468877,0.08603468537330627,0.0,0.013631251640617847,0.0008032399928197265,0.000805101590231061,0.17579743266105652,0.47170066833496094
10000,5,0.08603651076555252,0.00045439248788170516,0.08899212628602982,0.0,0.013968691229820251,0.0009041425073519349,0.0009066484053619206,0.17730778455734253,0.4782875180244446
10050,5,0.08872252702713013,0.00045372149907052517,0.08951283991336823,0.0,0.014316386543214321,0.0008857750799506903,0.0008873313199728727,0.18047651648521423,0.4771606922149658
10100,5,0.08632098138332367,0.00045533606316894293,0.08811233192682266,0.0,0.014056612737476826,0.0008282470516860485,0.0008271412225440145,0.17655807733535767,0.4719015955924988
10150,5,0.08581008017063141,0.00041469238931313157,0.08605223894119263,0.0,0.013940481469035149,0.0007395011489279568,0.0007398662273772061,0.17377032339572906,0.46941107511520386
10200,5,0.08952143043279648,0.00050062668742612,0.08705312013626099,0.0,0.013991975225508213,0.000768372556194663,0.0007670181221328676,0.17862455546855927,0.47224974632263184
10250,5,0.08945400267839432,0.0004840203619096428,0.09139829128980637,0.0,0.013772916048765182,0.0008416814962401986,0.0008417306235060096,0.18303349614143372,0.4785827398300171
10300,5,0.08622174710035324,0.0004595633363351226,0.08879675716161728,0.0,0.01348464097827673,0.00090694276150316,0.000906662258785218,0.1773051619529724,0.4737809896469116
10350,5,0.08617709577083588,0.0005419662920758128,0.08853653073310852,0.0,0.013414474204182625,0.0008923736168071628,0.0008955500670708716,0.1770569384098053,0.47900012135505676
10400,5,0.08775293081998825,0.0004507514531724155,0.09097716957330704,0.0,0.013433403335511684,0.0008672656258568168,0.0008697626180946827,0.18093132972717285,0.47743210196495056
10450,5,0.08911102265119553,0.0005077660316601396,0.08538985252380371,0.0,0.013916085474193096,0.0007978290086612105,0.0007991396123543382,0.1766195297241211,0.47394949197769165
10500,5,0.08824781328439713,0.0005001906538382173,0.08870194852352142,0.0,0.014460456557571888,0.0007306623738259077,0.0007298266282305121,0.17892488837242126,0.472115159034729
10550,5,0.08663199096918106,0.00039813865441828966,0.08557289838790894,0.0,0.013945162296295166,0.0008627258939668536,0.0008631875389255583,0.17434288561344147,0.4746883511543274
10600,5,0.08358541131019592,0.0004720332508441061,0.08732368797063828,0.0,0.013974037952721119,0.0008182509336620569,0.0008186441846191883,0.1730320006608963,0.47300970554351807
10650,5,0.08503703027963638,0.00041752963443286717,0.08467788249254227,0.0,0.014301042072474957,0.0007477520266547799,0.0007456050952896476,0.17164009809494019,0.4723721146583557
10700,5,0.08724357187747955,0.0005186789203435183,0.08670146018266678,0.0,0.014376165345311165,0.0008521556155756116,0.000851309800054878,0.17618156969547272,0.47360959649086
10750,5,0.08435910195112228,0.0004425852093845606,0.08729829639196396,0.0,0.01390832383185625,0.0008696001023054123,0.0008716721786186099,0.17385515570640564,0.4715441167354584
10800,5,0.08645693212747574,0.000449851097073406,0.08668418228626251,0.0,0.014171493239700794,0.0008738856995478272,0.0008754273294471204,0.17535443603992462,0.47526371479034424
10850,5,0.08906266838312149,0.0005001175450161099,0.08954059332609177,0.0,0.013979094102978706,0.0009183043730445206,0.0009210307616740465,0.18095669150352478,0.4779514968395233
10900,5,0.0844525620341301,0.000498433131724596,0.08581118285655975,0.0,0.014453200623393059,0.0008372474694624543,0.0008370531722903252,0.1724509298801422,0.4708012342453003
10950,5,0.08822276443243027,0.0004032088618259877,0.08693542331457138,0.0,0.013688735663890839,0.0007401289185509086,0.0007401201291941106,0.17705534398555756,0.4747321307659149
11000,5,0.0842549055814743,0.0004138210788369179,0.08587051182985306,0.0,0.014087389223277569,0.0008349129930138588,0.0008354127639904618,0.17222364246845245,0.475679874420166
11050,5,0.08487022668123245,0.00044958957005292177,0.08513462543487549,0.0,0.014366650022566319,0.0007678356487303972,0.0007667654426768422,0.17200340330600739,0.4687333106994629
11100,5,0.0897115021944046,0.00040741675184108317,0.09155687689781189,0.0,0.014013786800205708,0.0009094007546082139,0.0009103313786908984,0.18350952863693237,0.4754410982131958
11150,5,0.08740650117397308,0.0004448231775313616,0.08839426934719086,0.0,0.014520807191729546,0.0009007121552713215,0.0009023465681821108,0.17806316912174225,0.47522348165512085
11200,5,0.08689580112695694,0.00043871247908100486,0.08690761774778366,0.0,0.014311914332211018,0.000794316700194031,0.0007946703117340803,0.1758454293012619,0.4737515151500702
11250,6,0.08481862396001816,0.0004213206993881613,0.08522669970989227,0.0,0.013685888610780239,0.0007557199569419026,0.0007551995222456753,0.1719912439584732,0.475492000579834
11300,6,0.08613557368516922,0.00048374239122495055,0.08682876080274582,0.0,0.013738689944148064,0.0008211785461753607,0.0008194125257432461,0.17510241270065308,0.4729023873806
11350,6,0.08355729281902313,0.0004633220087271184,0.08540457487106323,0.0,0.013563783839344978,0.0007777535356581211,0.0007783691398799419,0.17099487781524658,0.4773706793785095
11400,6,0.08502040058374405,0.0005394660402089357,0.0868479460477829,0.0,0.013431825675070286,0.0007816561264917254,0.0007829470559954643,0.17398583889007568,0.47379469871520996
11450,6,0.08678396791219711,0.0004045560781378299,0.09045450389385223,0.0,0.014293295331299305,0.0008273710263893008,0.0008310807752422988,0.17931577563285828,0.4794360399246216
11500,6,0.08457117527723312,0.000445675163064152,0.08555515110492706,0.0,0.014124359004199505,0.0007707783370278776,0.0007715790416114032,0.17212849855422974,0.47418439388275146
11550,6,0.08040415495634079,0.00032700615702196956,0.08252451568841934,0.0,0.014261228032410145,0.0006512266700156033,0.0006527496152557433,0.16457390785217285,0.4707353413105011
11600,6,0.0851961225271225,0.00048360347864218056,0.08324219286441803,0.0,0.013732443563640118,0.0008044479181990027,0.0008051832555793226,0.170545294880867,0.4787003993988037
11650,6,0.08331423252820969,0.0004459577612578869,0.08401468396186829,0.0,0.014122117310762405,0.0008091908530332148,0.0008090500487014651,0.16940723359584808,0.47072193026542664
11700,6,0.0878642201423645,0.00046536236186511815,0.08936956524848938,0.0,0.014138298109173775,0.0008001354872249067,0.0008001974783837795,0.17931362986564636,0.4742973744869232
11750,6,0.0894845649600029,0.00035590381594374776,0.08816780149936676,0.0,0.014158017002046108,0.0008409394067712128,0.0008409485453739762,0.17970432341098785,0.47718942165374756
11800,6,0.08401918411254883,0.0004435277951415628,0.0861496776342392,0.0,0.014394278638064861,0.0007965478580445051,0.0007966572884470224,0.17221999168395996,0.47136324644088745
11850,6,0.07987350225448608,0.0004930043942295015,0.08552070707082748,0.0,0.014134049415588379,0.0009162137284874916,0.0009177916217595339,0.16773535311222076,0.47276097536087036
11900,6,0.08608338236808777,0.00048225559294223785,0.08524942398071289,0.0,0.014033238403499126,0.0007264688611030579,0.0007250254857353866,0.17328059673309326,0.47390300035476685
11950,6,0.08356805145740509,0.0003746422007679939,0.08260325342416763,0.0,0.014239700511097908,0.0008178672869689763,0.0008178672287613153,0.1681959331035614,0.4750954508781433
12000,6,0.08286713063716888,0.0004918733611702919,0.08336178958415985,0.0,0.013728476129472256,0.0009501978638581932,0.0009512868127785623,0.1686359941959381,0.4788869619369507
12050,6,0.08313485980033875,0.00042128172935917974,0.08360745012760162,0.0,0.013767406344413757,0.0007070561405271292,0.0007059461204335093,0.16859035193920135,0.47512418031692505
12100,6,0.08399954438209534,0.0004504480748437345,0.08587175607681274,0.0,0.013766438700258732,0.0007458244217559695,0.0007460396736860275,0.17182737588882446,0.47880619764328003
12150,6,0.08274759352207184,0.00038026197580620646,0.0838145762681961,0.0,0.014013550244271755,0.0007477697217836976,0.0007480906788259745,0.16845229268074036,0.47415491938591003
12200,6,0.08414111286401749,0.00040924607310444117,0.08753814548254013,0.0,0.014242392964661121,0.0007582317339256406,0.0007581664831377566,0.17361915111541748,0.4742503762245178
12250,6,0.08267780393362045,0.00042681669583544135,0.0854070782661438,0.0,0.013925706036388874,0.000881330925039947,0.0008814081666059792,0.1702883541584015,0.4761144518852234
12300,6,0.08511613309383392,0.00044330794480629265,0.08615141361951828,0.0,0.014115353114902973,0.0007854896830394864,0.0007838791934773326,0.173294335603714,0.473463237285614
12350,6,0.08328831195831299,0.0004464506055228412,0.08380071818828583,0.0,0.014071236364543438,0.0007816728902980685,0.0007823150372132659,0.16911353170871735,0.47825902700424194
12400,6,0.08846313506364822,0.00045550751383416355,0.08836609870195389,0.0,0.014059007167816162,0.0008844108087942004,0.0008857661159709096,0.17906898260116577,0.4780014753341675
12450,6,0.08395632356405258,0.0004104512045159936,0.085555300116539,0.0,0.014452529139816761,0.0008808838902041316,0.0008814450120553374,0.17169886827468872,0.47835180163383484
12500,6,0.08344391733407974,0.00037844228791072965,0.08532209694385529,0.0,0.013775648549199104,0.0007874466245993972,0.0007896051974967122,0.17073526978492737,0.47890228033065796
12550,6,0.0827067643404007,0.0005051553016528487,0.08241640031337738,0.0,0.014688853174448013,0.0007873967988416553,0.000788720790296793,0.1672191172838211,0.4755200743675232
12600,6,0.08363385498523712,0.0004745342303067446,0.08366616070270538,0.0,0.014377378858625889,0.0006804061122238636,0.0006781625561416149,0.16914750635623932,0.47300559282302856
12650,6,0.08260608464479446,0.0004322949389461428,0.08293363451957703,0.0,0.013736133463680744,0.0007452547433786094,0.0007461503846570849,0.16747716069221497,0.47337210178375244
12700,6,0.08309745043516159,0.0005127621116116643,0.08475150167942047,0.0,0.014566862024366856,0.0008405589032918215,0.0008428402943536639,0.1700596958398819,0.47691088914871216
12750,6,0.08079034835100174,0.0004469814011827111,0.08014833182096481,0.0,0.014072124846279621,0.0007377879810519516,0.0007375284912995994,0.16287504136562347,0.4694409966468811
12800,6,0.08125108480453491,0.0004851330886594951,0.08357247710227966,0.0,0.014700171537697315,0.0007516100886277854,0.000751547864638269,0.1668265461921692,0.46932899951934814
12850,6,0.07997643947601318,0.0004615143407136202,0.08085600286722183,0.0,0.013964531011879444,0.0007551056332886219,0.0007567248539999127,0.1628197431564331,0.47797226905822754
12900,6,0.08127868175506592,0.0004453644505701959,0.08318451046943665,0.0,0.014103144407272339,0.0007697169785387814,0.0007691096980124712,0.16646148264408112,0.4726127088069916
12950,6,0.08125907182693481,0.0005351066356524825,0.08147748559713364,0.0,0.014232009649276733,0.0009017057018354535,0.0009039706201292574,0.16509157419204712,0.476707398891449
13000,6,0.08025570213794708,0.0004461512726265937,0.08238931000232697,0.0,0.01427982747554779,0.0007360269664786756,0.0007382449693977833,0.16457970440387726,0.4747300446033478
13050,6,0.08254189789295197,0.00039567789644934237,0.08199743926525116,0.0,0.014514032751321793,0.0007364756893366575,0.0007376275025308132,0.16642363369464874,0.47378718852996826
13100,6,0.08164170384407043,0.0004472270084079355,0.08152445405721664,0.0,0.014412911608815193,0.000646211439743638,0.0006468248320743442,0.16492082178592682,0.47246053814888
13150,6,0.08108434081077576,0.0003890061052516103,0.08159676939249039,0.0,0.014440225437283516,0.0007557793287560344,0.0007560712983831763,0.16459640860557556,0.4708365797996521
13200,6,0.08244652301073074,0.00043527066009119153,0.08341047167778015,0.0,0.014742448925971985,0.0008686413639225066,0.0008708041277714074,0.16804644465446472,0.48191291093826294
13250,6,0.07967119663953781,0.0003523947671055794,0.08295819163322449,0.0,0.014758871868252754,0.0006244463147595525,0.000623897765763104,0.1642448753118515,0.46963971853256226
13300,6,0.08158841729164124,0.00046879565343260765,0.08153081685304642,0.0,0.014623369090259075,0.0007423248025588691,0.0007426178781315684,0.16508759558200836,0.47025859355926514
13350,6,0.08023229241371155,0.0004194241191726178,0.08216416835784912,0.0,0.014096771366894245,0.0005929174949415028,0.0005925217410549521,0.16401541233062744,0.4712855815887451
13400,6,0.08379371464252472,0.00040425651241093874,0.08559562265872955,0.0,0.014990906231105328,0.0007638153037987649,0.000761731993407011,0.1713341325521469,0.4750897288322449
13450,6,0.08081164956092834,0.0004325042827986181,0.08253490924835205,0.0,0.013795163482427597,0.0006812422070652246,0.0006804982549510896,0.1651546061038971,0.4755805432796478
13500,7,0.08377401530742645,0.0003896221169270575,0.08524559438228607,0.0,0.014819396659731865,0.0007686569588258862,0.00076815125066787,0.17096085846424103,0.4704209566116333
13550,7,0.08246299624443054,0.0004546176642179489,0.0826980471611023,0.0,0.014420469291508198,0.0008815698092803359,0.0008793704328127205,0.16739103198051453,0.4734821319580078
13600,7,0.08283798396587372,0.00040370202623307705,0.08330868184566498,0.0,0.014766845852136612,0.0008929151808843017,0.0008943564025685191,0.168352410197258,0.4762359857559204
13650,7,0.08056318759918213,0.0004985296400263906,0.08339975774288177,0.0,0.014359384775161743,0.0008501293486915529,0.0008506102603860199,0.16617658734321594,0.4813345670700073
13700,7,0.0791410356760025,0.0003533143026288599,0.08140858262777328,0.0,0.014948208816349506,0.0006396659300662577,0.00064109853701666,0.16219864785671234,0.47634240984916687
13750,7,0.07893191277980804,0.00042848667362704873,0.08288364112377167,0.0,0.014677082188427448,0.000714521505869925,0.0007137362845242023,0.16368699073791504,0.4744688868522644
13800,7,0.07982927560806274,0.000388741580536589,0.07796086370944977,0.0,0.01498041208833456,0.0007391399121843278,0.0007410264224745333,0.1596740186214447,0.4765675365924835
13850,7,0.08096543699502945,0.00036404127604328096,0.08035705983638763,0.0,0.015002395026385784,0.0006407347391359508,0.0006403386360034347,0.16298261284828186,0.4720667600631714
13900,7,0.07990453392267227,0.00036298122722655535,0.0828675702214241,0.0,0.014866737648844719,0.0006260899244807661,0.0006261431844905019,0.16440218687057495,0.47398364543914795
13950,7,0.07737790793180466,0.0003924491466023028,0.07941072434186935,0.0,0.01421999093145132,0.0006223725504241884,0.0006210589199326932,0.15843872725963593,0.4665738642215729
14000,7,0.08270712196826935,0.0005009843735024333,0.08069146424531937,0.0,0.01457555778324604,0.0007921854266896844,0.0007901056087575853,0.16549643874168396,0.47513508796691895
14050,7,0.08227555453777313,0.0004200515686534345,0.0802212804555893,0.0,0.01426910050213337,0.0008024182170629501,0.0008027431322261691,0.16453632712364197,0.47167831659317017
14100,7,0.08024267107248306,0.0004299019346944988,0.0798279196023941,0.0,0.014050613157451153,0.0006959569873288274,0.0006964197382330894,0.16190692782402039,0.4765498638153076
14150,7,0.07916455715894699,0.0004009678086731583,0.07712306827306747,0.0,0.014554351568222046,0.0007413699058815837,0.0007410677499137819,0.15818560123443604,0.4689114987850189
14200,7,0.08142852783203125,0.0003883843601215631,0.08180606365203857,0.0,0.014680524356663227,0.0006942639593034983,0.0006949459202587605,0.16502685844898224,0.4742377996444702
14250,7,0.08180727809667587,0.00038894344470463693,0.08131206035614014,0.0,0.014651994220912457,0.0007136176573112607,0.0007139350636862218,0.16495047509670258,0.47182345390319824
14300,7,0.07890256494283676,0.0003688464348670095,0.07960782945156097,0.0,0.014597808010876179,0.0007101148366928101,0.0007119107176549733,0.1603158861398697,0.47227761149406433
14350,7,0.07808127999305725,0.0004540239169728011,0.08059576898813248,0.0,0.01463592890650034,0.0007298956625163555,0.0007304088794626296,0.1606060117483139,0.47272250056266785
14400,7,0.07890593260526657,0.0004449218395166099,0.07956291735172272,0.0,0.014074754901230335,0.0007950016297399998,0.0007951523293741047,0.16051799058914185,0.47497838735580444
14450,7,0.08108733594417572,0.0004418800526764244,0.0782482773065567,0.0,0.014815160073339939,0.0006422775913961232,0.0006439968710765243,0.1610785722732544,0.47410672903060913
14500,7,0.08071606606245041,0.0003921781317330897,0.0806659609079361,0.0,0.014666161499917507,0.0007334231631830335,0.0007327946368604898,0.16325508058071136,0.47240138053894043
14550,7,0.08002281934022903,0.0004228950710967183,0.0812765583395958,0.0,0.014623848721385002,0.0006309465388767421,0.0006305191200226545,0.16299836337566376,0.47086697816848755
14600,7,0.07902967184782028,0.00042180344462394714,0.078026182949543,0.0,0.014205132611095905,0.0007309532375074923,0.0007316676201298833,0.1589544713497162,0.4764820337295532
14650,7,0.07953496277332306,0.0004278277338016778,0.07679028064012527,0.0,0.01459522731602192,0.0006670033908449113,0.0006686446140520275,0.15810330212116241,0.4698998034000397
14700,7,0.0788065567612648,0.00038504257099702954,0.07847282290458679,0.0,0.014475218020379543,0.000597042148001492,0.0005972232902422547,0.15887315571308136,0.46809935569763184
14750,7,0.07984798401594162,0.0004770183004438877,0.08245383948087692,0.0,0.014786956831812859,0.0008804140379652381,0.000879567232914269,0.16455359756946564,0.475171834230423
14800,7,0.08016509562730789,0.0003600362397264689,0.08071728050708771,0.0,0.014516779221594334,0.0006902068853378296,0.0006903334870003164,0.16263747215270996,0.4764098823070526
14850,7,0.08222472667694092,0.0004259136912878603,0.08246133476495743,0.0,0.01420875545591116,0.0006528633530251682,0.0006541656330227852,0.1664332151412964,0.47408920526504517
14900,7,0.07693398743867874,0.00047562544932588935,0.07963865995407104,0.0,0.01449826080352068,0.0007255313103087246,0.0007273487281054258,0.15851564705371857,0.47254201769828796
14950,7,0.0743221640586853,0.00040397487464360893,0.07937218993902206,0.0,0.014789839275181293,0.0006923899054527283,0.0006942701293155551,0.15549978613853455,0.4788752496242523
15000,7,0.07731124758720398,0.00044494960457086563,0.07710211724042892,0.0,0.014364057220518589,0.0006582887144759297,0.0006575977895408869,0.15618857741355896,0.47372564673423767
15050,7,0.07807739078998566,0.0004536451888270676,0.07868628203868866,0.0,0.014398813247680664,0.0007124579278752208,0.0007124460535123944,0.15865662693977356,0.47619351744651794
15100,7,0.08017976582050323,0.0003929543308913708,0.07874958962202072,0.0,0.01443945337086916,0.000652901129797101,0.0006530989776365459,0.16064274311065674,0.4714932441711426
15150,7,0.08090565353631973,0.00045255987788550556,0.08016550540924072,0.0,0.014552460983395576,0.0007419002358801663,0.0007437884341925383,0.16302397847175598,0.47595009207725525
15200,7,0.07588925957679749,0.0004188100865576416,0.07891027629375458,0.0,0.014666703529655933,0.0007351426174864173,0.0007353384280577302,0.15670348703861237,0.47560936212539673
15250,7,0.078281469643116,0.0004227576428093016,0.0805264413356781,0.0,0.014344272203743458,0.0007120640948414803,0.000713913410436362,0.16067101061344147,0.4733491539955139
15300,7,0.07734228670597076,0.0004458100302144885,0.07955172657966614,0.0,0.014158581383526325,0.0006932591204531491,0.0006945228669792414,0.158741757273674,0.47296813130378723
15350,7,0.07961460947990417,0.00038003595545887947,0.07880464196205139,0.0,0.014813789166510105,0.0006719184457324445,0.0006719015073031187,0.1601579189300537,0.4755828380584717
15400,7,0.08142274618148804,0.0004155227798037231,0.08245525509119034,0.0,0.014638596214354038,0.0007356485584750772,0.0007363944314420223,0.1657802015542984,0.4736725687980652
15450,7,0.0790363997220993,0.0004285151662770659,0.07954567670822144,0.0,0.014764755964279175,0.0006668738787993789,0.000666705658659339,0.16035893559455872,0.4685463309288025
15500,7,0.07816073298454285,0.0004454503650777042,0.07971221208572388,0.0,0.014471862465143204,0.0006576180458068848,0.0006576926680281758,0.15964818000793457,0.4699191153049469
15550,7,0.07276987284421921,0.0003797783574555069,0.07665932178497314,0.0,0.014905150048434734,0.0005370251601561904,0.0005370525177568197,0.15089794993400574,0.46789485216140747
15600,7,0.07905884087085724,0.0004212729982100427,0.0818750336766243,0.0,0.014392233453691006,0.0006426462205126882,0.0006432664813473821,0.16265544295310974,0.47757890820503235
15650,7,0.08046367019414902,0.00048294488806277514,0.0778515487909317,0.0,0.014640710316598415,0.0007617120863869786,0.000761728617362678,0.16033624112606049,0.47422778606414795
15700,7,0.07751752436161041,0.0004386132932268083,0.08114366978406906,0.0,0.014709565788507462,0.0007142110844142735,0.0007139773806557059,0.16054271161556244,0.4696107804775238
15750,8,0.07791072130203247,0.00036074643139727414,0.07789989560842514,0.0,0.014268792234361172,0.0006447859341278672,0.0006453377427533269,0.1574757695198059,0.4763224720954895
15800,8,0.07698040455579758,0.0003893640241585672,0.07879896461963654,0.0,0.015009824186563492,0.0005526450113393366,0.0005540094571188092,0.15729038417339325,0.4694003164768219
15850,8,0.07780374586582184,0.0003983330389019102,0.0827445313334465,0.0,0.014993501827120781,0.0006959768943488598,0.0006967578083276749,0.16235433518886566,0.47448956966400146
15900,8,0.0780944898724556,0.00041190098272636533,0.07734411209821701,0.0,0.014446352608501911,0.0006973400595597923,0.0006982964696362615,0.15726058185100555,0.4734079837799072
15950,8,0.07741522789001465,0.00041828578105196357,0.07889394462108612,0.0,0.015025956556200981,0.0006557797314599156,0.0006555364234372973,0.15805380046367645,0.4725774824619293
16000,8,0.07937832176685333,0.00044860641355626285,0.07641005516052246,0.0,0.015316781587898731,0.0007531745359301567,0.0007543787942267954,0.15775984525680542,0.47171586751937866
16050,8,0.07677619159221649,0.0004771377134602517,0.0817195475101471,0.0,0.014573226682841778,0.0006431842921301723,0.000643237610347569,0.16027386486530304,0.46879079937934875
16100,8,0.07543359696865082,0.00047160356189124286,0.07931604236364365,0.0,0.015103648416697979,0.000670654175337404,0.000670017849188298,0.15657703578472137,0.4762426018714905
16150,8,0.07657310366630554,0.00041735012200661004,0.07749971002340317,0.0,0.014573007822036743,0.0006407005712389946,0.0006408357876352966,0.15578627586364746,0.4691103994846344
16200,8,0.07352700084447861,0.0003915121778845787,0.07584219425916672,0.0,0.014568950049579144,0.0006906823255121708,0.0006910435040481389,0.15115700662136078,0.47449177503585815
16250,8,0.07838967442512512,0.000385879393434152,0.07917865365743637,0.0,0.014898010529577732,0.0006064862245693803,0.0006071500829420984,0.15918275713920593,0.4678192734718323
16300,8,0.07715324312448502,0.00044153572525829077,0.07957758754491806,0.0,0.014789883978664875,0.0006679180660285056,0.000666534062474966,0.1585216224193573,0.47313281893730164
16350,8,0.07804206758737564,0.0004892258439213037,0.07547120004892349,0.0,0.01492228452116251,0.0006806004676036537,0.0006800386472605169,0.1553780436515808,0.47324150800704956
16400,8,0.07562416791915894,0.0004366648499853909,0.07731366157531738,0.0,0.014652891084551811,0.0006351651391014457,0.0006364876753650606,0.15466079115867615,0.47375693917274475
16450,8,0.07619325816631317,0.00039242603816092014,0.07497557252645493,0.0,0.014812303707003593,0.0005745086818933487,0.000574475503526628,0.15272505581378937,0.4681839048862457
16500,8,0.07994121313095093,0.00042377281351946294,0.0757431909441948,0.0,0.014358718879520893,0.0006989382673054934,0.0007001300109550357,0.15752160549163818,0.47786563634872437
16550,8,0.07876504957675934,0.00044689374044537544,0.07908022403717041,0.0,0.014383794739842415,0.0007452815771102905,0.0007467677933163941,0.15979860723018646,0.47437751293182373
16600,8,0.07494030147790909,0.0004358605365268886,0.07787027955055237,0.0,0.014524908736348152,0.000625611690338701,0.0006230483995750546,0.15450961887836456,0.47351130843162537
16650,8,0.07773347944021225,0.00039787229616194963,0.08113259822130203,0.0,0.01489196252077818,0.00064513785764575,0.0006464752368628979,0.16057045757770538,0.4754031002521515
16700,8,0.07604952156543732,0.00038301217136904597,0.0781748965382576,0.0,0.01496392022818327,0.0006022889283485711,0.0006014672690071166,0.1558261513710022,0.4744459390640259
16750,8,0.0780932605266571,0.0003879002761095762,0.07861054688692093,0.0,0.015263378620147705,0.0006063415785320103,0.0006046405178494751,0.1583179533481598,0.4712732434272766
16800,8,0.07563020288944244,0.00037542416248470545,0.07539026439189911,0.0,0.015106924809515476,0.0006200216012075543,0.0006182731594890356,0.15264929831027985,0.46939629316329956
16850,8,0.07679742574691772,0.00041555301868356764,0.07787959277629852,0.0,0.014747214503586292,0.0006217277841642499,0.0006216746405698359,0.15635071694850922,0.4716477394104004
16900,8,0.07825812697410583,0.00041685806354507804,0.07689535617828369,0.0,0.014898155815899372,0.0006372727220878005,0.0006381008424796164,0.1568606197834015,0.4763822555541992
16950,8,0.07702542096376419,0.00037313837674446404,0.07642602175474167,0.0,0.014906219206750393,0.0005577139090746641,0.0005565189057961106,0.1549537181854248,0.46988430619239807
17000,8,0.07872074842453003,0.0004223599680699408,0.07874274998903275,0.0,0.014660459943115711,0.0006491835229098797,0.0006488960352726281,0.159198597073555,0.4724935293197632
17050,8,0.076057069003582,0.000434116373071447,0.07677670568227768,0.0,0.015205257572233677,0.0006227008998394012,0.0006206504767760634,0.15452644228935242,0.4728870093822479
17100,8,0.07452794164419174,0.00034019185113720596,0.07640992105007172,0.0,0.015340647660195827,0.0006409076158888638,0.0006423714221455157,0.15257665514945984,0.474383682012558
17150,8,0.07519495487213135,0.0003531065594870597,0.07764635235071182,0.0,0.014951750636100769,0.0006193136796355247,0.00061882782028988,0.1544474959373474,0.4738532304763794
17200,8,0.07527782022953033,0.0003700485685840249,0.07902175188064575,0.0,0.014891006983816624,0.0005894541391171515,0.0005879586096853018,0.15586191415786743,0.4706159234046936
17250,8,0.07449816912412643,0.00041884882375597954,0.07711915671825409,0.0,0.015284637920558453,0.0005450652679428458,0.0005461365799419582,0.15314266085624695,0.4707382619380951
17300,8,0.07447245717048645,0.00043732550693675876,0.07652859389781952,0.0,0.01498511154204607,0.0007427713135257363,0.0007421709597110748,0.15293832123279572,0.4740486145019531
17350,8,0.0753156766295433,0.00037687330041080713,0.07498645037412643,0.0,0.015056908130645752,0.0006480233278125525,0.0006472548702731729,0.15198932588100433,0.47222238779067993
17400,8,0.07554034143686295,0.0004075648030266166,0.07665837556123734,0.0,0.01456385850906372,0.0007375671993941069,0.0007387242512777448,0.15409712493419647,0.47229963541030884
17450,8,0.07678015530109406,0.0004644534201361239,0.07766256481409073,0.0,0.014498808421194553,0.000621497631072998,0.0006204369710758328,0.15616360306739807,0.47656548023223877
17500,8,0.07685745507478714,0.00040937523590400815,0.07972908020019531,0.0,0.015084374696016312,0.0006639964412897825,0.0006645652465522289,0.15833954513072968,0.4762808382511139
17550,8,0.074125275015831,0.0004501219664234668,0.07713976502418518,0.0,0.014831053093075752,0.0006285862764343619,0.000629864982329309,0.15298843383789062,0.4756106734275818
17600,8,0.07568741589784622,0.00040556734893471,0.07519187778234482,0.0,0.014845060184597969,0.0005929829203523695,0.00059295300161466,0.15248563885688782,0.47295188903808594
17650,8,0.0780642107129097,0.0003866877523250878,0.07647833228111267,0.0,0.014508982188999653,0.0006555821746587753,0.0006576413288712502,0.15625695884227753,0.4769561290740967
17700,8,0.07232534885406494,0.0003709282027557492,0.07530384510755539,0.0,0.014889908023178577,0.0006083642365410924,0.0006078571896068752,0.1492312252521515,0.46800199151039124
17750,8,0.07264219969511032,0.0003653697785921395,0.07753022760152817,0.0,0.014738129451870918,0.0007211652700789273,0.0007220972329378128,0.15199579298496246,0.47331175208091736
17800,8,0.07760358601808548,0.00041728263022378087,0.07875681668519974,0.0,0.01490772981196642,0.0006250564474612474,0.0006257514469325542,0.15804338455200195,0.47554150223731995
17850,8,0.07424777746200562,0.0004815155698452145,0.07281126827001572,0.0,0.015376356430351734,0.0006244947435334325,0.0006248103454709053,0.14880524575710297,0.4732554852962494
17900,8,0.07974901050329208,0.0004090758739039302,0.07869432121515274,0.0,0.014962557703256607,0.0006090980605222285,0.0006084494525566697,0.16008490324020386,0.4723335802555084
17950,8,0.07468455284833908,0.00046259775990620255,0.07643982768058777,0.0,0.014927998185157776,0.0006359086837619543,0.0006370817427523434,0.1528749018907547,0.47682201862335205
18000,9,0.07098599523305893,0.0004261635185685009,0.0737714171409607,0.0,0.015150744467973709,0.000587793649174273,0.0005879168165847659,0.14637444913387299,0.4646851718425751
18050,9,0.0757003203034401,0.00032875436590984464,0.07710711658000946,0.0,0.01564687490463257,0.000621578365098685,0.0006221415242180228,0.15439556539058685,0.4736822247505188
18100,9,0.0750041976571083,0.00042803058749996126,0.07414967566728592,0.0,0.015196902677416801,0.0006138910539448261,0.0006138109602034092,0.15082481503486633,0.4690123200416565
18150,9,0.0737333744764328,0.0003398170811124146,0.07877908647060394,0.0,0.015048903413116932,0.0007027891697362065,0.0007026309613138437,0.15427273511886597,0.4751197099685669
18200,9,0.0750664621591568,0.0003967445809394121,0.07713465392589569,0.0,0.015238654799759388,0.0005919693503528833,0.0005909573519602418,0.1537960320711136,0.4718526601791382
18250,9,0.0751824676990509,0.0003972857375629246,0.07660973817110062,0.0,0.015207145363092422,0.0006807101890444756,0.0006801007548347116,0.15356551110744476,0.47050049901008606
18300,9,0.07368307560682297,0.0003946034121327102,0.07967931777238846,0.0,0.015459706075489521,0.0005762692308053374,0.0005762079963460565,0.1549249291419983,0.47510647773742676
18350,9,0.07159627974033356,0.0003729452728293836,0.07497277855873108,0.0,0.015101398341357708,0.0006240590009838343,0.0006240970687940717,0.1482052505016327,0.470007061958313
18400,9,0.07287486642599106,0.00038509294972755015,0.07554878294467926,0.0,0.015713462606072426,0.0005262561608105898,0.000526500167325139,0.14987722039222717,0.46746256947517395
18450,9,0.07758760452270508,0.0004248175537213683,0.07768068462610245,0.0,0.015108545310795307,0.0006557130836881697,0.0006546686054207385,0.15701860189437866,0.4747186303138733
18500,9,0.07439208775758743,0.00038173876237124205,0.0744437724351883,0.0,0.014824764803051949,0.0006363610737025738,0.000636474636849016,0.15050527453422546,0.4665512442588806
18550,9,0.07379697263240814,0.00040616668411530554,0.07530492544174194,0.0,0.015201438218355179,0.0006505744531750679,0.0006512629915960133,0.15082509815692902,0.47331297397613525
18600,9,0.07189103960990906,0.00038382888305932283,0.07454132288694382,0.0,0.014830127358436584,0.0006772471824660897,0.0006764291319996119,0.14818470180034637,0.46922290325164795
18650,9,0.0731654167175293,0.00041114367195405066,0.07637283951044083,0.0,0.014911670237779617,0.0005863035330548882,0.0005865978309884667,0.15113721787929535,0.47375261783599854
18700,9,0.07206813246011734,0.000443657161667943,0.07912344485521317,0.0,0.014647449366748333,0.0005737511091865599,0.0005723547656089067,0.15279598534107208,0.47240716218948364
18750,9,0.07538079470396042,0.0003917916037607938,0.07556676119565964,0.0,0.014783460646867752,0.0006085943314246833,0.0006093191914260387,0.15257205069065094,0.4684509038925171
18800,9,0.07627841085195541,0.00039986363844946027,0.07402877509593964,0.0,0.015450737439095974,0.0005105984164401889,0.0005112105282023549,0.1517443060874939,0.47205981612205505
18850,9,0.07430102676153183,0.0003402113798074424,0.07490906119346619,0.0,0.015219283290207386,0.0005194141995161772,0.0005198699072934687,0.15060478448867798,0.4701363444328308
18900,9,0.07493101805448532,0.0003810006892308593,0.07241781800985336,0.0,0.015348346903920174,0.0006047823117114604,0.0006052745156921446,0.14895525574684143,0.4677104949951172
18950,9,0.07282689958810806,0.00038095557829365134,0.07548976689577103,0.0,0.014875529333949089,0.0006358734099194407,0.0006369473412632942,0.14998531341552734,0.47737008333206177
19000,9,0.07480524480342865,0.00041746877832338214,0.07548785209655762,0.0,0.015061555430293083,0.0005434412159956992,0.0005437395302578807,0.15181280672550201,0.4702782928943634
19050,9,0.0748828798532486,0.0003677336499094963,0.07662372291088104,0.0,0.01489231362938881,0.0005222035106271505,0.0005211291136220098,0.1529325544834137,0.46455079317092896
19100,9,0.07256479561328888,0.0003854705428238958,0.07372578978538513,0.0,0.01497852522879839,0.0006608337862417102,0.0006615500897169113,0.1480134278535843,0.46904945373535156
19150,9,0.07305736839771271,0.0003921247844118625,0.07415135204792023,0.0,0.015647808089852333,0.0005349040147848427,0.000534621300175786,0.148686021566391,0.4678276777267456
19200,9,0.07251474261283875,0.0003764308348763734,0.07187534868717194,0.0,0.014671006239950657,0.0005002992693334818,0.0005005653947591782,0.14578206837177277,0.47158554196357727
19250,9,0.07401779294013977,0.00040342213469557464,0.07277680933475494,0.0,0.015026521869003773,0.0005400769878178835,0.0005402529495768249,0.1482933759689331,0.4704163074493408
19300,9,0.0746476948261261,0.00037165978574194014,0.07531473785638809,0.0,0.01476865541189909,0.0005316960741765797,0.0005328080151230097,0.15141336619853973,0.4747563302516937
19350,9,0.07321572303771973,0.0004163296543993056,0.07212179154157639,0.0,0.014891820028424263,0.0005937208188697696,0.0005937105743214488,0.1469561606645584,0.4728323519229889
19400,9,0.07625369727611542,0.0003419487620703876,0.07573378831148148,0.0,0.015142232179641724,0.0005672267870977521,0.0005659466260112822,0.1534777581691742,0.4664231240749359
19450,9,0.07311663031578064,0.00038515799678862095,0.07408279925584793,0.0,0.015030733309686184,0.0005433453479781747,0.000542711466550827,0.14868567883968353,0.46949470043182373
19500,9,0.07452704757452011,0.0004013281431980431,0.07417324185371399,0.0,0.01533922366797924,0.0005919464747421443,0.0005912783090025187,0.15030017495155334,0.4685015082359314
19550,9,0.07324628531932831,0.00037657516077160835,0.07483138889074326,0.0,0.015553979203104973,0.0004999093944206834,0.0004977939534001052,0.14946751296520233,0.4718325138092041
19600,9,0.07425560802221298,0.00041082495590671897,0.07340965420007706,0.0,0.014728526584804058,0.00059069215785712,0.0005913482746109366,0.1492728441953659,0.4709729254245758
19650,9,0.07354032248258591,0.00037751352647319436,0.07683975994586945,0.0,0.014962085522711277,0.0005189902149140835,0.000519049761351198,0.15181060135364532,0.47194725275039673
19700,9,0.07362861931324005,0.00042422066326253116,0.0750298798084259,0.0,0.015054994262754917,0.0006410435307770967,0.0006409185007214546,0.1503797322511673,0.47350257635116577
19750,9,0.07333330065011978,0.0003315401845611632,0.07539990544319153,0.0,0.015047861263155937,0.0005126713658683002,0.0005134880775585771,0.15010595321655273,0.47174549102783203
19800,9,0.0716194435954094,0.000342414656188339,0.07261719554662704,0.0,0.015185129828751087,0.000624010048341006,0.00062438880559057,0.14584264159202576,0.4698067903518677
19850,9,0.0717630684375763,0.0003467065398581326,0.07489398121833801,0.0,0.014890442602336407,0.0005501855630427599,0.0005503846914507449,0.14811921119689941,0.47044187784194946
19900,9,0.07200182229280472,0.00041992974001914263,0.07617983967065811,0.0,0.015718821436166763,0.0006185490638017654,0.0006178283365443349,0.1498536914587021,0.4739314615726471
19950,9,0.07315230369567871,0.00037842895835638046,0.07557336986064911,0.0,0.01493645180016756,0.0006178630865179002,0.0006179719348438084,0.15035486221313477,0.4706502854824066
20000,9,0.07217377424240112,0.0003923972835764289,0.07081922888755798,0.0,0.015029741451144218,0.0005827934946864843,0.0005829510046169162,0.14456619322299957,0.4670041799545288
20050,9,0.0739520937204361,0.00038166335434652865,0.07410170137882233,0.0,0.014958605170249939,0.0005005465354770422,0.0004998281365260482,0.14945079386234283,0.4712070822715759
20100,9,0.07511173188686371,0.00038023179513402283,0.07358420640230179,0.0,0.014930544421076775,0.0006068467046134174,0.0006079123122617602,0.1503058522939682,0.4757866859436035
20150,9,0.0755799412727356,0.0003809880872722715,0.07537181675434113,0.0,0.01529023889452219,0.000535875849891454,0.0005361555377021432,0.1524200588464737,0.4716973304748535
20200,9,0.07256064563989639,0.0004280859138816595,0.07494160532951355,0.0,0.014938334934413433,0.0007033590227365494,0.0007031376007944345,0.14935176074504852,0.4722336530685425
20250,10,0.07161389291286469,0.0004439190961420536,0.07569419592618942,0.0,0.01510356180369854,0.0005462072440423071,0.0005451386678032577,0.1488584727048874,0.4726558327674866
20300,10,0.0731937512755394,0.0004144618287682533,0.07520576566457748,0.0,0.014885712414979935,0.0006133453571237624,0.0006138490280136466,0.15005606412887573,0.4717924892902374
20350,10,0.07732093334197998,0.0003181755018886179,0.07592684030532837,0.0,0.015209530480206013,0.0006334841018542647,0.0006334288045763969,0.15484806895256042,0.4727252125740051
20400,10,0.07417890429496765,0.0003625779936555773,0.07670038938522339,0.0,0.01458821352571249,0.0005348882405087352,0.0005343725206330419,0.15232571959495544,0.47118350863456726
20450,10,0.07352863997220993,0.00033208378590643406,0.07326444238424301,0.0,0.014931071549654007,0.0004976666532456875,0.0004969266592524946,0.14813469350337982,0.46787962317466736
20500,10,0.07160668075084686,0.00035178763209842145,0.07152588665485382,0.0,0.014931450597941875,0.0005484793800860643,0.0005482790293172002,0.14459604024887085,0.47317495942115784
20550,10,0.07300542294979095,0.000341916544130072,0.07433648407459259,0.0,0.015519294887781143,0.0006200728239491582,0.0006218115449883044,0.14894121885299683,0.47472232580184937
20600,10,0.07456861436367035,0.00038839830085635185,0.07708321511745453,0.0,0.01477859728038311,0.0006333324126899242,0.0006331177428364754,0.15332145988941193,0.4728022515773773
20650,10,0.07200852036476135,0.0003551913541741669,0.07158108800649643,0.0,0.01540364045649767,0.0005705895600840449,0.0005700542824342847,0.14510084688663483,0.472650945186615
20700,10,0.07234956324100494,0.0003999369218945503,0.07447794824838638,0.0,0.015013228170573711,0.0006365998415276408,0.0006368956528604031,0.1485159695148468,0.47195953130722046
20750,10,0.07157868146896362,0.0003304268466308713,0.07394978404045105,0.0,0.01528923399746418,0.0005890211905352771,0.0005891802720725536,0.14705237746238708,0.47154295444488525
20800,10,0.072848379611969,0.00036139547592028975,0.07285026460886002,0.0,0.01504515577107668,0.0005026746075600386,0.0005033689085394144,0.1470811367034912,0.4666813910007477
20850,10,0.07032287120819092,0.00038564714486710727,0.07478170096874237,0.0,0.015368077903985977,0.0005199612933211029,0.0005190243246033788,0.14654457569122314,0.4706433415412903
20900,10,0.07254325598478317,0.00039361391100101173,0.0742044448852539,0.0,0.015073657035827637,0.0005662904586642981,0.000566168106161058,0.14828884601593018,0.4716237187385559
20950,10,0.07571646571159363,0.00038166966987773776,0.07469307631254196,0.0,0.015242029912769794,0.0005081185372546315,0.00050792854744941,0.1518225073814392,0.46782463788986206
21000,10,0.07098187506198883,0.0004016763996332884,0.0756300687789917,0.0,0.015485763549804688,0.0005445092683658004,0.0005439253873191774,0.1481175422668457,0.4669252038002014
21050,10,0.07367943972349167,0.00039875705260783434,0.07195716351270676,0.0,0.015687184408307076,0.0006009680218994617,0.0006003165035508573,0.14725233614444733,0.47479286789894104
21100,10,0.07278243452310562,0.00042330435826443136,0.07444402575492859,0.0,0.014850113540887833,0.0005424452829174697,0.0005428321310319006,0.14874990284442902,0.4717214107513428
21150,10,0.07252952456474304,0.00037731602787971497,0.0735907331109047,0.0,0.014919516630470753,0.0005929076578468084,0.0005919711547903717,0.14769737422466278,0.4727948307991028
21200,10,0.07195708900690079,0.0003750941250473261,0.0737011507153511,0.0,0.015430750325322151,0.0005263284547254443,0.000525487819686532,0.14710058271884918,0.46712526679039
21250,10,0.07159383594989777,0.00033919644192792475,0.07328999787569046,0.0,0.015305927954614162,0.0005825815605930984,0.000582542852498591,0.1464034467935562,0.47303080558776855
21300,10,0.07157013565301895,0.00031892239348962903,0.07126405835151672,0.0,0.015163776464760303,0.0004884478403255343,0.0004899144405499101,0.1441466510295868,0.4705180823802948
21350,10,0.07078813761472702,0.0003757536760531366,0.07743500918149948,0.0,0.01511333603411913,0.0005382316885516047,0.0005377554334700108,0.14969000220298767,0.4736895263195038
21400,10,0.07128728926181793,0.0003829331253655255,0.07347322255373001,0.0,0.015079491771757603,0.0005897448281757534,0.0005896355141885579,0.14633791148662567,0.4691232442855835
21450,10,0.07487146556377411,0.0005987941403873265,0.07873774319887161,0.0,0.015493962913751602,0.0007969670696184039,0.0007958185160532594,0.15581628680229187,0.477316677570343
21500,10,0.07184945791959763,0.0004926219116896391,0.07196245342493057,0.0,0.015228656120598316,0.0005539715057238936,0.0005543476436287165,0.14542809128761292,0.47494494915008545
21550,10,0.07454781979322433,0.00042130600195378065,0.07377222925424576,0.0,0.015033232048153877,0.0006094694836065173,0.0006099535385146737,0.14997582137584686,0.4737597703933716
21600,10,0.07531604915857315,0.0003772239724639803,0.07534535974264145,0.0,0.015238235704600811,0.000618496909737587,0.0006189683335833251,0.15229134261608124,0.47411683201789856
21650,10,0.07420307397842407,0.000407558458391577,0.0725620836019516,0.0,0.016300851479172707,0.0005054409266449511,0.0005046995356678963,0.1481991559267044,0.47097063064575195
21700,10,0.0705518051981926,0.00038660247810184956,0.07406885176897049,0.0,0.01533104944974184,0.0005094268126413226,0.0005091752391308546,0.14604118466377258,0.4708150625228882
21750,10,0.07086190581321716,0.00042225944343954325,0.07380270212888718,0.0,0.015748243778944016,0.0005063543794676661,0.0005071921041235328,0.14611616730690002,0.47436031699180603
21800,10,0.06940307468175888,0.0004273359081707895,0.07094497978687286,0.0,0.015505964867770672,0.00046435033436864614,0.00046533255954273045,0.14172057807445526,0.4707081913948059
21850,10,0.07225924730300903,0.0004012926365248859,0.07286065816879272,0.0,0.015201442874968052,0.0005428448785096407,0.0005435682833194733,0.14662280678749084,0.47141581773757935
21900,10,0.07140009850263596,0.00044325285125523806,0.07336436212062836,0.0,0.015408545732498169,0.0005716871819458902,0.0005734310252591968,0.14636823534965515,0.4745025038719177
21950,10,0.07084916532039642,0.00037486935616470873,0.07094550877809525,0.0,0.015475788153707981,0.0005099609261378646,0.000511610065586865,0.14320658147335052,0.4718329608440399
22000,10,0.07180017232894897,0.0003689019940793514,0.07324545830488205,0.0,0.015431014820933342,0.0006137314485386014,0.0006129211978986859,0.14665661752223969,0.47018638253211975
22050,10,0.06988483667373657,0.00034747703466564417,0.06956139951944351,0.0,0.014923547394573689,0.0005466340226121247,0.000547481351532042,0.14090277254581451,0.46885955333709717
22100,10,0.07102712988853455,0.00037078087916597724,0.0737590566277504,0.0,0.01505224872380495,0.0005941205890849233,0.0005941616836935282,0.14636029303073883,0.4700455367565155
22150,10,0.07223061472177505,0.00034037878504022956,0.07233884185552597,0.0,0.015190944075584412,0.0005581937730312347,0.0005575201939791441,0.14604072272777557,0.4644787907600403
22200,10,0.0703558474779129,0.00034887506626546383,0.07112975418567657,0.0,0.015490008518099785,0.0005060042021796107,0.0005057426169514656,0.14286170899868011,0.47050291299819946
22250,10,0.07117565721273422,0.00044423752115108073,0.07190027087926865,0.0,0.014979279600083828,0.0005360519280657172,0.0005349750863388181,0.14460617303848267,0.46962425112724304
22300,10,0.07251863926649094,0.0003533475683070719,0.07305104285478592,0.0,0.015313397161662579,0.0005527244065888226,0.0005540298298001289,0.1470451056957245,0.4719582796096802
22350,10,0.07279784232378006,0.000384738203138113,0.07544118911027908,0.0,0.015521509572863579,0.0005625442136079073,0.0005623743636533618,0.14976420998573303,0.470109224319458
22400,10,0.06968887150287628,0.00036894294316880405,0.06950044631958008,0.0,0.015558461658656597,0.0005231457762420177,0.0005230168462730944,0.14061997830867767,0.4693242311477661
22450,10,0.06916138529777527,0.00047482852824032307,0.07026191055774689,0.0,0.015578852966427803,0.0005720978369936347,0.0005721186171285808,0.14105790853500366,0.46618396043777466
22500,11,0.07276679575443268,0.0003753883938770741,0.07443629205226898,0.0,0.015484543517231941,0.0006019233842380345,0.0006000734283588827,0.1487959623336792,0.46973860263824463
22550,11,0.07235532999038696,0.0003839580458588898,0.07525414228439331,0.0,0.015576896257698536,0.0005392004968598485,0.000540701556019485,0.14908890426158905,0.4685414433479309
22600,11,0.07227220386266708,0.00040015880949795246,0.0735522210597992,0.0,0.015438954345881939,0.0006178755429573357,0.0006170693086460233,0.1474749743938446,0.4741451144218445
22650,11,0.06998014450073242,0.0003446421178523451,0.0710829645395279,0.0,0.01579299569129944,0.0005119547713547945,0.0005110739730298519,0.1424465775489807,0.46831583976745605
22700,11,0.07181056588888168,0.000354829418938607,0.0716278925538063,0.0,0.015597901307046413,0.0005216468125581741,0.0005229158559814095,0.14485344290733337,0.47459280490875244
22750,11,0.07155220210552216,0.00042565265903249383,0.07270126789808273,0.0,0.01515082735568285,0.000557963561732322,0.0005578106502071023,0.1458100527524948,0.473993182182312
22800,11,0.0688374862074852,0.00037161167711019516,0.06860030442476273,0.0,0.015814509242773056,0.0005407939897850156,0.0005401707603596151,0.13890616595745087,0.463101327419281
22850,11,0.07202082872390747,0.00033736717887222767,0.07269319146871567,0.0,0.015177447348833084,0.0005847769789397717,0.0005850900197401643,0.14623643457889557,0.4742761254310608
22900,11,0.07055597007274628,0.00033839134266600013,0.07008182257413864,0.0,0.015453201718628407,0.0005392397288233042,0.0005394737236201763,0.14207035303115845,0.4694727063179016
22950,11,0.07127595692873001,0.00040498972521163523,0.07456594705581665,0.0,0.015299401246011257,0.0005234499694779515,0.0005232061957940459,0.1473088562488556,0.469546914100647
23000,11,0.0715978741645813,0.0004563906404655427,0.06959912180900574,0.0,0.015006113797426224,0.0005317910108715296,0.0005311826826073229,0.14273136854171753,0.46712756156921387
23050,11,0.07068324834108353,0.0003751377225853503,0.07158217579126358,0.0,0.015272870659828186,0.0005443636910058558,0.000544475216884166,0.14374467730522156,0.47259366512298584
23100,11,0.07120915502309799,0.00040247885044664145,0.07379215955734253,0.0,0.015708619728684425,0.0005992274382151663,0.0005988296470604837,0.1466175615787506,0.4743880331516266
23150,11,0.06905166059732437,0.0003703534894157201,0.07000234723091125,0.0,0.014965519309043884,0.0005352082662284374,0.0005351842846721411,0.1405097097158432,0.4696863889694214
23200,11,0.06916394084692001,0.00033727585105225444,0.07158495485782623,0.0,0.015329767018556595,0.0004695759271271527,0.0004689835768658668,0.14204005897045135,0.47221219539642334
23250,11,0.07087761908769608,0.00035014504101127386,0.072090744972229,0.0,0.015532386489212513,0.0005469585885293782,0.0005469797761179507,0.14442797005176544,0.4689003825187683
23300,11,0.07060112804174423,0.00037283345591276884,0.07245662808418274,0.0,0.015295050106942654,0.0005382821545936167,0.000538766267709434,0.14452293515205383,0.46920186281204224
23350,11,0.0755787193775177,0.0003962062473874539,0.07358702272176743,0.0,0.015073643997311592,0.0005369706777855754,0.0005360075738281012,0.1506499946117401,0.471158891916275
23400,11,0.06898512691259384,0.00043510092655196786,0.07300534099340439,0.0,0.014927503652870655,0.0004660345730371773,0.0004648443136829883,0.1433713734149933,0.46908795833587646
23450,11,0.07208864390850067,0.0003209579735994339,0.07215490192174911,0.0,0.01505233719944954,0.0006043879548087716,0.0006050002411939204,0.14578895270824432,0.4721603989601135
23500,11,0.07023816555738449,0.00035687495255842805,0.06732833385467529,0.0,0.015070072375237942,0.0005280255572870374,0.0005276086740195751,0.13899406790733337,0.4652771055698395
23550,11,0.07288933545351028,0.0003360446426086128,0.07171512395143509,0.0,0.015244079753756523,0.0006056440761312842,0.0006051086820662022,0.14616648852825165,0.4697091579437256
23600,11,0.07101469486951828,0.00038455543108284473,0.07013634592294693,0.0,0.015709443017840385,0.0005152776720933616,0.0005161045119166374,0.14258268475532532,0.47043541073799133
23650,11,0.07076696306467056,0.0003911642706952989,0.07336265593767166,0.0,0.015367092564702034,0.0005511012859642506,0.0005518103134818375,0.1456390619277954,0.47170019149780273
23700,11,0.06879264116287231,0.0003497619181871414,0.0717402845621109,0.0,0.016011178493499756,0.0005103137227706611,0.0005106478929519653,0.14191965758800507,0.4732987880706787
23750,11,0.07177160680294037,0.00044651160715147853,0.07424553483724594,0.0,0.01572459377348423,0.000566258211620152,0.0005659007001668215,0.14761154353618622,0.4687463641166687
23800,11,0.07164876908063889,0.00042841240065172315,0.07232999801635742,0.0,0.01546741183847189,0.0006381572457030416,0.0006386383902281523,0.14569944143295288,0.47782647609710693
23850,11,0.06826749444007874,0.00033807684667408466,0.07228470593690872,0.0,0.015783220529556274,0.0004912684089504182,0.0004909841809421778,0.1418883055448532,0.4699116349220276
23900,11,0.07012753933668137,0.00036221492337062955,0.07252349704504013,0.0,0.015267299488186836,0.0004436822491697967,0.0004442437784746289,0.14391645789146423,0.4691382050514221
23950,11,0.0698365867137909,0.0003821641148533672,0.06933076679706573,0.0,0.015350431203842163,0.0005420523229986429,0.0005422087269835174,0.14064913988113403,0.4744257628917694
24000,11,0.07252398133277893,0.0003979964822065085,0.07415071874856949,0.0,0.015664247795939445,0.0005022275727242231,0.0005022883997298777,0.14809288084506989,0.4728265106678009
24050,11,0.06960108131170273,0.0003246132982894778,0.06595960259437561,0.0,0.015380637720227242,0.00047558353981003165,0.0004751470987685025,0.13685140013694763,0.471740186214447
24100,11,0.0694887712597847,0.00032012583687901497,0.0694420114159584,0.0,0.015032220631837845,0.0005023378180339932,0.0005027131410315633,0.14027099311351776,0.4693619906902313
24150,11,0.07096337527036667,0.0004002775240223855,0.07201442122459412,0.0,0.015507063828408718,0.0005664409836754203,0.0005656365538015962,0.1445256620645523,0.4745684266090393
24200,11,0.06926968693733215,0.00035080534871667624,0.07004992663860321,0.0,0.015208686701953411,0.00048069580225273967,0.0004803375340998173,0.14064666628837585,0.4752922058105469
24250,11,0.06688705831766129,0.0004034911107737571,0.07240790128707886,0.0,0.015237467363476753,0.00044900464126840234,0.0004479240160435438,0.14061062037944794,0.4683385491371155
24300,11,0.07080935686826706,0.00039357930654659867,0.07040078192949295,0.0,0.015294106677174568,0.0005444221314974129,0.0005458354717120528,0.14270925521850586,0.4750831723213196
24350,11,0.07051881402730942,0.0004024519002996385,0.07094970345497131,0.0,0.01535860076546669,0.000535252271220088,0.0005351709551177919,0.14295676350593567,0.4718969166278839
24400,11,0.0678955540060997,0.00038871337892487645,0.07031073421239853,0.0,0.015401873737573624,0.0005454692291095853,0.0005456670187413692,0.13970154523849487,0.470053493976593
24450,11,0.06912049651145935,0.0004431426932569593,0.0697154700756073,0.0,0.015037649311125278,0.0004982320824638009,0.0004989870940335095,0.14029136300086975,0.4692648649215698
24500,11,0.07066752761602402,0.0003689700970426202,0.07221704721450806,0.0,0.015877777710556984,0.0006016786210238934,0.0006018431158736348,0.14447294175624847,0.4672257602214813
24550,11,0.06949649006128311,0.00037016277201473713,0.07325874269008636,0.0,0.01588972844183445,0.0005220916355028749,0.0005206747446209192,0.14418403804302216,0.47140806913375854
24600,11,0.06763198971748352,0.0003886804624926299,0.07009176164865494,0.0,0.014945915900170803,0.00047353911213576794,0.0004732133529614657,0.13907411694526672,0.4712026119232178
24650,11,0.06923901289701462,0.00038929362199269235,0.06830132007598877,0.0,0.015192185528576374,0.0006028148345649242,0.0006029302021488547,0.13915055990219116,0.46815726161003113
24700,12,0.07020872086286545,0.0003890391089953482,0.07248622179031372,0.0,0.015144454315304756,0.0005745510570704937,0.0005747007089667022,0.1442483812570572,0.4736657738685608
24750,12,0.07078441232442856,0.000366070365998894,0.07191738486289978,0.0,0.015605168417096138,0.0006304122507572174,0.000631181406788528,0.14434505999088287,0.47702646255493164
24800,12,0.0691462904214859,0.0003761123516596854,0.06733985245227814,0.0,0.01547838095575571,0.0005065249861218035,0.0005065827863290906,0.13789084553718567,0.47124892473220825
24850,12,0.07216087728738785,0.00035151210613548756,0.07321261614561081,0.0,0.015462945215404034,0.0004964405088685453,0.0004955345066264272,0.14673244953155518,0.4687771797180176
24900,12,0.07215604186058044,0.00035699797444976866,0.07196381688117981,0.0,0.015542321838438511,0.0005376118933781981,0.0005386832635849714,0.14556869864463806,0.47403979301452637
24950,12,0.0710248351097107,0.0003081791801378131,0.07121352851390839,0.0,0.01560784038156271,0.00041247918852604926,0.00041333207627758384,0.14338794350624084,0.47111499309539795
25000,12,0.07132544368505478,0.0004030017298646271,0.06920032203197479,0.0,0.015353325754404068,0.0004904065863229334,0.0004906480899080634,0.1419251710176468,0.4730512499809265
25050,12,0.0696382224559784,0.00038942613173276186,0.07239202409982681,0.0,0.015948642045259476,0.0005791615112684667,0.0005799671052955091,0.14359474182128906,0.477534681558609
25100,12,0.06757612526416779,0.00029890763107687235,0.0688486099243164,0.0,0.015883151441812515,0.00046003039460629225,0.0004599959938786924,0.13765954971313477,0.4719746708869934
25150,12,0.06884200870990753,0.00040699588134884834,0.07044033706188202,0.0,0.015771260485053062,0.0005109216435812414,0.0005113188526593149,0.14072734117507935,0.4726490080356598
25200,12,0.07041683793067932,0.00033624673960730433,0.07178398221731186,0.0,0.015062564052641392,0.0004812948754988611,0.00048202145262621343,0.1435154378414154,0.4721883535385132
25250,12,0.06974759697914124,0.0003311530454084277,0.07107513397932053,0.0,0.015500330366194248,0.0006135747535154223,0.0006143340142443776,0.14239729940891266,0.471915066242218
25300,12,0.06773938983678818,0.00037333002546802163,0.07173121720552444,0.0,0.015773016959428787,0.00041816383600234985,0.000416825118009001,0.14069470763206482,0.467742383480072
25350,12,0.06881166994571686,0.0003816093667410314,0.07152317464351654,0.0,0.015318335965275764,0.000507128715980798,0.0005081595736555755,0.14174707233905792,0.4736623167991638
25400,12,0.06752177327871323,0.000399556418415159,0.06998949497938156,0.0,0.015515733510255814,0.0005745989037677646,0.0005744897644035518,0.13907542824745178,0.47214895486831665
25450,12,0.06906355172395706,0.00039406566065736115,0.06806173920631409,0.0,0.015869170427322388,0.0005967003526166081,0.0005966114695183933,0.1387285441160202,0.47003796696662903
25500,12,0.06725140661001205,0.0004498983907978982,0.07015074789524078,0.0,0.015584194101393223,0.0005575721152126789,0.0005570786306634545,0.13898228108882904,0.46908995509147644
25550,12,0.06819437444210052,0.0003669622237794101,0.07165013253688812,0.0,0.01574728637933731,0.0005144228925928473,0.0005135670071467757,0.1412551999092102,0.4666154384613037
25600,12,0.06849677860736847,0.00038015100290067494,0.07110258936882019,0.0,0.015288097783923149,0.000511129037477076,0.0005126000614836812,0.14101852476596832,0.4716305434703827
25650,12,0.06724554300308228,0.00037796213291585445,0.06861652433872223,0.0,0.015493081882596016,0.00043284925050102174,0.0004328934010118246,0.1371212750673294,0.4685462713241577
25700,12,0.06924847513437271,0.0003318922535981983,0.06790681183338165,0.0,0.015723029151558876,0.0005020273383706808,0.0005013079498894513,0.1385062336921692,0.46768808364868164
25750,12,0.06945966929197311,0.000431904976721853,0.06925911456346512,0.0,0.015546527691185474,0.0005179286235943437,0.0005192692042328417,0.14020341634750366,0.47223347425460815
25800,12,0.06967867910861969,0.0003615014720708132,0.07106133550405502,0.0,0.015412070788443089,0.0004926281981170177,0.0004926248220726848,0.1421021670103073,0.47701215744018555
25850,12,0.06914688646793365,0.0004069096758030355,0.07069732248783112,0.0,0.015458688139915466,0.0005071298219263554,0.0005071246414445341,0.14128081500530243,0.4733762741088867
25900,12,0.06883889436721802,0.0002938015095423907,0.07261766493320465,0.0,0.015723206102848053,0.0005421586683951318,0.0005416240310296416,0.142849862575531,0.47176438570022583
25950,12,0.07110165804624557,0.0003509243833832443,0.06961528956890106,0.0,0.01590493880212307,0.0005572166992351413,0.0005574525566771626,0.14219842851161957,0.47201842069625854
26000,12,0.07198728621006012,0.00039174739504233,0.07005512714385986,0.0,0.015843380242586136,0.0005140339490026236,0.0005145747563801706,0.1434786021709442,0.47284990549087524
26050,12,0.06807269155979156,0.00040065686334855855,0.07288948446512222,0.0,0.01554320938885212,0.0005832643364556134,0.0005825294647365808,0.14254416525363922,0.47327080368995667
26100,12,0.06850748509168625,0.0004276861436665058,0.07030587643384933,0.0,0.01576448231935501,0.0004248887416906655,0.0004253610095474869,0.14010705053806305,0.46710652112960815
26150,12,0.0695415586233139,0.000426211190642789,0.06920255720615387,0.0,0.015413922257721424,0.0005196616984903812,0.0005214999546296895,0.14022688567638397,0.4706389605998993
26200,12,0.06873581558465958,0.00036332482704892755,0.0705510750412941,0.0,0.015529338270425797,0.000499528250657022,0.0004998137592338026,0.14066509902477264,0.47187331318855286
26250,12,0.06952766329050064,0.00043901155004277825,0.07029736042022705,0.0,0.015436990186572075,0.0005777372280135751,0.0005774287274107337,0.14143463969230652,0.471477210521698
26300,12,0.06746920943260193,0.00034933496499434114,0.07202085852622986,0.0,0.015491217374801636,0.00039822395774535835,0.0003978582099080086,0.14065098762512207,0.469706267118454
26350,12,0.0664917454123497,0.0004738181014545262,0.07096106559038162,0.0,0.015681225806474686,0.0005557931726798415,0.0005558301927521825,0.13905394077301025,0.47451210021972656
26400,12,0.06811809539794922,0.00036951963556930423,0.06818284839391708,0.0,0.015778161585330963,0.00044852864812128246,0.0004485034733079374,0.13758328557014465,0.46943235397338867
26450,12,0.07074860483407974,0.00038927223067730665,0.06971179693937302,0.0,0.01588924415409565,0.0005696572479791939,0.0005693836137652397,0.1420046091079712,0.4669950604438782
26500,12,0.06874819099903107,0.0003141799825243652,0.07127872109413147,0.0,0.015447007492184639,0.0005219675949774683,0.0005208365619182587,0.1413993537425995,0.46778035163879395
26550,12,0.06837354600429535,0.0003606000100262463,0.06966016441583633,0.0,0.01585150510072708,0.0004988794680684805,0.0004999521188437939,0.13940899074077606,0.4732580780982971
26600,12,0.06561510264873505,0.0003869026550091803,0.06929841637611389,0.0,0.01638910360634327,0.0005364628741517663,0.0005370309809222817,0.1363903135061264,0.4717857241630554
26650,12,0.06876768171787262,0.0003494940174277872,0.07051458209753036,0.0,0.015940312296152115,0.0004901338834315538,0.0004905764944851398,0.1406283974647522,0.46913009881973267
26700,12,0.06811947375535965,0.0003367180470377207,0.07001086324453354,0.0,0.01566653698682785,0.0004081804654560983,0.00040784021257422864,0.13929873704910278,0.4709627032279968
26750,12,0.06870181858539581,0.00033856407389976084,0.07120133191347122,0.0,0.015499752946197987,0.00048419006634503603,0.00048434006748721004,0.14122574031352997,0.4705524146556854
26800,12,0.06996376067399979,0.0003712881007231772,0.07132703065872192,0.0,0.015839045867323875,0.0004915997851639986,0.0004921922227367759,0.1426617056131363,0.4738765358924866
26850,12,0.06977136433124542,0.0003588529652915895,0.0687851756811142,0.0,0.015814846381545067,0.00042924698209390044,0.0004292851663194597,0.13978973031044006,0.47167980670928955
26900,12,0.06938296556472778,0.0003885938203893602,0.06898938864469528,0.0,0.015824828296899796,0.000501275178976357,0.0005015173810534179,0.13977956771850586,0.47044089436531067
26950,13,0.06606137007474899,0.00036390166496858,0.07078012824058533,0.0,0.01506264042109251,0.0004536586639005691,0.00045357338967733085,0.13812768459320068,0.46983227133750916
27000,13,0.06795331835746765,0.000416114809922874,0.06976909935474396,0.0,0.015827612951397896,0.0005347138503566384,0.0005353192100301385,0.13922439515590668,0.4757988452911377
27050,13,0.06790702044963837,0.00040136525058187544,0.06929139047861099,0.0,0.015453425236046314,0.0005583474412560463,0.0005598519928753376,0.1387334167957306,0.4789823293685913
27100,13,0.068719282746315,0.0004869445110671222,0.07180623710155487,0.0,0.01609698310494423,0.0004785297787748277,0.0004786435456480831,0.1419857293367386,0.4678078591823578
27150,13,0.06914763897657394,0.0003953052801080048,0.0697377398610115,0.0,0.015624228864908218,0.00047454371815547347,0.00047413213178515434,0.1402449905872345,0.47104713320732117
27200,13,0.0692238137125969,0.00035800825571641326,0.07033991813659668,0.0,0.015467880293726921,0.0004860254703089595,0.0004844399227295071,0.1409076750278473,0.470706582069397
27250,13,0.06684545427560806,0.0003012336674146354,0.07017414271831512,0.0,0.016210850328207016,0.00043579022167250514,0.0004350313975010067,0.13820786774158478,0.466695100069046
27300,13,0.0661027804017067,0.00035762879997491837,0.06628134101629257,0.0,0.015635166317224503,0.0004956782795488834,0.0004955027834512293,0.13374856114387512,0.47227954864501953
27350,13,0.06802889704704285,0.0003208403359167278,0.07031518965959549,0.0,0.015365653671324253,0.000477257912280038,0.0004772832617163658,0.13963483273983002,0.47334587574005127
27400,13,0.07417772710323334,0.00043125340016558766,0.07806149870157242,0.0,0.015345783904194832,0.0008087415480986238,0.0008072612108662724,0.15430182218551636,0.46407949924468994
27450,13,0.06746213138103485,0.00038030074210837483,0.06931949406862259,0.0,0.015338088385760784,0.0006244389805942774,0.0006242494564503431,0.13842594623565674,0.47660812735557556
27500,13,0.06821712851524353,0.00036853752681054175,0.07076813280582428,0.0,0.015405441634356976,0.00045762615627609193,0.00045707891695201397,0.14028391242027283,0.4699842631816864
27550,13,0.06803718954324722,0.00036577379796653986,0.06879232823848724,0.0,0.015311704948544502,0.0005823454121127725,0.0005835166666656733,0.13837647438049316,0.4743380546569824
27600,13,0.06843527406454086,0.0003316628863103688,0.06885439157485962,0.0,0.015412973240017891,0.00046381913125514984,0.00046432067756541073,0.13856486976146698,0.4710291028022766
27650,13,0.07090358436107635,0.00037665467243641615,0.06864950805902481,0.0,0.01578795351088047,0.0005000355886295438,0.0004995923372916877,0.140945166349411,0.47038352489471436
27700,13,0.06699465215206146,0.0003745112335309386,0.0683971494436264,0.0,0.016311176121234894,0.0004954070318490267,0.000495409476570785,0.13677345216274261,0.4712070822715759
27750,13,0.06736474484205246,0.0003620508359745145,0.06799069046974182,0.0,0.01556229405105114,0.0004883772926405072,0.0004885690286755562,0.13670998811721802,0.472973108291626
27800,13,0.06989551335573196,0.00035927421413362026,0.068636454641819,0.0,0.01567644067108631,0.00045729620615020394,0.0004574317135848105,0.13982164859771729,0.4741515815258026
27850,13,0.06697673350572586,0.00040394009556621313,0.06923560053110123,0.0,0.015360665507614613,0.0004504607059061527,0.00045024597784504294,0.1375323385000229,0.47236883640289307
27900,13,0.06928913295269012,0.0003459127910900861,0.07310347259044647,0.0,0.015543166548013687,0.000503694056533277,0.0005041102995164692,0.14376187324523926,0.4722387492656708
27950,13,0.06667765229940414,0.0003596217720769346,0.06623474508523941,0.0,0.015653803944587708,0.0004967789282090962,0.0004969157162122428,0.13428138196468353,0.47268885374069214
28000,13,0.06818335503339767,0.00035178507096134126,0.06931741535663605,0.0,0.015234393998980522,0.0004969437140971422,0.0004973201430402696,0.13886204361915588,0.4697825610637665
28050,13,0.06872840970754623,0.00039179681334644556,0.06934241205453873,0.0,0.015410350635647774,0.0005049507017247379,0.0005050693871453404,0.13948804140090942,0.466793030500412
28100,13,0.06968400627374649,0.00033960299333557487,0.06947623193264008,0.0,0.015621432103216648,0.00038759526796638966,0.00038677529664710164,0.14028982818126678,0.46390441060066223
28150,13,0.06486348807811737,0.0004462034266907722,0.06669383496046066,0.0,0.01550617627799511,0.0005362443625926971,0.0005372673040255904,0.13309253752231598,0.4687325358390808
28200,13,0.06527043879032135,0.0004112170427106321,0.06809495389461517,0.0,0.015433751977980137,0.0004608879971783608,0.00046043022302910686,0.13471336662769318,0.4703364968299866
28250,13,0.06762862205505371,0.0003371273342054337,0.07005508989095688,0.0,0.015969887375831604,0.00046145531814545393,0.00046158325858414173,0.1389598548412323,0.46772482991218567
28300,13,0.06750745326280594,0.00044313198304735124,0.0708579272031784,0.0,0.015642797574400902,0.0005659298039972782,0.0005650233943015337,0.13995511829853058,0.4686627984046936
28350,13,0.0676603689789772,0.00039218401070684195,0.06706313788890839,0.0,0.016059009358286858,0.0005254060961306095,0.0005256477743387222,0.13618279993534088,0.46451422572135925
28400,13,0.06693154573440552,0.0003467659989837557,0.06618312001228333,0.0,0.015982287004590034,0.0005293132271617651,0.000529349606949836,0.13453608751296997,0.47162729501724243
28450,13,0.07034279406070709,0.00038252101512625813,0.0703645721077919,0.0,0.015674982219934464,0.0005404072580859065,0.0005408977740444243,0.14218686521053314,0.47908416390419006
28500,13,0.06950923800468445,0.0003117277519777417,0.06750469654798508,0.0,0.016399793326854706,0.0004478821065276861,0.0004477806796785444,0.13823772966861725,0.4677903652191162
28550,13,0.0668167844414711,0.00033612828701734543,0.06770317256450653,0.0,0.01563487946987152,0.0004800881433766335,0.000480701623018831,0.1358325034379959,0.47213345766067505
28600,13,0.06647523492574692,0.00031105830566957593,0.06869576871395111,0.0,0.01581926830112934,0.000501869828440249,0.0005016829818487167,0.13650144636631012,0.4724634885787964
28650,13,0.06594650447368622,0.00043947764788754284,0.06769653409719467,0.0,0.0157120693475008,0.000641155056655407,0.0006422200240194798,0.13538160920143127,0.4714401960372925
28700,13,0.06959471851587296,0.0003722797555383295,0.06958139687776566,0.0,0.01613909937441349,0.0005001045647077262,0.0005010947352275252,0.14056572318077087,0.4736906886100769
28750,13,0.06835231184959412,0.0003589600673876703,0.07013342529535294,0.0,0.016524430364370346,0.0005441150278784335,0.0005441910470835865,0.13994953036308289,0.47178512811660767
28800,13,0.06654829531908035,0.00037661846727132797,0.06796101480722427,0.0,0.015919029712677002,0.0004821271577384323,0.00048213195987045765,0.13586610555648804,0.47145524621009827
28850,13,0.06468584388494492,0.0003151301934849471,0.06565511226654053,0.0,0.015969598665833473,0.0004924065433442593,0.0004929021815769374,0.13165737688541412,0.47179901599884033
28900,13,0.0667063444852829,0.0003753709024749696,0.06765516102313995,0.0,0.01646849513053894,0.0004669923218898475,0.0004679777193814516,0.13568830490112305,0.4702448546886444
28950,13,0.06680861115455627,0.0003417746047489345,0.06796325743198395,0.0,0.015841441228985786,0.00044050824362784624,0.0004406968946568668,0.13601069152355194,0.4677090644836426
29000,13,0.06665787100791931,0.00031978313927538693,0.06853849440813065,0.0,0.01595022715628147,0.00043175072642043233,0.00043168431147933006,0.13639552891254425,0.4652508795261383
29050,13,0.06465592235326767,0.00036234897561371326,0.0670701116323471,0.0,0.015642646700143814,0.00042504206066951156,0.000424914964241907,0.13295400142669678,0.46978357434272766
29100,13,0.06585025042295456,0.00033272989094257355,0.06875282526016235,0.0,0.01622660458087921,0.00048039224930107594,0.00048037947271950543,0.13591279089450836,0.467003732919693
29150,13,0.06716364622116089,0.0003942075418308377,0.06740685552358627,0.0,0.015466372482478619,0.0004957286873832345,0.0004962551174685359,0.13597215712070465,0.47233521938323975
29200,14,0.06686241924762726,0.0003598471521399915,0.06992806494235992,0.0,0.015678247436881065,0.0005453137564472854,0.0005461137625388801,0.13825742900371552,0.4749433994293213
29250,14,0.0678529441356659,0.00036467157769948244,0.06715606153011322,0.0,0.016373300924897194,0.0005354470922611654,0.000535197090357542,0.13646070659160614,0.4709969758987427
29300,14,0.06636865437030792,0.0002997652627527714,0.06998682767152786,0.0,0.015970522537827492,0.0003696233907248825,0.000369979883544147,0.13741081953048706,0.4712793529033661
29350,14,0.06915834546089172,0.000383364618755877,0.06570230424404144,0.0,0.015798041597008705,0.0005523405270650983,0.0005522991996258497,0.13636444509029388,0.4736635684967041
29400,14,0.06675778329372406,0.0003766444860957563,0.0670970007777214,0.0,0.015851033851504326,0.0005039590178057551,0.0005050202016718686,0.13525624573230743,0.47654271125793457
29450,14,0.0659380555152893,0.000318712554872036,0.06784774363040924,0.0,0.01596156321465969,0.0004682775470428169,0.00046877749264240265,0.13505753874778748,0.46817314624786377
29500,14,0.06627491116523743,0.00038717957795597613,0.06853008270263672,0.0,0.015841957181692123,0.00043426977936178446,0.0004344843327999115,0.13607676327228546,0.46869730949401855
29550,14,0.0662064328789711,0.0003759914543479681,0.06761671602725983,0.0,0.01631001941859722,0.00042171578388661146,0.0004211145860608667,0.13505828380584717,0.4682813584804535
29600,14,0.06542716920375824,0.00035559674142859876,0.06995547562837601,0.0,0.016135675832629204,0.0004676759708672762,0.0004677088581956923,0.13668976724147797,0.47201281785964966
29650,14,0.06639894843101501,0.00033287896076217294,0.0701439306139946,0.0,0.015523084439337254,0.00045716596650891006,0.0004577890213113278,0.137806236743927,0.4694404900074005
29700,14,0.06678333878517151,0.0003611177671700716,0.06772647798061371,0.0,0.016481444239616394,0.0005221150349825621,0.0005218146834522486,0.1359313428401947,0.4752494692802429
29750,14,0.06669255346059799,0.00033991324016824365,0.0669020414352417,0.0,0.01592838205397129,0.00046719281817786396,0.00046762244892306626,0.13488523662090302,0.47031766176223755
29800,14,0.066159188747406,0.0003193674492649734,0.06735774874687195,0.0,0.016509661450982094,0.00038341060280799866,0.00038334698183462024,0.1346195638179779,0.4630947709083557
29850,14,0.06681592017412186,0.000352770381141454,0.06892278790473938,0.0,0.015833811834454536,0.0005094519583508372,0.0005088926991447806,0.1371256560087204,0.47437259554862976
29900,14,0.0680193230509758,0.0003359432448633015,0.0696866512298584,0.0,0.015729375183582306,0.0004105725674889982,0.00040935250581242144,0.13887757062911987,0.46795254945755005
29950,14,0.06622842699289322,0.000375033967429772,0.06844965368509293,0.0,0.01643376052379608,0.000481790688354522,0.00048161280574277043,0.13603295385837555,0.4698030650615692
30000,14,0.06723581254482269,0.0003382554277777672,0.06922874599695206,0.0,0.015926755964756012,0.000507849850691855,0.0005076464731246233,0.13783425092697144,0.47112831473350525
30050,14,0.06690820306539536,0.0003939417365472764,0.06765035539865494,0.0,0.015657955780625343,0.0004521793744061142,0.00045189232332631946,0.1358722299337387,0.4695311188697815
30100,14,0.06335193663835526,0.0003564689541235566,0.06272097676992416,0.0,0.01616990938782692,0.00048045770381577313,0.00048042990965768695,0.12740643322467804,0.46595168113708496
30150,14,0.06526778638362885,0.0003324292483739555,0.06820420920848846,0.0,0.015779823064804077,0.00042434653732925653,0.00042415596544742584,0.13466870784759521,0.46703267097473145
30200,14,0.06637836247682571,0.000353977142367512,0.06903530657291412,0.0,0.01565282978117466,0.0005550078931264579,0.0005553615046665072,0.13689365983009338,0.4741484522819519
30250,14,0.06581399589776993,0.0002978010452352464,0.06960517913103104,0.0,0.016645224764943123,0.0005111671052873135,0.000510715413838625,0.13675549626350403,0.46914196014404297
30300,14,0.06658610701560974,0.00035349110839888453,0.06720622628927231,0.0,0.016289496794342995,0.00041391607373952866,0.00041411956772208214,0.1349901556968689,0.4676886200904846
30350,14,0.06594761461019516,0.0003702426911331713,0.07033082097768784,0.0,0.01620705984532833,0.0004834678256884217,0.0004827554221265018,0.1376311182975769,0.47195595502853394
30400,14,0.06345277279615402,0.00030076972325332463,0.06839033216238022,0.0,0.015982553362846375,0.0004800901806447655,0.00048087042523548007,0.1331208348274231,0.4763864576816559
30450,14,0.06536698341369629,0.00037743677967227995,0.07077380269765854,0.0,0.01591411978006363,0.0004851268604397774,0.0004855233710259199,0.13750478625297546,0.47315990924835205
30500,14,0.06730523705482483,0.00037753430660814047,0.06736840307712555,0.0,0.01602032221853733,0.00048325565876439214,0.00048369585420005023,0.13603414595127106,0.47283756732940674
30550,14,0.06608611345291138,0.0003136273007839918,0.06569500267505646,0.0,0.015654291957616806,0.0004360097518656403,0.00043525142245925963,0.13298165798187256,0.46715086698532104
30600,14,0.06882200390100479,0.0003769988543353975,0.06962928920984268,0.0,0.016293058171868324,0.00047354502021335065,0.0004732015077024698,0.1397913247346878,0.4704499840736389
30650,14,0.0685160756111145,0.0003500521706882864,0.06839323043823242,0.0,0.015803702175617218,0.0004718523705378175,0.00047098257346078753,0.1382180154323578,0.4712768495082855
30700,14,0.06566710770130157,0.00031950525590218604,0.06878786534070969,0.0,0.015562249347567558,0.0004636902885977179,0.00046330917393788695,0.13571703433990479,0.46981382369995117
30750,14,0.06811413913965225,0.0004007116367574781,0.06969466805458069,0.0,0.01597265526652336,0.00048658554442226887,0.00048684002831578255,0.1391989141702652,0.46735867857933044
30800,14,0.06488585472106934,0.0003184647357556969,0.06608732044696808,0.0,0.01631995290517807,0.0004903324879705906,0.000490705540869385,0.13228899240493774,0.47240856289863586
30850,14,0.06300122290849686,0.000425657257437706,0.06414785236120224,0.0,0.016393251717090607,0.00039997248677536845,0.0004001359920948744,0.12839123606681824,0.46860069036483765
30900,14,0.06545549631118774,0.0002810802252497524,0.06852905452251434,0.0,0.01606319285929203,0.000412727240473032,0.00041358591988682747,0.13510800898075104,0.4729228913784027
30950,14,0.0662875771522522,0.00033167953370139003,0.0692799836397171,0.0,0.016035402193665504,0.00043644336983561516,0.00043677291250787675,0.1367885023355484,0.46991103887557983
31000,14,0.06473656743764877,0.0003428913187235594,0.06602557748556137,0.0,0.016225850209593773,0.0004589777672663331,0.0004604324931278825,0.13204067945480347,0.471049964427948
31050,14,0.0650118887424469,0.0003580296179279685,0.06698855757713318,0.0,0.01621871627867222,0.00042468676110729575,0.00042426257277838886,0.13322363793849945,0.4654824733734131
31100,14,0.06407004594802856,0.0003700083470903337,0.06730041652917862,0.0,0.01595447212457657,0.0004256381653249264,0.00042589817894622684,0.13260798156261444,0.47062522172927856
31150,14,0.06469440460205078,0.0003690024896059185,0.06791793555021286,0.0,0.015915237367153168,0.00048592910752631724,0.00048543198499828577,0.13396862149238586,0.46858805418014526
31200,14,0.06766346096992493,0.0003569344407878816,0.06800069659948349,0.0,0.016721289604902267,0.00045207986840978265,0.00045202384353615344,0.13694190979003906,0.4679034948348999
31250,14,0.064512237906456,0.00039275968447327614,0.0680563822388649,0.0,0.016013117507100105,0.0004104439867660403,0.00041038147173821926,0.13379822671413422,0.4691547155380249
31300,14,0.06548881530761719,0.000370655907317996,0.06851570308208466,0.0,0.016079649329185486,0.0004366626380942762,0.0004361479077488184,0.1352640688419342,0.4713587164878845
31350,14,0.06807193160057068,0.000320707680657506,0.06873875856399536,0.0,0.01610495150089264,0.000425310165155679,0.0004250616766512394,0.13799786567687988,0.47140222787857056
31400,14,0.06493066251277924,0.00034209212753921747,0.06412528455257416,0.0,0.016040172427892685,0.000406934239435941,0.00040673831244930625,0.13022775948047638,0.47037288546562195
31450,15,0.06442328542470932,0.00030483334558084607,0.06720830500125885,0.0,0.016699321568012238,0.0004686689644586295,0.00046884038602001965,0.13289064168930054,0.4705162048339844
31500,15,0.06770604848861694,0.00032354213180951774,0.06658852100372314,0.0,0.01650230400264263,0.00041560205863788724,0.00041568579035811126,0.13546589016914368,0.4707159996032715
31550,15,0.06374512612819672,0.0003495857527013868,0.06579109281301498,0.0,0.016271300613880157,0.00040692128823138773,0.00040663001709617674,0.13071563839912415,0.4685378968715668
31600,15,0.06345196813344955,0.000346896646078676,0.0664462298154831,0.0,0.016214439645409584,0.0004041124484501779,0.00040383910527452826,0.13106925785541534,0.4699838161468506
31650,15,0.06575223058462143,0.0003870565560646355,0.06773535907268524,0.0,0.015835946425795555,0.0004416871815919876,0.00044161645928397775,0.13477380573749542,0.4664880037307739
31700,15,0.0663849413394928,0.00037414731923490763,0.06595547497272491,0.0,0.016162598505616188,0.0004276817780919373,0.0004274617531336844,0.1335858851671219,0.47071731090545654
31750,15,0.06512345373630524,0.0003255466581322253,0.06677286326885223,0.0,0.015618185512721539,0.00045042717829346657,0.00045042962301522493,0.13313832879066467,0.4697505533695221
31800,15,0.06468261778354645,0.0003225069958716631,0.06663768738508224,0.0,0.015882441774010658,0.00042831632890738547,0.0004288323107175529,0.13251584768295288,0.47442808747291565
31850,15,0.06425000727176666,0.00036799622466787696,0.06666223704814911,0.0,0.015859469771385193,0.0004931595176458359,0.0004942856612615287,0.1322835385799408,0.4762662351131439
31900,15,0.06998784840106964,0.0003610801650211215,0.06836347281932831,0.0,0.016001179814338684,0.0005490075564011931,0.0005493179196491838,0.1398267298936844,0.4701922833919525
31950,15,0.06563940644264221,0.00038458540802821517,0.06466925889253616,0.0,0.015973815694451332,0.000415343907661736,0.00041567307198420167,0.13154025375843048,0.4690288007259369
32000,15,0.0656883642077446,0.00042288730037398636,0.06817986071109772,0.0,0.015837272629141808,0.0004935875767841935,0.0004936462501063943,0.13529418408870697,0.4698829650878906
32050,15,0.06601604074239731,0.00034034583950415254,0.06555875390768051,0.0,0.015783729031682014,0.0004989596782252192,0.0005000961828045547,0.1329299807548523,0.47447124123573303
32100,15,0.06554922461509705,0.00036779462243430316,0.06549688428640366,0.0,0.015703091397881508,0.000443431141320616,0.00044402616913430393,0.13231706619262695,0.4719914197921753
32150,15,0.06290148198604584,0.00035743718035519123,0.06682047992944717,0.0,0.0156461950391531,0.00039833251503296196,0.00039810361340641975,0.13089147210121155,0.4676789343357086
32200,15,0.06816593557596207,0.0004382786573842168,0.06989065557718277,0.0,0.015726057812571526,0.00042368253343738616,0.00042291206773370504,0.13935719430446625,0.46865659952163696
32250,15,0.06520850956439972,0.0003487423527985811,0.0667264461517334,0.0,0.016291478648781776,0.0004883177462033927,0.00048822633107192814,0.13327652215957642,0.4711883068084717
32300,15,0.06537187844514847,0.00044339027954265475,0.06943732500076294,0.0,0.016166914254426956,0.0004476250906009227,0.0004470889107324183,0.13616347312927246,0.4749070405960083
32350,15,0.06715734302997589,0.00040155055467039347,0.06866774708032608,0.0,0.016483761370182037,0.00047301972517743707,0.00047409249236807227,0.13719023764133453,0.4736497402191162
32400,15,0.06400677561759949,0.0003609452396631241,0.06563153862953186,0.0,0.015695760026574135,0.0005313737201504409,0.0005314704030752182,0.13107778131961823,0.47247689962387085
32450,15,0.06224671006202698,0.00036680244375020266,0.0691966712474823,0.0,0.015822872519493103,0.00040663013351149857,0.00040709986933507025,0.13263973593711853,0.46979641914367676
32500,15,0.06418715417385101,0.00031950624543242157,0.06850540637969971,0.0,0.01624114438891411,0.0004491737927310169,0.00044933476601727307,0.13392680883407593,0.47132423520088196
32550,15,0.06618531048297882,0.0003394129453226924,0.0685822069644928,0.0,0.01598752662539482,0.0005305116646923125,0.000530498567968607,0.13618391752243042,0.4757828116416931
32600,15,0.06501653045415878,0.00038337073056027293,0.06672386825084686,0.0,0.01605730690062046,0.00038634095108136535,0.00038622983265668154,0.13291239738464355,0.4632395803928375
32650,15,0.06530474871397018,0.00032180731068365276,0.06467694789171219,0.0,0.01609988324344158,0.0005405775737017393,0.0005406922427937388,0.13140086829662323,0.471404492855072
32700,15,0.06556989997625351,0.0003147840907331556,0.06540276855230331,0.0,0.01600063592195511,0.0004907210823148489,0.000490691396407783,0.13228486478328705,0.4744892120361328
32750,15,0.06815189123153687,0.0003516917349770665,0.07000192999839783,0.0,0.015629876405000687,0.0005757325561717153,0.0005750283598899841,0.1396719068288803,0.4693167209625244
32800,15,0.07495912164449692,0.0007036892930045724,0.07878522574901581,0.0,0.015636153519153595,0.0077726212330162525,0.0077793188393116,0.1700156033039093,0.47028088569641113
32850,15,0.06811878085136414,0.00041969120502471924,0.06999211013317108,0.0,0.01615591160953045,0.0005337158218026161,0.000533633166924119,0.13961409032344818,0.46504783630371094
32900,15,0.06618689745664597,0.0004049657436553389,0.06659479439258575,0.0,0.016138268634676933,0.0005167181952856481,0.0005171302473172545,0.1342366486787796,0.4709460735321045
32950,15,0.06516308337450027,0.00037940440233796835,0.06755246222019196,0.0,0.01569601148366928,0.0004968280554749072,0.000496495864354074,0.13410396873950958,0.4749133288860321
33000,15,0.06474713236093521,0.00037753654760308564,0.06917586922645569,0.0,0.016105717048048973,0.00047446516691707075,0.00047442680806852877,0.1352655291557312,0.47224974632263184
33050,15,0.06411024928092957,0.0003279882366769016,0.06556928157806396,0.0,0.016000768169760704,0.0004978798096999526,0.0004969859728589654,0.13101838529109955,0.4724831283092499
33100,15,0.06518431752920151,0.00038877176120877266,0.06754131615161896,0.0,0.016059571877121925,0.0004342000465840101,0.00043427388300187886,0.13399893045425415,0.4659689962863922
33150,15,0.06266167759895325,0.0003278798540122807,0.06613734364509583,0.0,0.01573823392391205,0.0004178574017714709,0.00041792282718233764,0.12997841835021973,0.47209176421165466
33200,15,0.06282354146242142,0.00033678743056952953,0.06742806732654572,0.0,0.016004804521799088,0.0004451685817912221,0.00044475242611952126,0.13149432837963104,0.47123515605926514
33250,15,0.06489817798137665,0.00044720733421854675,0.06397366523742676,0.0,0.015838036313652992,0.00048350810538977385,0.00048306642565876245,0.13030146062374115,0.46796926856040955
33300,15,0.06414494663476944,0.0003560523909982294,0.06582308560609818,0.0,0.016149448230862617,0.0004403723287396133,0.0004409874673001468,0.13122160732746124,0.4697083830833435
33350,15,0.06309131532907486,0.0003428594791330397,0.06445082277059555,0.0,0.01622709445655346,0.00045647757360711694,0.00045711820712313056,0.12881481647491455,0.47379070520401
33400,15,0.06650286167860031,0.00033861480187624693,0.06666003912687302,0.0,0.016386166214942932,0.00038238096749410033,0.0003821506688836962,0.1342824399471283,0.46845969557762146
33450,15,0.06466009467840195,0.0003951055114157498,0.06764449924230576,0.0,0.015818145126104355,0.00050254788948223,0.0005023995181545615,0.13372047245502472,0.4722943902015686
33500,15,0.06578557193279266,0.00032715010456740856,0.06571099162101746,0.0,0.015825754031538963,0.00041080033406615257,0.00041022198274731636,0.13266056776046753,0.4709163308143616
33550,15,0.06628576666116714,0.00039971189107745886,0.06752896308898926,0.0,0.01607763022184372,0.0005008136504329741,0.0005009247688576579,0.13523225486278534,0.47008806467056274
33600,15,0.06806336343288422,0.0003343061835039407,0.0691113993525505,0.0,0.016578489914536476,0.0005130808567628264,0.0005147690535522997,0.13855351507663727,0.4793921113014221
33650,15,0.06299076974391937,0.00041901154327206314,0.06763310730457306,0.0,0.015980716794729233,0.0004825358046218753,0.000482984003610909,0.1320243924856186,0.47019004821777344
33700,16,0.06229937821626663,0.00034048815723508596,0.06689217686653137,0.0,0.015629183501005173,0.0004785505589097738,0.0004783739859703928,0.13050459325313568,0.47413480281829834
33750,16,0.06427051872015,0.00038512522587552667,0.06618600338697433,0.0,0.015882963314652443,0.00048274442087858915,0.00048334390157833695,0.1318236142396927,0.470752477645874
33800,16,0.06359820067882538,0.0003497915458865464,0.06631436944007874,0.0,0.015791401267051697,0.00039598712464794517,0.00039688096148893237,0.13107101619243622,0.4728628695011139
33850,16,0.06667207926511765,0.00039828947046771646,0.06450352072715759,0.0,0.015531984157860279,0.0004728917556349188,0.00047314330004155636,0.1325354427099228,0.47110673785209656
33900,16,0.06283221393823624,0.00037563854129984975,0.06538882851600647,0.0,0.01567550003528595,0.0004146815917920321,0.00041534239426255226,0.12944237887859344,0.4700944423675537
33950,16,0.064924456179142,0.0003388345940038562,0.06758542358875275,0.0,0.015568912029266357,0.0004503925738390535,0.00045074388617649674,0.13376541435718536,0.4723221957683563
34000,16,0.06355127692222595,0.0003380663401912898,0.06486250460147858,0.0,0.015570112504065037,0.0004039355262648314,0.00040481198811903596,0.1295761615037918,0.47289609909057617
34050,16,0.06524305790662766,0.0004237057873979211,0.06789091229438782,0.0,0.015581252053380013,0.00044944509863853455,0.000449803308583796,0.13447251915931702,0.4704703092575073
34100,16,0.06429442018270493,0.0003504693740978837,0.06835580617189407,0.0,0.01605149172246456,0.00043202482629567385,0.00043132450082339346,0.13388009369373322,0.46899834275245667
34150,16,0.06367030739784241,0.0003368050674907863,0.06349252909421921,0.0,0.015950098633766174,0.00040460011223331094,0.00040423672180622816,0.12832441926002502,0.46703413128852844
34200,16,0.06410927325487137,0.0003111202095169574,0.06873389333486557,0.0,0.016497066244482994,0.0004167036968283355,0.00041588209569454193,0.13400337100028992,0.4707029461860657
34250,16,0.06581968069076538,0.000315972079988569,0.06400629878044128,0.0,0.01694021373987198,0.0003947144141420722,0.0003950679674744606,0.13094866275787354,0.46641308069229126
34300,16,0.0634971559047699,0.00035222171572968364,0.06565051525831223,0.0,0.015873992815613747,0.00038412082358263433,0.0003831232024822384,0.13028299808502197,0.4669734239578247
34350,16,0.06431648135185242,0.0004122760146856308,0.06440338492393494,0.0,0.01611504703760147,0.0004237599205225706,0.000424072437454015,0.12999609112739563,0.47219526767730713
34400,16,0.06241799518465996,0.00040570611599832773,0.06577499210834503,0.0,0.01632668450474739,0.0004313624231144786,0.00043142359936609864,0.12947781383991241,0.4699665904045105
34450,16,0.06489703059196472,0.00032801670022308826,0.06568824499845505,0.0,0.016149034723639488,0.0004887195536866784,0.00048792269080877304,0.13190607726573944,0.47196778655052185
34500,16,0.06339029967784882,0.00035041800583712757,0.06526456773281097,0.0,0.015736961737275124,0.00035021145595237613,0.00035020956420339644,0.12972143292427063,0.473010390996933
34550,16,0.06313696503639221,0.000331230548908934,0.065109983086586,0.0,0.015579123981297016,0.0004354621050879359,0.00043507624650374055,0.1294642984867096,0.46898528933525085
34600,16,0.06377393007278442,0.00033948940108530223,0.06434230506420135,0.0,0.016865579411387444,0.0003859515709336847,0.00038610020419582725,0.12924465537071228,0.4662434458732605
34650,16,0.06320933997631073,0.00033295160392299294,0.0641813650727272,0.0,0.016277872025966644,0.00044928124407306314,0.0004491509171202779,0.1286383718252182,0.46989569067955017
34700,16,0.06384822726249695,0.0004418025491759181,0.06708501279354095,0.0,0.01571645215153694,0.00044226463069207966,0.0004421477497089654,0.13227517902851105,0.470612496137619
34750,16,0.06595808267593384,0.00034624472027644515,0.06573005765676498,0.0,0.01614530198276043,0.00044419776531867683,0.00044536523637361825,0.13294009864330292,0.4736650884151459
34800,16,0.06508860737085342,0.00033829142921604216,0.06943543255329132,0.0,0.016198541969060898,0.0004290919750928879,0.0004294375830795616,0.13573706150054932,0.46366557478904724
34850,16,0.06382457166910172,0.0003941896720789373,0.06420810520648956,0.0,0.01596025563776493,0.000436319038271904,0.0004361720639280975,0.1293153166770935,0.46967118978500366
34900,16,0.06243794411420822,0.000320492428727448,0.06418757140636444,0.0,0.016009178012609482,0.00038844504160806537,0.000388380023650825,0.1277388334274292,0.47143855690956116
34950,16,0.06423711031675339,0.0003368370234966278,0.0648898035287857,0.0,0.016199855133891106,0.00045680609764531255,0.00045639966265298426,0.1303931474685669,0.4691925048828125
35000,16,0.0650642141699791,0.0004109003930352628,0.06351791322231293,0.0,0.015833808109164238,0.0004098383942618966,0.0004101530648767948,0.12982887029647827,0.47381168603897095
35050,16,0.06497500836849213,0.00034315415541641414,0.06574808061122894,0.0,0.01580873131752014,0.00043443680624477565,0.0004342553729657084,0.1319507360458374,0.46692103147506714
35100,16,0.06540840864181519,0.0003369609476067126,0.0681648701429367,0.0,0.01629491336643696,0.00046844774624332786,0.0004698997945524752,0.13486488163471222,0.4764949679374695
35150,16,0.06377138197422028,0.000344368745572865,0.06569027900695801,0.0,0.016431422904133797,0.0004452729190234095,0.0004461222852114588,0.13071386516094208,0.4710370898246765
35200,16,0.06844217330217361,0.00029836781322956085,0.06540365517139435,0.0,0.016047680750489235,0.00042431606561876833,0.00042432674672454596,0.13500887155532837,0.4698125123977661
35250,16,0.06649728864431381,0.0003863174933940172,0.06682435423135757,0.0,0.01622151769697666,0.0004897918552160263,0.0004897176986560225,0.13470371067523956,0.4691849648952484
35300,16,0.06353598833084106,0.00031828973442316055,0.06431238353252411,0.0,0.01650656946003437,0.0003598953189793974,0.0003599446208681911,0.12890301644802094,0.46772390604019165
35350,16,0.0651320219039917,0.00032035031472332776,0.06688050180673599,0.0,0.015680382028222084,0.0004774823028128594,0.000477834400953725,0.13330386579036713,0.4692889153957367
35400,16,0.06549570709466934,0.00035288167418912053,0.06449906527996063,0.0,0.01594749465584755,0.00041270023211836815,0.0004125500563532114,0.13118885457515717,0.46819114685058594
35450,16,0.06227516010403633,0.0003384829615242779,0.06268780678510666,0.0,0.015833863988518715,0.00042207507067359984,0.00042164867045357823,0.12616100907325745,0.4677794277667999
35500,16,0.06392280012369156,0.00029870669823139906,0.06321710348129272,0.0,0.0158536434173584,0.0004943583626300097,0.0004949623253196478,0.12844377756118774,0.47220781445503235
35550,16,0.06352555751800537,0.0003522488404996693,0.06463295966386795,0.0,0.015495222993195057,0.0005186701891943812,0.0005182640161365271,0.12956319749355316,0.4654424488544464
35600,16,0.06387068331241608,0.00033170520327985287,0.06519445031881332,0.0,0.01573941856622696,0.0003993587160948664,0.0003992635174654424,0.13021120429039001,0.4707071781158447
35650,16,0.061601392924785614,0.000359588855644688,0.06347031891345978,0.0,0.015796232968568802,0.0004779838491231203,0.00047767331125214696,0.12640275061130524,0.46653687953948975
35700,16,0.0637863278388977,0.0003025647019967437,0.062491465359926224,0.0,0.015799567103385925,0.00043949534301646054,0.00043933544657193124,0.12747497856616974,0.46698397397994995
35750,16,0.06634200364351273,0.000339820864610374,0.06574074923992157,0.0,0.015680259093642235,0.00036561029264703393,0.0003640482609625906,0.13316790759563446,0.46287286281585693
35800,16,0.06538303196430206,0.00030848674941807985,0.0668792724609375,0.0,0.016037048771977425,0.00040778127731755376,0.0004076789482496679,0.1334022879600525,0.4691755771636963
35850,16,0.06648535281419754,0.0003589790721889585,0.06700766831636429,0.0,0.016347743570804596,0.00046996879973448813,0.000470957369543612,0.13480927050113678,0.4748278260231018
35900,16,0.0647883266210556,0.00034650537418201566,0.06471048295497894,0.0,0.016402551904320717,0.00042436717194505036,0.0004241278802510351,0.13071022927761078,0.46870532631874084
35950,17,0.06211871653795242,0.0003848433552775532,0.06461715698242188,0.0,0.015703419223427773,0.0004295635153539479,0.0004300661967135966,0.1279960572719574,0.46817559003829956
36000,17,0.06421549618244171,0.0003526465152390301,0.06474252045154572,0.0,0.01575331576168537,0.00042895966907963157,0.0004291085060685873,0.13018448650836945,0.47225862741470337
36050,17,0.0642349049448967,0.0003636936889961362,0.06642648577690125,0.0,0.01624477654695511,0.00042676908196881413,0.00042654015123844147,0.13189463317394257,0.4733768701553345
36100,17,0.061933211982250214,0.0003350471961311996,0.06538894772529602,0.0,0.01563153974711895,0.0005118094850331545,0.0005121570429764688,0.12869679927825928,0.47096574306488037
36150,17,0.0630289614200592,0.00029772522975690663,0.06328915804624557,0.0,0.01597420871257782,0.0004288458148948848,0.00042872014455497265,0.1274893879890442,0.46825578808784485
36200,17,0.06440116465091705,0.00037111114943400025,0.06460946798324585,0.0,0.015532041899859905,0.00037382316077128053,0.00037385892937891185,0.13014495372772217,0.47039785981178284
36250,17,0.06320688873529434,0.00038376229349523783,0.06389936804771423,0.0,0.01568341813981533,0.00046185613609850407,0.0004624029388651252,0.12842994928359985,0.47350001335144043
36300,17,0.0649319663643837,0.00038749503437429667,0.06511204689741135,0.0,0.016325362026691437,0.00044618285028263927,0.0004466622485779226,0.13134068250656128,0.47137677669525146
36350,17,0.06349405646324158,0.00031515868613496423,0.06442712247371674,0.0,0.01575164869427681,0.0003681875532492995,0.00036842410918325186,0.12898869812488556,0.4685026705265045
36400,17,0.06526815891265869,0.0003024275356438011,0.06680241972208023,0.0,0.016049299389123917,0.00047515289043076336,0.00047682240256108344,0.13334102928638458,0.47327831387519836
36450,17,0.06461907178163528,0.00040508757228963077,0.06393158435821533,0.0,0.016022393479943275,0.00042980947182513773,0.0004303737368900329,0.1298319548368454,0.47113171219825745
36500,17,0.06492473185062408,0.00034960630000568926,0.06602484732866287,0.0,0.015542932786047459,0.00043826433829963207,0.00043701325193978846,0.13219000399112701,0.46933990716934204
36550,17,0.06465359777212143,0.0003521579201333225,0.06404975801706314,0.0,0.015696624293923378,0.0004098942445125431,0.000410208769608289,0.1298913061618805,0.4712892770767212
36600,17,0.06623725593090057,0.00035878788912668824,0.0651833638548851,0.0,0.015892766416072845,0.00044006528332829475,0.00044036071631126106,0.13267572224140167,0.472208172082901
36650,17,0.06302714347839355,0.00040405875188298523,0.06538169085979462,0.0,0.015764467418193817,0.0004211610648781061,0.00042135315015912056,0.12967117130756378,0.4728539288043976
36700,17,0.06520215421915054,0.0003394841914996505,0.06526754051446915,0.0,0.016148792579770088,0.00035717140417546034,0.0003575278096832335,0.13154004514217377,0.4678642153739929
36750,17,0.06409423798322678,0.0003577658790163696,0.0627029612660408,0.0,0.01629042997956276,0.0004087153938598931,0.0004087551205884665,0.12798874080181122,0.4676302373409271
36800,17,0.06541532278060913,0.0003432484227232635,0.06946715712547302,0.0,0.016316508874297142,0.00045637384755536914,0.00045585876796394587,0.13615427911281586,0.4656396806240082
36850,17,0.06347955763339996,0.0003714114718604833,0.06590615212917328,0.0,0.015769153833389282,0.0004891043645329773,0.0004898637998849154,0.1307518482208252,0.4739626348018646
36900,17,0.06074003130197525,0.0003141385386697948,0.06258554756641388,0.0,0.01573137938976288,0.0004891811404377222,0.0004891640855930746,0.1246337890625,0.4722619950771332
36950,17,0.06294077634811401,0.0003531090042088181,0.06443224847316742,0.0,0.015788203105330467,0.0004755525733344257,0.00047542547690682113,0.12869291007518768,0.47149479389190674
37000,17,0.06403803080320358,0.00029915873892605305,0.06688486784696579,0.0,0.01615307107567787,0.0004438956384547055,0.000443431141320616,0.13212552666664124,0.4703938364982605
37050,17,0.06367732584476471,0.00035020115319639444,0.06272958964109421,0.0,0.016159504652023315,0.00037833917303942144,0.0003784197324421257,0.1275300234556198,0.46511054039001465
37100,17,0.06316952407360077,0.0003238209174014628,0.06569011509418488,0.0,0.015790347009897232,0.0003694932092912495,0.0003697943175211549,0.12993855774402618,0.47137251496315
37150,17,0.0631834864616394,0.0003249456640332937,0.06422203779220581,0.0,0.01641576923429966,0.00043318956159055233,0.0004334077821113169,0.12861347198486328,0.47033241391181946
37200,17,0.06369368731975555,0.00031419971492141485,0.06655298173427582,0.0,0.015973493456840515,0.0003793282085098326,0.00038002277142368257,0.13133619725704193,0.4707605838775635
37250,17,0.06537600606679916,0.00036630741669796407,0.06489454209804535,0.0,0.01617235131561756,0.00040193498716689646,0.0004024277441203594,0.1314573884010315,0.4708157181739807
37300,17,0.06317328661680222,0.0003450313815847039,0.06585773080587387,0.0,0.015685174614191055,0.00039016205118969083,0.0003896205162163824,0.1301715224981308,0.46772289276123047
37350,17,0.06327703595161438,0.0003235023468732834,0.0642089918255806,0.0,0.015916548669338226,0.00040897043072618544,0.0004091641749255359,0.12864357233047485,0.4690340757369995
37400,17,0.061864182353019714,0.00042915891390293837,0.06767348945140839,0.0,0.015980714932084084,0.0003951759426854551,0.0003951480030082166,0.13077312707901,0.4690711498260498
37450,17,0.06467399001121521,0.00034825876355171204,0.06778105348348618,0.0,0.015922721475362778,0.0004393912386149168,0.0004388429515529424,0.13369745016098022,0.465941846370697
37500,17,0.06210669130086899,0.0003371719503775239,0.06183192506432533,0.0,0.016177134588360786,0.0003865499747917056,0.00038553954800590873,0.12506406009197235,0.4689491093158722
37550,17,0.06593064218759537,0.00035095366183668375,0.06383415311574936,0.0,0.01593988947570324,0.0004301428562030196,0.0004303738533053547,0.13099220395088196,0.47388240694999695
37600,17,0.06520216912031174,0.0003274164046160877,0.06638671457767487,0.0,0.01585722714662552,0.00043570861453190446,0.00043563879444263875,0.13280349969863892,0.4728395342826843
37650,17,0.06469714641571045,0.0002845656417775899,0.06483713537454605,0.0,0.01588338240981102,0.0003866836486849934,0.00038664689054712653,0.13060806691646576,0.4685867726802826
37700,17,0.06524115800857544,0.0003281284589320421,0.06343788653612137,0.0,0.01627211458981037,0.0004816849250346422,0.0004810079117305577,0.12998613715171814,0.4629407525062561
37750,17,0.06458869576454163,0.00029423076193779707,0.0642593502998352,0.0,0.015942232683300972,0.0003965284558944404,0.0003955797292292118,0.12995032966136932,0.4692226052284241
37800,17,0.06416156142950058,0.00044848344987258315,0.06512803584337234,0.0,0.015835994854569435,0.00041640986455604434,0.0004162233672104776,0.13058654963970184,0.47154101729393005
37850,17,0.06314531713724136,0.00036608584923669696,0.06300736963748932,0.0,0.015757597982883453,0.00043420365545898676,0.00043410982470959425,0.12740284204483032,0.46881043910980225
37900,17,0.06424518674612045,0.00035693426616489887,0.06499533355236053,0.0,0.016166359186172485,0.0003811937349382788,0.0003825039602816105,0.13037732243537903,0.4708651304244995
37950,17,0.06311158090829849,0.0003395863459445536,0.06542710214853287,0.0,0.01610911265015602,0.0004881095956079662,0.0004882684152107686,0.12987075746059418,0.4757227301597595
38000,17,0.0649871751666069,0.00035187165485695004,0.06482993811368942,0.0,0.016123341396450996,0.00044080655789002776,0.0004409568791743368,0.13106685876846313,0.4684680104255676
38050,17,0.06379478424787521,0.00034337304532527924,0.06365612894296646,0.0,0.015802398324012756,0.0003835217794403434,0.00038368694367818534,0.1285773068666458,0.4671284556388855
38100,17,0.06497327983379364,0.0003121824702247977,0.06718108057975769,0.0,0.01582549884915352,0.0003799682017415762,0.0003798476536758244,0.1332421749830246,0.4733384847640991
38150,17,0.06301990151405334,0.000340800266712904,0.0659569799900055,0.0,0.016014477238059044,0.00036434506182558835,0.00036380364326760173,0.13006183505058289,0.46785444021224976
38200,18,0.06287013739347458,0.00035985198337584734,0.0642891600728035,0.0,0.015718480572104454,0.0003445256152190268,0.00034509971737861633,0.12822450697422028,0.4716363549232483
38250,18,0.06874671578407288,0.00032426987309008837,0.0644206702709198,0.0,0.01577679067850113,0.0003996491141151637,0.00039923720760270953,0.13430632650852203,0.4724186062812805
38300,18,0.06097548454999924,0.0003205076209269464,0.06490458548069,0.0,0.01646255888044834,0.00047529107541777194,0.0004762635217048228,0.12716861069202423,0.4720100164413452
38350,18,0.06284727156162262,0.00035208655754104257,0.0618874728679657,0.0,0.01630416139960289,0.00045568516361527145,0.0004564487317111343,0.12601526081562042,0.46984997391700745
38400,18,0.05970614776015282,0.0003217887715436518,0.06152964383363724,0.0,0.016048893332481384,0.00042320467764511704,0.00042301072971895337,0.12241984158754349,0.4696844816207886
38450,18,0.06361488997936249,0.0003205284010618925,0.0660615935921669,0.0,0.015941137447953224,0.00038809445686638355,0.00038839352782815695,0.13078944385051727,0.4723034203052521
38500,18,0.06347853690385818,0.0003384677111171186,0.06465069204568863,0.0,0.016063643619418144,0.0004664743028115481,0.00046695442870259285,0.12941718101501465,0.47528165578842163
38550,18,0.062115222215652466,0.00032480660593137145,0.06628015637397766,0.0,0.015570295974612236,0.0004024681984446943,0.00040254759369418025,0.12954078614711761,0.4746346175670624
38600,18,0.06347700208425522,0.00032335083233192563,0.0620233379304409,0.0,0.015563711524009705,0.00039355995249934494,0.0003944467753171921,0.12662725150585175,0.47274520993232727
38650,18,0.06341167539358139,0.0003530411049723625,0.06492000818252563,0.0,0.01588989794254303,0.00045211424003355205,0.0004516608314588666,0.12960438430309296,0.4668015241622925
38700,18,0.06562408804893494,0.0003891960368491709,0.06391233205795288,0.0,0.015886930748820305,0.0004062470397911966,0.00040600329521112144,0.13075374066829681,0.46587759256362915
38750,18,0.06109050661325455,0.0003408193006180227,0.06454042345285416,0.0,0.015851549804210663,0.00042176718125119805,0.00042177317664027214,0.12683114409446716,0.469178169965744
38800,18,0.06159408763051033,0.0003282717661932111,0.06284007430076599,0.0,0.01614530012011528,0.000345584936439991,0.0003451859811320901,0.12546934187412262,0.46497905254364014
38850,18,0.06308728456497192,0.00032976269721984863,0.06404229253530502,0.0,0.015470837242901325,0.00039959122659638524,0.0003991858975496143,0.1282735913991928,0.467740535736084
38900,18,0.06440842151641846,0.0003650308935903013,0.06563588976860046,0.0,0.015755660831928253,0.0003952811239287257,0.0003963041817769408,0.13121667504310608,0.472057044506073
38950,18,0.06224749982357025,0.00037950894329696894,0.06366578489542007,0.0,0.015673579648137093,0.00041954731568694115,0.00041987953591160476,0.12714789807796478,0.4674675464630127
39000,18,0.062167201191186905,0.0003240762744098902,0.06248955428600311,0.0,0.016453687101602554,0.00037598737981170416,0.000376296928152442,0.12574957311153412,0.472810834646225
39050,18,0.06486693769693375,0.00029843964148312807,0.06671610474586487,0.0,0.01571773551404476,0.00044957431964576244,0.00045011722249910235,0.13279688358306885,0.47259223461151123
39100,18,0.06473813951015472,0.000323559099342674,0.06476172804832458,0.0,0.01604849100112915,0.0003905284102074802,0.0003909057122655213,0.13062089681625366,0.4694131016731262
39150,18,0.062415823340415955,0.00031508729443885386,0.06693241000175476,0.0,0.015849361196160316,0.000446643796749413,0.000446536869276315,0.1305723488330841,0.4705820679664612
39200,18,0.062051668763160706,0.0003592742723412812,0.06512598693370819,0.0,0.016290204599499702,0.0004228490579407662,0.0004227898898534477,0.1283988505601883,0.46927857398986816
39250,18,0.06846348941326141,0.00029475262272171676,0.06354585289955139,0.0,0.016206178814172745,0.0003640417708083987,0.0003634435124695301,0.13304780423641205,0.47268766164779663
39300,18,0.06300044804811478,0.000385618070140481,0.061816029250621796,0.0,0.016856208443641663,0.00037149142008274794,0.00037130078999325633,0.12596173584461212,0.4693704843521118
39350,18,0.0637936145067215,0.0004278488049749285,0.06328916549682617,0.0,0.015829870477318764,0.00043788267066702247,0.0004375066782813519,0.12840184569358826,0.4671195149421692
39400,18,0.062412165105342865,0.0003568750689737499,0.06449882686138153,0.0,0.016149967908859253,0.0004931940929964185,0.0004936806508339942,0.12827089428901672,0.4716506600379944
39450,18,0.06301457434892654,0.0003856699913740158,0.06284993886947632,0.0,0.016315454617142677,0.00040392379742115736,0.00040397822158411145,0.12707439064979553,0.4702862799167633
39500,18,0.06137425824999809,0.00033461814746260643,0.06233161687850952,0.0,0.016293158754706383,0.00041293632239103317,0.00041258963756263256,0.12488231062889099,0.46480363607406616
39550,18,0.06209713965654373,0.0003418206761125475,0.06870286166667938,0.0,0.016260510310530663,0.0004397880984470248,0.00043927476508542895,0.13203714787960052,0.4696645438671112
39600,18,0.061615537852048874,0.00029822191572748125,0.06386521458625793,0.0,0.01644033007323742,0.00038680757279507816,0.0003867060295306146,0.12656892836093903,0.46638035774230957
39650,18,0.06170686334371567,0.00035730472882278264,0.06459935754537582,0.0,0.016139019280672073,0.00039329042192548513,0.00039381644455716014,0.12746676802635193,0.46874290704727173
39700,18,0.0635201558470726,0.000371100875781849,0.06486330926418304,0.0,0.01588609255850315,0.00038184807635843754,0.00038246309850364923,0.1295347511768341,0.47193410992622375
39750,18,0.06395888328552246,0.0003755837678909302,0.06621625274419785,0.0,0.015952587127685547,0.00040037743747234344,0.0004011595156043768,0.13136820495128632,0.47115588188171387
39800,18,0.06392718106508255,0.0003649579011835158,0.0616459995508194,0.0,0.015797806903719902,0.0003828596672974527,0.0003828566404990852,0.1267196536064148,0.4666367173194885
39850,18,0.06255143880844116,0.0003650984144769609,0.06421330571174622,0.0,0.01617535576224327,0.00044101441744714975,0.0004410083347465843,0.12802806496620178,0.4722302258014679
39900,18,0.06346221268177032,0.0003521622275002301,0.06315234303474426,0.0,0.01656794361770153,0.0004927689442411065,0.0004927213303744793,0.12796877324581146,0.4711068272590637
39950,18,0.06202646344900131,0.00037511048140004277,0.06378144770860672,0.0,0.01598530448973179,0.0004062244843225926,0.00040695397183299065,0.12701217830181122,0.4681667685508728
40000,18,0.05806438997387886,0.0004697428084909916,0.06504029035568237,0.0,0.016432147473096848,0.00045001215767115355,0.000450506602646783,0.1244913712143898,0.4704163670539856
40050,18,0.06233644485473633,0.0003586563980206847,0.06535494327545166,0.0,0.016246652230620384,0.0004653523792512715,0.0004658179241232574,0.12899746000766754,0.4700888395309448
40100,18,0.06476588547229767,0.0003433686215430498,0.06657535582780838,0.0,0.016126688569784164,0.00047779735177755356,0.00047754947445355356,0.132656067609787,0.46920740604400635
40150,18,0.06050782650709152,0.0003543175116647035,0.06313470751047134,0.0,0.01639767736196518,0.000400066957809031,0.00040019044536165893,0.124813511967659,0.4690561890602112
40200,18,0.06258232146501541,0.0003383728035259992,0.06349495053291321,0.0,0.01602380909025669,0.0003957100270781666,0.00039524590829387307,0.12722261250019073,0.4705970883369446
40250,18,0.06367579847574234,0.0003298924711998552,0.06325138360261917,0.0,0.01612817496061325,0.0004077714402228594,0.0004074628232046962,0.12808842957019806,0.4678255021572113
40300,18,0.06714989244937897,0.00033254444133490324,0.0654151439666748,0.0,0.01644684001803398,0.00041204021545127034,0.0004115625051781535,0.13373763859272003,0.4713282287120819
40350,18,0.06020401045680046,0.00032438591006211936,0.06139890477061272,0.0,0.01586461067199707,0.0003609306295402348,0.0003603376098908484,0.1226644366979599,0.4659053683280945
40400,18,0.06444484740495682,0.0003465197514742613,0.06433819979429245,0.0,0.016266345977783203,0.0003501527535263449,0.0003501590108498931,0.12984614074230194,0.4684314727783203
40450,19,0.06130324304103851,0.0003321670228615403,0.06443563103675842,0.0,0.016510609537363052,0.00039042282151058316,0.0003901140298694372,0.1268680840730667,0.47231367230415344
40500,19,0.06159217655658722,0.0003914648259524256,0.0633140355348587,0.0,0.016012204810976982,0.00046277770888991654,0.00046312157064676285,0.1262395977973938,0.4712252914905548
40550,19,0.06232879310846329,0.0003064092597924173,0.0627376139163971,0.0,0.01612301729619503,0.00040305941365659237,0.0004033297300338745,0.12619534134864807,0.466518372297287
40600,19,0.06043190136551857,0.0003288273001089692,0.06433393061161041,0.0,0.015978243201971054,0.00041588128078728914,0.000415342568885535,0.12594184279441833,0.47034725546836853
40650,19,0.06261259317398071,0.0003640244831331074,0.061982955783605576,0.0,0.015903491526842117,0.00035769352689385414,0.00035749119706451893,0.12569066882133484,0.4688734710216522
40700,19,0.06318899989128113,0.0003691252786666155,0.06301692128181458,0.0,0.01670532114803791,0.0005054301582276821,0.0005060802213847637,0.12760326266288757,0.4752245545387268
40750,19,0.06092032790184021,0.0003165501984767616,0.06292875111103058,0.0,0.015838243067264557,0.00035442851367406547,0.0003544840728864074,0.12489037960767746,0.4655417203903198
40800,19,0.065342977643013,0.00032035878393799067,0.06241688132286072,0.0,0.01595342345535755,0.0003971319820266217,0.0003961516486015171,0.12888945639133453,0.47141003608703613
40850,19,0.061773255467414856,0.0003207025001756847,0.0641307607293129,0.0,0.015883726999163628,0.0004623783170245588,0.0004625542787835002,0.1271655410528183,0.4735817015171051
40900,19,0.062263503670692444,0.00036044971784576774,0.06302579492330551,0.0,0.016559714451432228,0.0005472454940900207,0.0005477817030623555,0.126761332154274,0.4662838578224182
40950,19,0.06297052651643753,0.00031156514887697995,0.06662653386592865,0.0,0.016773799434304237,0.00040668033761903644,0.0004072004812769592,0.13073928654193878,0.4676685929298401
41000,19,0.061457883566617966,0.0003517291333992034,0.06378085911273956,0.0,0.01600908674299717,0.00038356558070518076,0.00038317948929034173,0.12637321650981903,0.4659237563610077
41050,19,0.06458757817745209,0.00034015343408100307,0.06229398399591446,0.0,0.015963474288582802,0.0004121900419704616,0.00041242712177336216,0.12806229293346405,0.472772479057312
41100,19,0.06430436670780182,0.0003583972284104675,0.06504667550325394,0.0,0.015837127342820168,0.0004704119637608528,0.0004713001544587314,0.13066698610782623,0.47643816471099854
41150,19,0.06239613518118858,0.00035634031519293785,0.06326323002576828,0.0,0.016031278297305107,0.000436824542703107,0.0004370239039417356,0.12690559029579163,0.4712802767753601
41200,19,0.06409154832363129,0.0003272259491495788,0.06502853333950043,0.0,0.015663543716073036,0.0003772889613173902,0.0003771267947740853,0.13021738827228546,0.4725373387336731
41250,19,0.06315750628709793,0.00037296031950972974,0.06133946031332016,0.0,0.01578531414270401,0.00040652998723089695,0.0004063218948431313,0.12569856643676758,0.46285486221313477
41300,19,0.06367804110050201,0.00030123430769890547,0.06379139423370361,0.0,0.016326595097780228,0.00034596334444358945,0.0003465510089881718,0.1284795105457306,0.4685351550579071
41350,19,0.0634683221578598,0.00027401416446082294,0.06431040167808533,0.0,0.015579408966004848,0.00033721773070283234,0.0003371879574842751,0.1287427395582199,0.4691503942012787
41400,19,0.06311330199241638,0.0003388134064152837,0.06436002254486084,0.0,0.015628580003976822,0.00041276062256656587,0.0004122935642953962,0.12865282595157623,0.4649636447429657
41450,19,0.06304079294204712,0.0002745623351074755,0.06226373463869095,0.0,0.01569344848394394,0.00038415694143623114,0.0003839362761937082,0.1263628751039505,0.4670635461807251
41500,19,0.0653156265616417,0.0003013538953382522,0.06122327223420143,0.0,0.015461747534573078,0.00038224452873691916,0.0003825977328233421,0.12762056291103363,0.473410964012146
41550,19,0.06590946763753891,0.00030670507112517953,0.06623367220163345,0.0,0.016021205112338066,0.00036711787106469274,0.0003667111450340599,0.13319967687129974,0.46731626987457275
41600,19,0.06134085729718208,0.0003763788554351777,0.06394099444150925,0.0,0.015865452587604523,0.0004102110688108951,0.00041110796155408025,0.12649542093276978,0.4728968143463135
41650,19,0.06183284521102905,0.00036535359686240554,0.06471961736679077,0.0,0.015688689425587654,0.0004099678772035986,0.00040956016164273024,0.12775303423404694,0.47013628482818604
41700,19,0.06324733048677444,0.0003247432759962976,0.06338642537593842,0.0,0.016219213604927063,0.00040603848174214363,0.00040547768003307283,0.12778621912002563,0.46897923946380615
41750,19,0.06440642476081848,0.0003372229402884841,0.06421975791454315,0.0,0.015838494524359703,0.0003701580280903727,0.00037030118983238935,0.12971970438957214,0.47071877121925354
41800,19,0.0637732520699501,0.0003308729501441121,0.06375796347856522,0.0,0.01587522029876709,0.0004012560239061713,0.0004016340244561434,0.12868085503578186,0.4689052104949951
41850,19,0.06210489198565483,0.00038272776873782277,0.06531409174203873,0.0,0.015751266852021217,0.0004050001152791083,0.00040497418376617134,0.12862743437290192,0.4733313322067261
41900,19,0.06207828223705292,0.00034650982706807554,0.06299903988838196,0.0,0.016088958829641342,0.00037676122155971825,0.00037611284642480314,0.12619280815124512,0.469801664352417
41950,19,0.062007904052734375,0.00033987333881668746,0.06137331947684288,0.0,0.016020657494664192,0.00043648661812767386,0.0004363101616036147,0.12460990995168686,0.47034502029418945
42000,19,0.06302187591791153,0.0003412041114643216,0.0651906430721283,0.0,0.015674538910388947,0.0003619247581809759,0.00036144445766694844,0.12929275631904602,0.4719770848751068
42050,19,0.06141664460301399,0.00032941950485110283,0.062499191612005234,0.0,0.015748970210552216,0.0003513922565616667,0.00035192398354411125,0.12496432662010193,0.47121721506118774
42100,19,0.06164871156215668,0.0003043441101908684,0.06438728421926498,0.0,0.015671083703637123,0.0003629153361544013,0.00036261859349906445,0.12708155810832977,0.4733249545097351
42150,19,0.06404057890176773,0.00035949895391240716,0.06303523480892181,0.0,0.016378456726670265,0.00039553537499159575,0.0003951786202378571,0.1282424032688141,0.46516644954681396
42200,19,0.06267376244068146,0.00029632379300892353,0.06511333584785461,0.0,0.015911774709820747,0.0004121007805224508,0.00041198378312401474,0.1289234161376953,0.47202008962631226
42250,19,0.061273057013750076,0.00039237854070961475,0.06319039314985275,0.0,0.01591716706752777,0.0003557700547389686,0.0003562960773706436,0.12558381259441376,0.47413378953933716
42300,19,0.06084442883729935,0.0003543367492966354,0.06335706263780594,0.0,0.01619366556406021,0.0003817985416390002,0.00038104283157736063,0.12533485889434814,0.47050267457962036
42350,19,0.062441423535346985,0.00029364594956859946,0.06601811200380325,0.0,0.01658918708562851,0.0003491981769911945,0.000349177309544757,0.1294681429862976,0.46864351630210876
42400,19,0.06313509494066238,0.00033372672623954713,0.06438133865594864,0.0,0.016010930761694908,0.000434743647929281,0.00043462548637762666,0.1287355273962021,0.4704294204711914
42450,19,0.06303903460502625,0.00034526840317994356,0.06308744102716446,0.0,0.01603572629392147,0.00040206476114690304,0.0004025484377052635,0.12729239463806152,0.47195005416870117
42500,19,0.0604669563472271,0.0003693557227961719,0.06278644502162933,0.0,0.01586841233074665,0.0004933945601806045,0.0004930243594571948,0.12462504953145981,0.46920767426490784
42550,19,0.0598459355533123,0.00027138314908370376,0.06121411919593811,0.0,0.016229653730988503,0.0003338870592415333,0.00033416319638490677,0.12201571464538574,0.47218161821365356
42600,19,0.062244344502687454,0.00038467784179374576,0.06259595602750778,0.0,0.016418147832155228,0.00037842130404897034,0.0003778285172302276,0.1259976476430893,0.4689168334007263
42650,19,0.0602443553507328,0.0003534327261149883,0.06434280425310135,0.0,0.01616777293384075,0.00035532464971765876,0.00035498756915330887,0.12566706538200378,0.46753156185150146
42700,20,0.06085937097668648,0.0002905889705289155,0.06166423112154007,0.0,0.016212724149227142,0.000382354948669672,0.0003827681066468358,0.12359552830457687,0.4733017086982727
42750,20,0.06210973858833313,0.0003633314627222717,0.06109213829040527,0.0,0.01632891595363617,0.0003874588874168694,0.000388081040000543,0.12435708194971085,0.4746108651161194
42800,20,0.06049615889787674,0.00036934978561475873,0.062566839158535,0.0,0.01612159051001072,0.00043169071432203054,0.0004316554986871779,0.12431181967258453,0.46835219860076904
42850,20,0.06459467858076096,0.00033822894329205155,0.06485669314861298,0.0,0.016265077516436577,0.0003881466982420534,0.0003883748722728342,0.13058237731456757,0.4734523892402649
42900,20,0.0602593719959259,0.0003502781328279525,0.06331528723239899,0.0,0.01667981781065464,0.0003602947690524161,0.00036079713026992977,0.12466271221637726,0.4694139063358307
42950,20,0.06048007309436798,0.0003029221261385828,0.06253323704004288,0.0,0.016214076429605484,0.00033484253799542785,0.00033463380532339215,0.12400192022323608,0.4609373211860657
43000,20,0.0609775185585022,0.00029315275605767965,0.06412135064601898,0.0,0.01625877432525158,0.00032575841760262847,0.00032513774931430817,0.1260591745376587,0.46453216671943665
43050,20,0.0630175769329071,0.00037287751911208034,0.0635879784822464,0.0,0.01626403257250786,0.0003760639810934663,0.00037541144411079586,0.12774616479873657,0.468275249004364
43100,20,0.06205790489912033,0.0003171423450112343,0.06241125240921974,0.0,0.01598350517451763,0.00036142923636361957,0.00036149017978459597,0.12552520632743835,0.47042715549468994
43150,20,0.06284291297197342,0.0003492847317829728,0.06269153952598572,0.0,0.016552696004509926,0.000459061237052083,0.00046007908531464636,0.1268194168806076,0.4720116853713989
43200,20,0.061679404228925705,0.0003556187148205936,0.06484337896108627,0.0,0.016222475096583366,0.00040590495336800814,0.00040567261748947203,0.12770621478557587,0.4728270173072815
43250,20,0.0633939802646637,0.0003190290881320834,0.06157062575221062,0.0,0.015883222222328186,0.00034878324368037283,0.0003492739051580429,0.12599757313728333,0.469736784696579
43300,20,0.06294974684715271,0.00032644992461428046,0.06389960646629333,0.0,0.016421616077423096,0.0003919120063073933,0.0003915411652997136,0.1279756873846054,0.46769416332244873
43350,20,0.06145159900188446,0.0003621056384872645,0.0633242204785347,0.0,0.01599973440170288,0.0004010466509498656,0.00040083786007016897,0.12595582008361816,0.4700844883918762
43400,20,0.06410600244998932,0.00039167393697425723,0.06196119636297226,0.0,0.015904385596513748,0.00039986736373975873,0.00039998177089728415,0.12727463245391846,0.4714691936969757
43450,20,0.06052881106734276,0.00033347870339639485,0.06589994579553604,0.0,0.016323259100317955,0.00039702330832369626,0.0003962988848797977,0.12757188081741333,0.46295297145843506
43500,20,0.06427249312400818,0.0003850557841360569,0.06371980160474777,0.0,0.016110075637698174,0.0004516545159276575,0.0004521543742157519,0.12929727137088776,0.4770485460758209
43550,20,0.06223887577652931,0.00033696964965201914,0.06471893191337585,0.0,0.016279077157378197,0.000368272652849555,0.00036908971378579736,0.12804841995239258,0.47078201174736023
43600,20,0.05937010794878006,0.000315464218147099,0.06245807930827141,0.0,0.01633274368941784,0.000400969700422138,0.000400835822802037,0.12296179682016373,0.4687449634075165
43650,20,0.05869932845234871,0.000293362740194425,0.061818767338991165,0.0,0.016604676842689514,0.00039386897697113454,0.0003934810811188072,0.12161541730165482,0.46906447410583496
43700,20,0.06157924234867096,0.0003389099729247391,0.06396277248859406,0.0,0.01648757793009281,0.00042002269765362144,0.00042071950156241655,0.12673814594745636,0.4696645736694336
43750,20,0.06195394694805145,0.00031790108187124133,0.06423845887184143,0.0,0.016078397631645203,0.0003607896505855024,0.0003604172670748085,0.12724758684635162,0.4683839678764343
43800,20,0.06278614699840546,0.0003069168305955827,0.06565148383378983,0.0,0.016504067927598953,0.00037963566137477756,0.0003802499850280583,0.1295209378004074,0.47308114171028137
43850,20,0.06245936453342438,0.0003096656291745603,0.06245901808142662,0.0,0.015804599970579147,0.0003353263600729406,0.00033535220427438617,0.12591452896595,0.4689144492149353
43900,20,0.06085759028792381,0.00031384016619995236,0.06286173313856125,0.0,0.015897531062364578,0.0004046258400194347,0.0004043953958898783,0.12485808879137039,0.47454771399497986
43950,20,0.06234725937247276,0.00040359198465012014,0.06427469104528427,0.0,0.016025571152567863,0.0003834539093077183,0.00038313635741360486,0.12780815362930298,0.4642426073551178
44000,20,0.06241178512573242,0.00030531303491443396,0.06344939023256302,0.0,0.015728775411844254,0.0003554091090336442,0.0003551465051714331,0.1268927901983261,0.4667026996612549
44050,20,0.05867700278759003,0.00032779938192106783,0.060906581580638885,0.0,0.016789551824331284,0.00038240719004534185,0.00038297075661830604,0.12069354951381683,0.4704207181930542
44100,20,0.0594148263335228,0.0003938331501558423,0.059749700129032135,0.0,0.01582343317568302,0.0004096754710189998,0.00040943396743386984,0.1203932985663414,0.4661678075790405
44150,20,0.06171851605176926,0.0002856221981346607,0.061547085642814636,0.0,0.016057701781392097,0.0003335835353937,0.00033358021755702794,0.12423443794250488,0.46484804153442383
44200,20,0.06206930801272392,0.0003375830128788948,0.06063862144947052,0.0,0.016497770324349403,0.00041397809400223196,0.00041498267091810703,0.1238909661769867,0.4714071750640869
44250,20,0.06159191578626633,0.0003539496101438999,0.062000714242458344,0.0,0.016105128452181816,0.000356639560777694,0.00035581906558945775,0.12467514723539352,0.46951788663864136
44300,20,0.061853013932704926,0.0003199773491360247,0.06204511225223541,0.0,0.016534512862563133,0.000408050516853109,0.00040839618304744363,0.1250510811805725,0.475504070520401
44350,20,0.06126706302165985,0.0003298400843050331,0.06161724030971527,0.0,0.015889368951320648,0.00036490525235421956,0.0003644504467956722,0.12395938485860825,0.4700580835342407
44400,20,0.06031419336795807,0.00033299069036729634,0.06120448559522629,0.0,0.0162192489951849,0.00038314246921800077,0.0003832508227787912,0.12263428419828415,0.470913827419281
44450,20,0.06404232978820801,0.0003058539004996419,0.06490709632635117,0.0,0.015859486535191536,0.0004252328653819859,0.00042516106623224914,0.13012152910232544,0.46593356132507324
44500,20,0.059951215982437134,0.0002987621701322496,0.06148974224925041,0.0,0.016221007332205772,0.0003640744253061712,0.0003638060297816992,0.12248381227254868,0.4701278507709503
44550,20,0.06109187752008438,0.0003662981325760484,0.06313792616128922,0.0,0.015892699360847473,0.00043659505899995565,0.0004371248069219291,0.12548571825027466,0.47412484884262085
44600,20,0.06011960655450821,0.00036693073343485594,0.06368136405944824,0.0,0.016030972823500633,0.00037409408832900226,0.00037413538666442037,0.1249321699142456,0.4717698097229004
44650,20,0.06253646314144135,0.00031770492205396295,0.06176421046257019,0.0,0.016490401700139046,0.0003818932455033064,0.00038226874312385917,0.12539903819561005,0.46889492869377136
44700,20,0.06395990401506424,0.0003232797607779503,0.0642864927649498,0.0,0.01572643406689167,0.00042952882358804345,0.0004304798785597086,0.1294454038143158,0.47140949964523315
44750,20,0.05984359234571457,0.00035869088605977595,0.062073878943920135,0.0,0.01610814407467842,0.000396310118958354,0.0003966480144299567,0.12308522313833237,0.47239652276039124
44800,20,0.06009441241621971,0.0003355627413839102,0.06138341873884201,0.0,0.0160511564463377,0.0004090530565008521,0.00040766975143924356,0.12264616787433624,0.4686199426651001
44850,20,0.05953561142086983,0.00039486977038905025,0.06070076301693916,0.0,0.016767961904406548,0.0008304867660626769,0.0008300646441057324,0.12230856716632843,0.4648018181324005
44900,20,0.06039418280124664,0.0003804363077506423,0.05960856378078461,0.0,0.016110878437757492,0.00045537453843280673,0.0004551214224193245,0.121309794485569,0.47289636731147766
