step,epoch,pred,pred_block,pred_free,sigreg,l1,anchor,anchor_pred,total,latent_std
50,1,0.0594555139541626,0.005393095314502716,0.05406241863965988,4.841427803039551,0.05038447305560112,0.29591214656829834,0.28757327795028687,0.6671984791755676,0.9826706647872925
100,1,0.11203348636627197,0.006638616323471069,0.1053948700428009,3.5170950889587402,0.05300340801477432,0.2804955840110779,0.2607702612876892,0.6709377765655518,0.9869474768638611
150,1,0.10048679262399673,0.020908234640955925,0.07957855612039566,3.3348045349121094,0.05284208059310913,0.17128334939479828,0.16167211532592773,0.4501691460609436,0.9858390688896179
200,1,0.14426486194133759,0.048021670430898666,0.09624319523572922,2.9463624954223633,0.053102780133485794,0.06470350921154022,0.06252337992191315,0.2862766683101654,0.9910936951637268
250,1,0.0952126532793045,0.008975407108664513,0.08623724430799484,2.615967273712158,0.05190616101026535,0.02381858229637146,0.021606601774692535,0.1537695825099945,0.9967861175537109
300,1,0.07533235847949982,0.007672501262277365,0.06765985488891602,2.5063610076904297,0.050495974719524384,0.015481630340218544,0.014445774257183075,0.11784205585718155,0.9900685548782349
350,1,0.0863056555390358,0.01006331853568554,0.07624233514070511,2.5367422103881836,0.05008483678102493,0.011615362018346786,0.0110846646130085,0.1217394769191742,0.9914935231208801
400,1,0.08407381922006607,0.00928429514169693,0.07478952407836914,2.3240551948547363,0.04982050508260727,0.006610983982682228,0.006614463869482279,0.10896936058998108,0.990622878074646
450,1,0.07957985252141953,0.009403194300830364,0.07017666101455688,2.516465663909912,0.04947448894381523,0.006332369986921549,0.006390686612576246,0.1049347072839737,0.9846047163009644
500,1,0.06984799355268478,0.0038735922425985336,0.0659743994474411,2.3651278018951416,0.04922967404127121,0.004762261174619198,0.004774774424731731,0.09125988930463791,0.9854514598846436
550,1,0.0810779258608818,0.006436293479055166,0.0746416300535202,2.1977949142456055,0.04897871986031532,0.006137486547231674,0.006014009937644005,0.10426737368106842,0.9893262386322021
600,1,0.07774863392114639,0.005542331840842962,0.07220630347728729,2.372161865234375,0.04876129329204559,0.007319968659430742,0.007259315811097622,0.10423749685287476,0.9894094467163086
650,1,0.0850575864315033,0.004750305786728859,0.08030728250741959,2.2829043865203857,0.048572227358818054,0.012053307145833969,0.011903304606676102,0.12047728896141052,0.9921444058418274
700,1,0.10950218141078949,0.00890375580638647,0.10059842467308044,2.5023365020751953,0.04843108728528023,0.012689443305134773,0.012472137808799744,0.14722387492656708,0.9849048256874084
750,1,0.14259162545204163,0.03885258734226227,0.10373904556035995,3.0788931846618652,0.04846515133976936,0.15551766753196716,0.1528383195400238,0.46639055013656616,0.9700802564620972
800,1,0.09575323760509491,0.005002421326935291,0.0907508134841919,3.1121888160705566,0.048344895243644714,0.010386972688138485,0.01022123172879219,0.13197073340415955,0.9838553667068481
850,1,0.17508094012737274,0.008840498514473438,0.16624043881893158,3.6888012886047363,0.04818476364016533,0.01445686724036932,0.01418832503259182,0.222218319773674,0.9797509908676147
900,1,0.12414650619029999,0.00794166512787342,0.11620484292507172,3.551088809967041,0.048008158802986145,0.014220374636352062,0.013925833627581596,0.17009617388248444,0.9899982213973999
950,1,0.11049582809209824,0.008953450247645378,0.10154237598180771,2.652554750442505,0.04816573113203049,0.015668243169784546,0.015038393437862396,0.1545134037733078,0.9969656467437744
1000,1,0.11412505060434341,0.010637709870934486,0.10348734259605408,2.969545841217041,0.04819176346063614,0.017829529941082,0.017342858016490936,0.16419336199760437,0.9916876554489136
1050,1,0.10541199892759323,0.0067553347907960415,0.09865666180849075,2.958735942840576,0.04794498533010483,0.009293528273701668,0.008930645883083344,0.13847780227661133,0.9808415174484253
1100,1,0.088204026222229,0.006502916570752859,0.08170110732316971,2.899730920791626,0.048053957521915436,0.011265400797128677,0.01062030903995037,0.1246364414691925,0.9882240295410156
1150,1,0.09785999357700348,0.007451730314642191,0.09040826559066772,3.128380298614502,0.047975849360227585,0.006957044824957848,0.0063906265422701836,0.12689754366874695,0.9857512712478638
1200,1,0.0989622175693512,0.006673313677310944,0.09228890389204025,2.642467498779297,0.04796312749385834,0.00911334715783596,0.008440578356385231,0.12977644801139832,1.001760482788086
1250,1,0.07564445585012436,0.005231049377471209,0.07041340321302414,2.6425812244415283,0.04772728681564331,0.005669506266713142,0.005274409428238869,0.09984900057315826,1.0007725954055786
1300,1,0.09041100740432739,0.005169974640011787,0.08524103462696075,2.6770541667938232,0.0477040633559227,0.0069271959364414215,0.006519477814435959,0.11729066073894501,1.0029385089874268
1350,1,0.07505249977111816,0.0037645166739821434,0.07128798216581345,2.460144519805908,0.04761815071105957,0.005969363264739513,0.005468483082950115,0.0988386869430542,1.0073847770690918
1400,2,0.07282066345214844,0.004804941825568676,0.06801572442054749,2.352600574493408,0.0475177988409996,0.005560177844017744,0.0049527427181601524,0.0951441079378128,1.0050544738769531
1450,2,0.06948643177747726,0.00444854237139225,0.06503789126873016,2.4392459392547607,0.04734648019075394,0.0057218954898417,0.005267176777124405,0.09271907806396484,1.0036790370941162
1500,2,0.06511889398097992,0.0039911591447889805,0.06112773343920708,2.4768242835998535,0.04726625978946686,0.004903210327029228,0.0045191640965640545,0.0869726613163948,1.0036964416503906
1550,2,0.07025127112865448,0.003827478736639023,0.06642379611730576,2.280719757080078,0.047126639634370804,0.004777688533067703,0.004294329322874546,0.09077401459217072,1.0035367012023926
1600,2,0.06318157911300659,0.004376743920147419,0.05880483239889145,2.555978298187256,0.0469605028629303,0.004465721547603607,0.004094181582331657,0.0845683366060257,0.9999051094055176
1650,2,0.058545660227537155,0.004983807448297739,0.053561851382255554,2.320323944091797,0.046771422028541565,0.003677310422062874,0.003354122396558523,0.07722548395395279,0.9988772869110107
1700,2,0.061017874628305435,0.002947891829535365,0.05806998163461685,2.348452568054199,0.04656663537025452,0.003373304381966591,0.0031097137834876776,0.07928971946239471,0.9983351230621338
1750,2,0.053156718611717224,0.003280344884842634,0.0498763732612133,2.413222312927246,0.046370867639780045,0.0032833502627909184,0.00298738619312644,0.07153993844985962,0.998450517654419
1800,2,0.05215753614902496,0.0031097866594791412,0.04904774948954582,2.211512804031372,0.04616669565439224,0.0061912015080451965,0.005892968736588955,0.07534543424844742,0.9956681728363037
1850,2,0.055797677487134933,0.0030013846699148417,0.052796293050050735,2.169743061065674,0.04589925333857536,0.004031351767480373,0.003776606172323227,0.07450024038553238,0.9949910640716553
1900,2,0.05482001230120659,0.003121573943644762,0.051698438823223114,2.1079959869384766,0.04580264538526535,0.003059836570173502,0.0028612716123461723,0.07132691144943237,0.9956240057945251
1950,2,0.048334892839193344,0.0029921620152890682,0.04534273222088814,2.3052754402160645,0.04563587158918381,0.003296199254691601,0.003070961683988571,0.06627406179904938,0.9956706166267395
2000,2,0.05288292467594147,0.003500894643366337,0.049382030963897705,2.2097296714782715,0.045339860022068024,0.002522153314203024,0.0023385125678032637,0.06883756816387177,0.9923112392425537
2050,2,0.047794416546821594,0.0028472174890339375,0.044947199523448944,2.144826889038086,0.045134514570236206,0.0029974929057061672,0.0028084623627364635,0.06436964124441147,0.9938163757324219
2100,2,0.04717261344194412,0.0030738560017198324,0.044098757207393646,2.177492618560791,0.0448833703994751,0.0027740197256207466,0.0026076636277139187,0.06348664313554764,0.9934571981430054
2150,2,0.04801570251584053,0.0028784722089767456,0.045137230306863785,2.0525996685028076,0.0446806401014328,0.002429158426821232,0.002286500297486782,0.06303904205560684,0.992659330368042
2200,2,0.04272151738405228,0.0026960927061736584,0.04002542421221733,2.372518539428711,0.04447240009903908,0.002356495475396514,0.002126795006915927,0.05911187082529068,0.9928702116012573
2250,2,0.04557643458247185,0.0027189727406948805,0.04285746067762375,2.13193416595459,0.04431941360235214,0.0027286484837532043,0.00247856043279171,0.061487630009651184,0.9936048984527588
2300,2,0.044825486838817596,0.00246297474950552,0.0423625111579895,2.1024773120880127,0.0441385954618454,0.0023485857527703047,0.0022446983493864536,0.05997529253363609,0.9921265840530396
2350,2,0.04422624409198761,0.0027903190348297358,0.04143592342734337,2.184879779815674,0.043981291353702545,0.002330900402739644,0.002248655306175351,0.05977417901158333,0.9923170804977417
2400,2,0.048754267394542694,0.002873050980269909,0.04588121548295021,2.039482593536377,0.04378391057252884,0.002718566916882992,0.0025673829950392246,0.0642814114689827,0.9922630786895752
2450,2,0.036380693316459656,0.002603775355964899,0.033776916563510895,2.1635594367980957,0.043659012764692307,0.0023390771821141243,0.002121744444593787,0.05170297250151634,0.9930387735366821
2500,2,0.043809644877910614,0.0024430761113762856,0.0413665696978569,2.3270492553710938,0.043486833572387695,0.0026246565394103527,0.0024002701975405216,0.06051330268383026,0.9928163290023804
2550,2,0.042594388127326965,0.002754056826233864,0.03984032943844795,2.270533800125122,0.043288372457027435,0.002399727236479521,0.0022796543780714273,0.05866972729563713,0.9909791350364685
2600,2,0.03736797720193863,0.002451538108289242,0.03491643816232681,2.3105783462524414,0.04308436065912247,0.0023358832113444805,0.002213433152064681,0.05351326987147331,0.9939815998077393
2650,2,0.04264191538095474,0.0021624413784593344,0.040479473769664764,2.010819911956787,0.04282939434051514,0.0027314722537994385,0.0025775358080863953,0.05804785341024399,0.9923979043960571
2700,2,0.04262604936957359,0.002294711535796523,0.040331337600946426,2.1653671264648438,0.04252614825963974,0.002464547287672758,0.002347113098949194,0.05830707401037216,0.9938222765922546
2750,3,0.04402783140540123,0.003055648412555456,0.040972184389829636,2.0521483421325684,0.04236886650323868,0.0023057914804667234,0.002174552995711565,0.058811284601688385,0.9936012625694275
2800,3,0.037068694829940796,0.002193704480305314,0.034874990582466125,2.161997079849243,0.04235222935676575,0.0019856104627251625,0.0019065550295636058,0.05181319639086723,0.9948724508285522
2850,3,0.04037356749176979,0.0020260310266166925,0.03834753483533859,1.9795331954956055,0.04212791100144386,0.0031177913770079613,0.0029278751462697983,0.056359030306339264,0.9930459260940552
2900,3,0.03879480063915253,0.0028566974215209484,0.03593810275197029,2.199808120727539,0.04200064018368721,0.0019426184007897973,0.0017981021665036678,0.05357655882835388,0.9918030500411987
2950,3,0.04225369542837143,0.003111187368631363,0.039142508059740067,2.1920032501220703,0.041791804134845734,0.003030062187463045,0.002904808148741722,0.05919037386775017,0.9926409721374512
3000,3,0.04214559495449066,0.0028609237633645535,0.03928467258810997,2.096290349960327,0.041612379252910614,0.002970322035253048,0.0027598589658737183,0.058398839086294174,0.9932258129119873
3050,3,0.03311106190085411,0.0018215440213680267,0.031289517879486084,1.9687246084213257,0.04153594747185707,0.0021640663035213947,0.0019389392109587789,0.04709922522306442,0.9941006302833557
3100,3,0.03947688639163971,0.0027314978651702404,0.03674538806080818,2.0908031463623047,0.04124933108687401,0.0023926934227347374,0.0022521556820720434,0.05461699888110161,0.9910889863967896
3150,3,0.03903666511178017,0.002442767145112157,0.03659389913082123,2.0814261436462402,0.04105722904205322,0.002337296260520816,0.002126566134393215,0.05394871532917023,0.9934958219528198
3200,3,0.04308081418275833,0.0033963825553655624,0.03968443349003792,2.060596227645874,0.04088415950536728,0.00310337683185935,0.0028219043742865324,0.05934996157884598,0.9924684762954712
3250,3,0.03458153456449509,0.0019978596828877926,0.032583676278591156,2.0035688877105713,0.04074176773428917,0.0022875249851495028,0.00213536131195724,0.049063004553318024,0.9929121136665344
3300,3,0.03508206084370613,0.002199295675382018,0.03288276493549347,2.00594162940979,0.04064619541168213,0.0016753661911934614,0.0015038886340335011,0.048331670463085175,0.992311418056488
3350,3,0.03619888797402382,0.002333245240151882,0.03386564180254936,2.143716335296631,0.04039471223950386,0.001827776781283319,0.0016987575218081474,0.050484396517276764,0.9928059577941895
3400,3,0.039894308894872665,0.0029135921504348516,0.03698071837425232,1.9316046237945557,0.04012763500213623,0.003878295188769698,0.0037307231687009335,0.05720147863030434,0.9915598034858704
3450,3,0.03573205694556236,0.002055448479950428,0.03367660939693451,2.005409002304077,0.03977879881858826,0.0017323000356554985,0.0016403670888394117,0.04917154461145401,0.9920300841331482
3500,3,0.03694090247154236,0.00208168919198215,0.03485921397805214,1.9206268787384033,0.03966241329908371,0.0017454188782721758,0.001667385920882225,0.0499965064227581,0.991970419883728
3550,3,0.03259241208434105,0.0019203951815143228,0.030672015622258186,2.0209856033325195,0.03944564610719681,0.0019818090368062258,0.0018245561514049768,0.04654315114021301,0.9926085472106934
3600,3,0.03240034729242325,0.0016071244608610868,0.030793223530054092,1.9474196434020996,0.0392027273774147,0.0016835303977131844,0.0015772602055221796,0.04543743655085564,0.9913551211357117
3650,3,0.03297346830368042,0.0021798964589834213,0.03079356998205185,1.9645369052886963,0.03893604129552841,0.001793914707377553,0.0016475955490022898,0.046276599168777466,0.9917329549789429
3700,3,0.03293303772807121,0.0021112128160893917,0.030821826308965683,1.9983571767807007,0.03871740773320198,0.001617387286387384,0.0014745161170139909,0.046055443584918976,0.990624725818634
3750,3,0.033980172127485275,0.0021449357736855745,0.03183523565530777,2.024827003479004,0.03858503699302673,0.002197385299950838,0.00201587937772274,0.04835616052150726,0.9915713667869568
3800,3,0.034526385366916656,0.0023228805512189865,0.03220350295305252,1.9665844440460205,0.03830922022461891,0.001579640549607575,0.001503512030467391,0.04748076945543289,0.9899328947067261
3850,3,0.03628620505332947,0.0024935435503721237,0.033792659640312195,2.1287972927093506,0.03810872137546539,0.001945702824741602,0.0018262868979945779,0.05074029043316841,0.990641713142395
3900,3,0.03237149119377136,0.0018008546903729439,0.030570635572075844,1.8532257080078125,0.0377950593829155,0.0015797108644619584,0.0014894107589498162,0.04474454000592232,0.9903584718704224
3950,3,0.03297104686498642,0.0024825239088386297,0.030488524585962296,1.9595856666564941,0.037424348294734955,0.0021087618079036474,0.0019396226853132248,0.04685478284955025,0.9903017282485962
4000,3,0.033657874912023544,0.0016260335687547922,0.032031841576099396,2.0246152877807617,0.03722551465034485,0.0014436404453590512,0.0013757802080363035,0.046637602150440216,0.9905903339385986
4050,3,0.032047808170318604,0.0017425126861780882,0.030305294319987297,2.006075620651245,0.03693152964115143,0.0013405900681391358,0.0012508350191637874,0.044706542044878006,0.9895734786987305
4100,4,0.03223305940628052,0.0018058227142319083,0.030427236109972,1.9175769090652466,0.036708079278469086,0.0013836587313562632,0.001299333176575601,0.0445406436920166,0.9905229806900024
4150,4,0.03321271017193794,0.00177262001670897,0.031440090388059616,1.9618977308273315,0.036399371922016144,0.0012763519771397114,0.0011549105402082205,0.04548986256122589,0.9904127717018127
4200,4,0.03262079134583473,0.002218477427959442,0.03040231391787529,1.9231867790222168,0.03607683628797531,0.001877662492915988,0.001778739970177412,0.0459292009472847,0.989567756652832
4250,4,0.03066815808415413,0.0016442453488707542,0.0290239118039608,1.9864479303359985,0.035883430391550064,0.0015537948347628117,0.0014560539275407791,0.04364612698554993,0.9891331195831299
4300,4,0.030148150399327278,0.0017412271117791533,0.02840692363679409,2.038229465484619,0.035598140209913254,0.0015742122195661068,0.0014779032208025455,0.043427012860774994,0.9891582131385803
4350,4,0.032372307032346725,0.001826519495807588,0.030545787885785103,1.8709126710891724,0.035415712743997574,0.0013257911195978522,0.0012905877083539963,0.04437866806983948,0.989427387714386
4400,4,0.03167727589607239,0.001667458564043045,0.030009819194674492,1.9000623226165771,0.035125307738780975,0.0014965038280934095,0.0014449345180764794,0.044154148548841476,0.9882794618606567
4450,4,0.03073235973715782,0.002134009962901473,0.028598349541425705,1.9319608211517334,0.03489015996456146,0.0016668392345309258,0.00162491702940315,0.04371881112456322,0.9879285097122192
4500,4,0.03111562877893448,0.0016848017694428563,0.029430827125906944,1.9727439880371094,0.03460928797721863,0.0013143981341272593,0.001220438163727522,0.043548792600631714,0.9862544536590576
4550,4,0.02911524660885334,0.001415808335877955,0.027699438855051994,1.9423211812973022,0.03440964221954346,0.0014509247848764062,0.0013691948261111975,0.041681382805109024,0.9870069026947021
4600,4,0.031877607107162476,0.0017368190456181765,0.030140787363052368,1.9700896739959717,0.034050025045871735,0.0015277713537216187,0.0014335087034851313,0.04472338780760765,0.9879592657089233
4650,4,0.03345067799091339,0.0021979096345603466,0.03125276789069176,1.961954116821289,0.033838797360658646,0.0016385384369641542,0.0015603078063577414,0.04649313539266586,0.9879319071769714
4700,4,0.030774224549531937,0.0017108796164393425,0.02906334400177002,1.8694978952407837,0.033615872263908386,0.0015223411610350013,0.0014349966077134013,0.04311266541481018,0.9880193471908569
4750,4,0.030768776312470436,0.0019266580929979682,0.02884211763739586,1.8360844850540161,0.03334648162126541,0.0016136656049638987,0.0015074190450832248,0.04310362786054611,0.9866335391998291
4800,4,0.029979776591062546,0.0015182215720415115,0.028461555019021034,1.9411232471466064,0.03319462761282921,0.001634853659197688,0.0015532050747424364,0.04290664568543434,0.9875833988189697
4850,4,0.03200801834464073,0.0014057755470275879,0.030602242797613144,1.9118373394012451,0.032971836626529694,0.0011540738632902503,0.0010867196833714843,0.04384097084403038,0.9882209300994873
4900,4,0.035092730075120926,0.001704969210550189,0.03338776156306267,1.999847173690796,0.03281432390213013,0.0017765068914741278,0.0017057767836377025,0.04860706254839897,0.9857168197631836
4950,4,0.0312807634472847,0.001375827006995678,0.029904937371611595,1.7101510763168335,0.032588958740234375,0.0013610321329906583,0.0012892433442175388,0.0425143837928772,0.9861122369766235
5000,4,0.0300481915473938,0.0015675681643188,0.02848062291741371,1.8596148490905762,0.03228050097823143,0.0012617073953151703,0.0011934719514101744,0.041833724826574326,0.9857147932052612
5050,4,0.02901843562722206,0.0015432230429723859,0.027475211769342422,1.9928474426269531,0.032149698585271835,0.0016391428653150797,0.0015314278425648808,0.04218539595603943,0.9868355989456177
5100,4,0.030788589268922806,0.002030253177508712,0.02875833585858345,1.980513095855713,0.03201555460691452,0.0018145544454455376,0.0017274285200983286,0.044265151023864746,0.9865317344665527
5150,4,0.0323663055896759,0.001414306927472353,0.030951999127864838,1.9377042055130005,0.03205106034874916,0.0013522596564143896,0.0013094877358525991,0.04474862292408943,0.9871582388877869
5200,4,0.03158368170261383,0.0015581540064886212,0.030025526881217957,2.034419536590576,0.03195378929376602,0.0012542686890810728,0.0011625465704128146,0.044204551726579666,0.985833466053009
5250,4,0.03080449067056179,0.0016140893567353487,0.02919040061533451,1.9450360536575317,0.031733449548482895,0.0014597655972465873,0.001387456664815545,0.043408624827861786,0.9860607981681824
5300,4,0.0313124880194664,0.0014245163183659315,0.02988797053694725,1.940720558166504,0.031600017100572586,0.001403018948622048,0.00138118676841259,0.043831899762153625,0.986736536026001
5350,4,0.02917502075433731,0.001474990975111723,0.0277000293135643,1.8389419317245483,0.03138188272714615,0.0012752653565257788,0.0011936933733522892,0.040870070457458496,0.9858881235122681
5400,4,0.03062060847878456,0.0017475249478593469,0.028873084113001823,1.8600218296051025,0.031228426843881607,0.0014796420000493526,0.0014394571771845222,0.04287104681134224,0.9883112907409668
5450,4,0.03230585902929306,0.001391557278111577,0.030914301052689552,1.902287244796753,0.030993850901722908,0.0014641208108514547,0.0014422867679968476,0.04475469887256622,0.986636221408844
5500,5,0.02972027100622654,0.0015738039510324597,0.028146466240286827,1.8532465696334839,0.03084368072450161,0.0013257705140858889,0.0012880535796284676,0.041631173342466354,0.9862927198410034
5550,5,0.031542520970106125,0.0015929756918922067,0.029949545860290527,1.7412669658660889,0.03055543638765812,0.0014117404352873564,0.001391753787174821,0.04308290407061577,0.9852622747421265
5600,5,0.030817359685897827,0.0014811577275395393,0.029336202889680862,1.8455395698547363,0.030330803245306015,0.0017719559837132692,0.0016613721381872892,0.04350871592760086,0.9864836931228638
5650,5,0.031698837876319885,0.0015231575816869736,0.03017568029463291,1.9173191785812378,0.030022623017430305,0.0014137476682662964,0.0013400677125900984,0.04406927153468132,0.9876493215560913
5700,5,0.028601111844182014,0.0015886761248111725,0.027012435719370842,1.940479040145874,0.029880501329898834,0.001388727338053286,0.0013162014074623585,0.04103831574320793,0.9872413873672485
5750,5,0.02976706437766552,0.001426679315045476,0.028340384364128113,1.9099864959716797,0.029851678758859634,0.0012898038839921355,0.001250674482434988,0.041887328028678894,0.9873095154762268
5800,5,0.027631815522909164,0.0014197301352396607,0.026212085038423538,1.9356884956359863,0.029572129249572754,0.0010739509016275406,0.0010115791810676455,0.039425358176231384,0.9864088296890259
5850,5,0.03139248862862587,0.0014997618272900581,0.029892725870013237,2.039781093597412,0.029374469071626663,0.0011367336846888065,0.0010882914066314697,0.04384579509496689,0.9851256012916565
5900,5,0.03006831184029579,0.0014992960495874286,0.028569016605615616,1.8064846992492676,0.02937989868223667,0.0009647752740420401,0.0008897409425117075,0.040984634310007095,0.9857237339019775
5950,5,0.028990164399147034,0.0013955642934888601,0.02759459987282753,1.9247889518737793,0.02905987575650215,0.0012458264827728271,0.001158032682724297,0.041047029197216034,0.986793041229248
6000,5,0.03088437020778656,0.0016186756547540426,0.029265694320201874,1.8588582277297974,0.029032345861196518,0.0011866360437124968,0.0011467010481283069,0.0425410270690918,0.9856169819831848
6050,5,0.029637707397341728,0.0015031120274215937,0.028134595602750778,1.8337464332580566,0.02887289971113205,0.001123966882005334,0.0010810301173478365,0.04104030877351761,0.9865760803222656
6100,5,0.028913581743836403,0.0012765770079568028,0.027637004852294922,1.875317096710205,0.028766954317688942,0.0013439669273793697,0.0013358586002141237,0.040998756885528564,0.9868640303611755
6150,5,0.02861085534095764,0.0015509852673858404,0.027059869840741158,1.781168818473816,0.028592228889465332,0.0014275859575718641,0.0014038291992619634,0.040376704186201096,0.9873535633087158
6200,5,0.030468354001641273,0.0019431783584877849,0.028525175526738167,1.8842968940734863,0.028460506349802017,0.001318660331889987,0.0012987731024622917,0.04253573343157768,0.9876179695129395
6250,5,0.031249407678842545,0.001328361569903791,0.029921045526862144,1.8105714321136475,0.02828994207084179,0.0012315423227846622,0.0012002306757494807,0.04276232793927193,0.9884126782417297
6300,5,0.0314149409532547,0.0019055341836065054,0.02950940653681755,1.9435402154922485,0.028053460642695427,0.0013009964022785425,0.0012137854937463999,0.04367548227310181,0.9863900542259216
6350,5,0.0302851814776659,0.0012215536553412676,0.029063627123832703,1.9192445278167725,0.02801378443837166,0.001171713462099433,0.0011141266440972686,0.042195260524749756,0.9866988658905029
6400,5,0.029438870027661324,0.0015246388502418995,0.02791423164308071,1.8836894035339355,0.027927670627832413,0.0012144532520323992,0.001165132038295269,0.04126483201980591,0.9876278638839722
6450,5,0.028564585372805595,0.0014132356736809015,0.027151349931955338,1.8038828372955322,0.027735713869333267,0.0012157888850197196,0.0011694838758558035,0.03999700769782066,0.9861679077148438
6500,5,0.035509899258613586,0.001670804456807673,0.03383909538388252,1.8918452262878418,0.02786918170750141,0.001814144430682063,0.0017626117914915085,0.048573751002550125,0.9865779876708984
6550,5,0.031752265989780426,0.0017300299368798733,0.030022235587239265,1.907118320465088,0.027849169448018074,0.001483449013903737,0.0014117626706138253,0.04421091824769974,0.9854146242141724
6600,5,0.029714416712522507,0.0011362635996192694,0.028578152880072594,1.7254908084869385,0.02790822833776474,0.0013131722807884216,0.001270475797355175,0.04095343127846718,0.9859626293182373
6650,5,0.0296797975897789,0.0014491500332951546,0.02823064848780632,1.71285879611969,0.02766207605600357,0.001038199756294489,0.0010244527366012335,0.04033440351486206,0.9859338998794556
6700,5,0.0298122838139534,0.0013148796278983355,0.028497403487563133,1.8276528120040894,0.027388323098421097,0.001055293483659625,0.0009964854689314961,0.04102971404790878,0.9874528646469116
6750,5,0.02935638278722763,0.001322431256994605,0.028033951297402382,1.8272664546966553,0.027405299246311188,0.0014225547201931477,0.001322546973824501,0.041265226900577545,0.9879238605499268
6800,5,0.030818825587630272,0.0013383012264966965,0.029480524361133575,1.9186630249023438,0.027241915464401245,0.0014238194562494755,0.0014145857421681285,0.043277788907289505,0.9879704713821411
6850,6,0.028236491605639458,0.001293619628995657,0.026942871510982513,1.8889915943145752,0.02710617333650589,0.0011943583376705647,0.0011555945966392756,0.04005850851535797,0.9862810969352722
6900,6,0.029649188742041588,0.0012751014437526464,0.028374087065458298,1.852293610572815,0.02692042849957943,0.001120228786021471,0.0010759849101305008,0.04113379120826721,0.9879130721092224
6950,6,0.02858743444085121,0.001218446297571063,0.02736898884177208,1.7627891302108765,0.02686386927962303,0.0010668726172298193,0.0009682907839305699,0.039463404566049576,0.9888057708740234
7000,6,0.02969573251903057,0.0013440953334793448,0.028351636603474617,1.8881328105926514,0.026787567883729935,0.001261464087292552,0.0011897413060069084,0.041614387184381485,0.9866594076156616
7050,6,0.028938163071870804,0.0014095364604145288,0.02752862684428692,1.9196690320968628,0.026680942624807358,0.0013996574562042952,0.0013242512941360474,0.041287098079919815,0.9872331619262695
7100,6,0.029610158875584602,0.0013052511494606733,0.02830490842461586,1.828141212463379,0.026609007269144058,0.0011613772949203849,0.0011041685938835144,0.04104302078485489,0.9871507287025452
7150,6,0.02991492673754692,0.0016646379372105002,0.02825028821825981,1.8531312942504883,0.026531461626291275,0.0013089864514768124,0.0011843361426144838,0.04170043766498566,0.9893444180488586
7200,6,0.028853774070739746,0.0014344523660838604,0.0274193212389946,1.877974510192871,0.026502700522542,0.0014811318833380938,0.0014144364977255464,0.04116571694612503,0.9897094964981079
7250,6,0.028019489720463753,0.0010635205544531345,0.026955969631671906,1.7572146654129028,0.026347192004323006,0.0010894278530031443,0.001059800386428833,0.03898113965988159,0.9875405430793762
7300,6,0.028019199147820473,0.0013626564759761095,0.026656541973352432,1.821467638015747,0.026305267587304115,0.001187237910926342,0.0011835931800305843,0.03952367231249809,0.9870874285697937
7350,6,0.02897484041750431,0.0011505350703373551,0.02782430499792099,1.953129768371582,0.026158776134252548,0.0010388776427134871,0.0010039183543995023,0.04080944508314133,0.9871886372566223
7400,6,0.02853339910507202,0.0014260327443480492,0.027107365429401398,1.7711453437805176,0.026095200330018997,0.001073826802894473,0.001085365074686706,0.03957441449165344,0.9885948896408081
7450,6,0.026948407292366028,0.0011773931328207254,0.025771014392375946,1.7289106845855713,0.02595118060708046,0.0011880252277478576,0.0011617846321314573,0.0379687175154686,0.9868382215499878
7500,6,0.029201269149780273,0.0014074472710490227,0.027793822810053825,1.7458417415618896,0.025944028049707413,0.0011090317275375128,0.0010798934381455183,0.04014534503221512,0.9875234365463257
7550,6,0.027966106310486794,0.001330520841293037,0.026635585352778435,1.8237650394439697,0.025839228183031082,0.0012753630289807916,0.0011780313216149807,0.039564162492752075,0.9874398112297058
7600,6,0.027893109247088432,0.0011982358992099762,0.026694873347878456,1.73011314868927,0.02592260017991066,0.0010413536801934242,0.001030423678457737,0.03864137828350067,0.9879437685012817
7650,6,0.028541121631860733,0.0016890799161046743,0.026852041482925415,1.731548547744751,0.025843102484941483,0.0011747197713702917,0.0011387697886675596,0.039538197219371796,0.9883740544319153
7700,6,0.028268467634916306,0.0014406947884708643,0.026827773079276085,1.8478944301605225,0.025874843820929527,0.0012323872651904821,0.0012073928955942392,0.03997359424829483,0.988431453704834
7750,6,0.027717821300029755,0.0012838197872042656,0.026434002444148064,1.8852648735046387,0.025670737028121948,0.0013974551111459732,0.0013331113150343299,0.03990038484334946,0.9882185459136963
7800,6,0.028389006853103638,0.0011322163045406342,0.027256790548563004,1.7654502391815186,0.025599457323551178,0.001060009584762156,0.0010571666061878204,0.03935903310775757,0.9886062145233154
7850,6,0.027922511100769043,0.0011231610551476479,0.02679935097694397,1.7667657136917114,0.025500524789094925,0.0012344960123300552,0.0012460502330213785,0.03926238790154457,0.9886449575424194
7900,6,0.027016494423151016,0.0012138942256569862,0.025802599266171455,1.9082574844360352,0.025642262771725655,0.0011699388269335032,0.001137235201895237,0.038890596479177475,0.9879805445671082
7950,6,0.02960187941789627,0.0013760559959337115,0.028225824236869812,1.7610971927642822,0.025474049150943756,0.001056335517205298,0.0009881309233605862,0.04047730192542076,0.9875897169113159
8000,6,0.026238631457090378,0.001266090665012598,0.024972541257739067,1.8598603010177612,0.025369174778461456,0.0008475658250972629,0.0008512699860148132,0.03726213797926903,0.9888491034507751
8050,6,0.02665802650153637,0.0011951331980526447,0.025462893769145012,1.7528717517852783,0.025208361446857452,0.0012930558295920491,0.0012382182758301497,0.037978868931531906,0.9890177249908447
8100,6,0.02609162963926792,0.0011807673145085573,0.024910861626267433,1.7296898365020752,0.025134611874818802,0.0011771012796089053,0.001074938802048564,0.037017252296209335,0.989585816860199
8150,6,0.02578318677842617,0.0011916786897927523,0.024591507390141487,1.8497414588928223,0.025201166048645973,0.0011977818794548512,0.0012102655600756407,0.03746514022350311,0.9903919100761414
8200,7,0.03599249944090843,0.001681056572124362,0.034311443567276,1.9254581928253174,0.025249645113945007,0.0018677797634154558,0.001717384671792388,0.04923020303249359,0.9880880117416382
8250,7,0.03153267130255699,0.0013119225623086095,0.030220746994018555,1.8951470851898193,0.025784097611904144,0.001608098391443491,0.0015476923435926437,0.04418997839093208,0.9887257814407349
8300,7,0.03227544575929642,0.001459024497307837,0.030816422775387764,1.7956242561340332,0.025599613785743713,0.001548658823594451,0.0015432087238878012,0.04437103495001793,0.9890124797821045
8350,7,0.03256383165717125,0.0015381905250251293,0.031025642529129982,1.8414206504821777,0.025541283190250397,0.0012570647522807121,0.0011086012236773968,0.044162143021821976,0.988776445388794
8400,7,0.029271874576807022,0.001245936844497919,0.02802593819797039,1.7992926836013794,0.025590356439352036,0.0010193209163844585,0.0009480878943577409,0.04026133567094803,0.9886997938156128
8450,7,0.030321329832077026,0.001326239202171564,0.02899509109556675,1.7841546535491943,0.02561722695827484,0.0010903931688517332,0.001078164903447032,0.04143628105521202,0.9901513457298279
8500,7,0.030017711222171783,0.001300217118114233,0.028717493638396263,1.8558638095855713,0.025381948798894882,0.0010127518326044083,0.0010051247663795948,0.041340287774801254,0.9892657995223999
8550,7,0.03287745639681816,0.0016031344421207905,0.03127432242035866,1.7865163087844849,0.025624100118875504,0.0016448392998427153,0.0015692319720983505,0.04504973068833351,0.988119900226593
8600,7,0.029575226828455925,0.0013418312883004546,0.028233395889401436,1.7074095010757446,0.025647833943367004,0.0013738335110247135,0.0012879524147138,0.040799710899591446,0.98995441198349
8650,7,0.030336903408169746,0.0013632464688271284,0.02897365763783455,1.8598170280456543,0.025714267045259476,0.0011542313732206821,0.0011422456009313464,0.04195817932486534,0.9893288016319275
8700,7,0.028620285913348198,0.0011117742396891117,0.027508512139320374,1.7524216175079346,0.0254755150526762,0.0013892999850213528,0.0013653880450874567,0.04016255959868431,0.9895062446594238
8750,7,0.025974340736865997,0.0011424950789660215,0.024831846356391907,1.7135441303253174,0.02558661811053753,0.0009256780031137168,0.0008284166688099504,0.036321740597486496,0.9895321726799011
8800,7,0.028077824041247368,0.0013780357548967004,0.026699788868427277,1.9325203895568848,0.025237685069441795,0.0011475600767880678,0.0010525763500481844,0.03996580094099045,0.9903720617294312
8850,7,0.027583545073866844,0.0014373708982020617,0.02614617347717285,1.7028372287750244,0.025170672684907913,0.0013732598163187504,0.0013320294674485922,0.03882819414138794,0.9884768724441528
8900,7,0.025534246116876602,0.0010722791776061058,0.02446196787059307,1.8778204917907715,0.025052711367607117,0.001137950224801898,0.0011102063581347466,0.037196557968854904,0.9886482357978821
8950,7,0.02501988783478737,0.0012209492269903421,0.02379893884062767,1.8477367162704468,0.024806365370750427,0.0011421639937907457,0.0011199095752090216,0.03654545173048973,0.9885693192481995
9000,7,0.027872666716575623,0.0012904396280646324,0.026582228019833565,1.8425068855285645,0.02472682297229767,0.0011694777058437467,0.00109506631270051,0.03937447443604469,0.9906553030014038
9050,7,0.027642562985420227,0.0014286257792264223,0.026213936507701874,1.8631447553634644,0.024537183344364166,0.0010787969222292304,0.001063427422195673,0.039125047624111176,0.9890375733375549
9100,7,0.025366036221385002,0.0012314709601923823,0.024134565144777298,1.816765308380127,0.02451958879828453,0.0009920946322381496,0.0009508432704024017,0.036417316645383835,0.9892837405204773
9150,7,0.024568289518356323,0.0011957824463024735,0.023372506722807884,1.8161251544952393,0.024330653250217438,0.0011879636440426111,0.0011440636590123177,0.03600527346134186,0.9890580773353577
9200,7,0.02461557649075985,0.0010641540866345167,0.023551423102617264,1.8939639329910278,0.02420520968735218,0.0010324091417714953,0.0009779242100194097,0.036119937896728516,0.9895591139793396
9250,7,0.025875620543956757,0.0009828961919993162,0.02489272505044937,1.740330696105957,0.024047765880823135,0.0009231902076862752,0.0008644489571452141,0.03638895973563194,0.9887173771858215
9300,7,0.02544957771897316,0.0011086126323789358,0.02434096485376358,1.7106270790100098,0.023980258032679558,0.0010011660633608699,0.0009680203511379659,0.03599587827920914,0.9899073839187622
9350,7,0.026643846184015274,0.001247084466740489,0.025396762415766716,1.7178165912628174,0.02388712391257286,0.0011726703960448503,0.0011020505335181952,0.0375315360724926,0.988094687461853
9400,7,0.02643675170838833,0.0011988270562142134,0.025237925350666046,1.825637936592102,0.024005690589547157,0.0012463964521884918,0.0012205321108922362,0.03805587440729141,0.9892078042030334
9450,7,0.02678854763507843,0.0011791554279625416,0.025609392672777176,1.706056833267212,0.023759040981531143,0.0010254801018163562,0.0009398963884450495,0.037307970225811005,0.9889862537384033
9500,7,0.02635074593126774,0.0011106071760877967,0.025240138173103333,1.7575955390930176,0.02368895709514618,0.0009866446489468217,0.0009902867022901773,0.03713934123516083,0.9900921583175659
9550,8,0.024659667164087296,0.0010623964481055737,0.023597270250320435,1.8315956592559814,0.023582307621836662,0.0010935430182144046,0.0010835393331944942,0.036018308252096176,0.9898495078086853
9600,8,0.024798011407256126,0.0011670116800814867,0.02363099902868271,1.830734133720398,0.02342122793197632,0.00109444884583354,0.0010541173396632075,0.036123666912317276,0.989642322063446
9650,8,0.025701070204377174,0.000984567916020751,0.02471650205552578,1.7756659984588623,0.023268401622772217,0.0010813542176038027,0.001071102567948401,0.03675512596964836,0.9904166460037231
9700,8,0.02341027744114399,0.0010505022946745157,0.022359775379300117,1.7893776893615723,0.02344622276723385,0.0010331998346373439,0.0009919307194650173,0.03440574184060097,0.9904541969299316
9750,8,0.023356547579169273,0.0009804386645555496,0.022376108914613724,1.8092575073242188,0.023336440324783325,0.0009496000129729509,0.0009142492199316621,0.034290019422769547,0.9899750351905823
9800,8,0.02378574199974537,0.0011222147149965167,0.022663528099656105,1.741565465927124,0.02330288290977478,0.0008872863254509866,0.0008876339998096228,0.034291792660951614,0.9887034296989441
9850,8,0.024862516671419144,0.0010342514142394066,0.02382826618850231,1.7887746095657349,0.023164119571447372,0.0009854498784989119,0.0009517080034129322,0.035766713321208954,0.9895310401916504
9900,8,0.02470860630273819,0.001066833850927651,0.02364177256822586,1.6656745672225952,0.023182924836874008,0.000934735347982496,0.0008930898038670421,0.03488798439502716,0.9893316030502319
9950,8,0.02518983744084835,0.0012976574944332242,0.023892179131507874,1.643760323524475,0.02283531054854393,0.0009004810708574951,0.0008720655459910631,0.03520401939749718,0.9917562007904053
10000,8,0.024456413462758064,0.0012047477066516876,0.023251665756106377,1.7143536806106567,0.022979263216257095,0.0009208618430420756,0.000882360152900219,0.034854382276535034,0.9896984696388245
10050,8,0.02373059093952179,0.000928103516343981,0.022802487015724182,1.8739163875579834,0.02270524762570858,0.0008327303221449256,0.0007410611724480987,0.03469666838645935,0.9906907081604004
10100,8,0.026149800047278404,0.00116605288349092,0.02498374693095684,1.672629952430725,0.022796306759119034,0.0011120254639536142,0.0010836429428309202,0.03673141077160835,0.9881507158279419
10150,8,0.024750690907239914,0.0011292905546724796,0.02362140081822872,1.7530348300933838,0.022568192332983017,0.0008427565917372704,0.0008574284729547799,0.03523861616849899,0.9888938069343567
10200,8,0.02493296191096306,0.0010250303894281387,0.02390793152153492,1.6702499389648438,0.02261529117822647,0.0008814772590994835,0.0008614500402472913,0.03504975140094757,0.9900670051574707
10250,8,0.024315886199474335,0.0009423246374353766,0.02337356097996235,1.879873275756836,0.022542349994182587,0.001016032649204135,0.0009225841495208442,0.03567641228437424,0.9900410771369934
10300,8,0.026406386867165565,0.0013725205790251493,0.025033866986632347,1.8476699590682983,0.022505756467580795,0.0008855797350406647,0.0008791960426606238,0.03743201494216919,0.9890906810760498
10350,8,0.02450021356344223,0.001172875170595944,0.023327337577939034,1.675034999847412,0.022443274036049843,0.0009332395857200027,0.0009082939941436052,0.03473936766386032,0.98835289478302
10400,8,0.025893375277519226,0.0013982129748910666,0.024495162069797516,1.7501215934753418,0.02236882597208023,0.0009515230194665492,0.0009217780316248536,0.036539655178785324,0.9900288581848145
10450,8,0.02541327476501465,0.0011220378801226616,0.02429123781621456,1.7535324096679688,0.022239577025175095,0.0008097151876427233,0.0007688803016208112,0.03578177094459534,0.9906758069992065
10500,8,0.02732006274163723,0.0013366930652409792,0.02598336897790432,1.736659288406372,0.022211330011487007,0.0010244206059724092,0.0009844164596870542,0.038034405559301376,0.9899914264678955
10550,8,0.025062277913093567,0.0008837719215080142,0.024178506806492805,1.7903306484222412,0.022078102454543114,0.000959993340075016,0.0008884796407073736,0.03588448464870453,0.9893991947174072
10600,8,0.024918852373957634,0.0010067508555948734,0.023912101984024048,1.749178171157837,0.022204816341400146,0.0008298177272081375,0.0008019026136025786,0.03531867265701294,0.9896476864814758
10650,8,0.02669534459710121,0.0010156281059607863,0.02567971684038639,1.8113429546356201,0.02194098010659218,0.0013627868611365557,0.001295815221965313,0.03843260183930397,0.989220142364502
10700,8,0.025189783424139023,0.0011059155222028494,0.02408386766910553,1.7441561222076416,0.022041499614715576,0.0008947476744651794,0.0008406800916418433,0.035668034106492996,0.9898753762245178
10750,8,0.025004157796502113,0.001034516841173172,0.02396964095532894,1.7698876857757568,0.022038888186216354,0.0008870120509527624,0.000864307046867907,0.03562695533037186,0.9896658062934875
10800,8,0.025778742507100105,0.001128363306634128,0.02465038001537323,1.8371045589447021,0.022235844284296036,0.001175242941826582,0.0011120298877358437,0.037273772060871124,0.9894257187843323
10850,8,0.02413613349199295,0.0011415996123105288,0.02299453318119049,1.730398416519165,0.022087913006544113,0.0012580450857058167,0.0011491428595036268,0.03521740436553955,0.9888510704040527
10900,8,0.02760307677090168,0.001392764737829566,0.02621031180024147,1.8012218475341797,0.022076983004808426,0.0012158992467448115,0.0011938671814277768,0.039041031152009964,0.9891735911369324
10950,9,0.02602614462375641,0.0009189954726025462,0.02510714903473854,1.7479865550994873,0.021673772484064102,0.0008396453922614455,0.0008327513933181763,0.03646015003323555,0.990302562713623
11000,9,0.02445889636874199,0.0011711940169334412,0.023287702351808548,1.7133466005325317,0.021923046559095383,0.0008538661058992147,0.0008196878479793668,0.03472110629081726,0.9892169237136841
11050,9,0.025677599012851715,0.0008283028146252036,0.024849295616149902,1.7164371013641357,0.02162858471274376,0.0008604100439697504,0.0008455603383481503,0.035987384617328644,0.9911099672317505
11100,9,0.024470971897244453,0.0009798187529668212,0.023491153493523598,1.8580875396728516,0.021561555564403534,0.0008914787322282791,0.00087637675460428,0.03555082529783249,0.9896377921104431
11150,9,0.025777140632271767,0.0012350942706689239,0.02454204671084881,1.6387159824371338,0.02158234268426895,0.0008695722790434957,0.0008369208080694079,0.035698793828487396,0.9899089336395264
11200,9,0.025803064927458763,0.0012878106208518147,0.02451525442302227,1.7243502140045166,0.021701164543628693,0.001073553110472858,0.0010462593054398894,0.03656632825732231,0.9889119863510132
11250,9,0.025245312601327896,0.0010839839233085513,0.024161329492926598,1.7541680335998535,0.0214688740670681,0.0008369808201678097,0.0008093692595139146,0.035683974623680115,0.9893086552619934
11300,9,0.025427943095564842,0.0011445803102105856,0.024283362552523613,1.6228196620941162,0.021488798782229424,0.00116705649998039,0.0011565567692741752,0.03588714078068733,0.9888423085212708
11350,9,0.0278480127453804,0.001244506798684597,0.02660350501537323,1.7707332372665405,0.021593376994132996,0.0009692825842648745,0.0009438685374334455,0.03863642364740372,0.9893560409545898
11400,9,0.030348528176546097,0.0012835334055125713,0.029064994305372238,1.7120397090911865,0.02167610265314579,0.001016885507851839,0.000985082471743226,0.04093237221240997,0.9892112612724304
11450,9,0.026683907955884933,0.0011762585490942001,0.025507649406790733,1.7676773071289062,0.02171587385237217,0.0010848197853192687,0.0010875682346522808,0.037716396152973175,0.98736971616745
11500,9,0.027460377663373947,0.0010065839160233736,0.026453793048858643,1.5879513025283813,0.02155255898833275,0.0010129724396392703,0.0010179070523008704,0.037452563643455505,0.9889708757400513
11550,9,0.025548432022333145,0.0009782843990251422,0.024570148438215256,1.7290751934051514,0.02151493914425373,0.001034388318657875,0.0010421664919704199,0.03629187494516373,0.9891066551208496
11600,9,0.026983216404914856,0.0009573341230861843,0.026025881990790367,1.7346854209899902,0.02132478915154934,0.0009589579422026873,0.0009696107590571046,0.037606533616781235,0.9898011684417725
11650,9,0.026272103190422058,0.0010322860907763243,0.025239817798137665,1.5917587280273438,0.021342093124985695,0.0010039727203547955,0.0009589834371581674,0.03621519356966019,0.9897581338882446
11700,9,0.027180077508091927,0.001010230160318315,0.026169847697019577,1.757286548614502,0.021346360445022583,0.0010519996285438538,0.0010115097975358367,0.038051363080739975,0.9899207353591919
11750,9,0.02892802283167839,0.001220902893692255,0.027707120403647423,1.7509636878967285,0.021360987797379494,0.0011413383763283491,0.001100309076718986,0.039945852011442184,0.9896566867828369
11800,9,0.026689840480685234,0.0013001069892197847,0.02538973279297352,1.7929754257202148,0.021400831639766693,0.0009657893097028136,0.000990444328635931,0.037632353603839874,0.9893079996109009
11850,9,0.025718750432133675,0.0009961980395019054,0.024722551926970482,1.7611806392669678,0.02124393917620182,0.0008553729858249426,0.0008243322372436523,0.03622560203075409,0.9901236295700073
11900,9,0.0258907712996006,0.0010264796437695622,0.02486429177224636,1.8395001888275146,0.02144205942749977,0.0007588467560708523,0.0007401971961371601,0.03660875931382179,0.989913284778595
11950,9,0.02628859132528305,0.0010004837531596422,0.025288106873631477,1.758756399154663,0.021261192858219147,0.0010112891905009747,0.0010065475944429636,0.037121471017599106,0.9899900555610657
12000,9,0.024348590523004532,0.0009823126019909978,0.023366278037428856,1.826547384262085,0.02104567177593708,0.0008846629643812776,0.000870071817189455,0.03525710478425026,0.9892894625663757
12050,9,0.02285112254321575,0.0009469457436352968,0.021904176101088524,1.6568434238433838,0.0209820456802845,0.000950971560087055,0.0009190567070618272,0.03302634879946709,0.9897118806838989
12100,9,0.02603023312985897,0.0009197531035169959,0.025110479444265366,1.6736834049224854,0.021190743893384933,0.0008765670354478061,0.0008610266959294677,0.036157432943582535,0.9891856908798218
12150,9,0.02860741689801216,0.0011584799503907561,0.02744893729686737,1.7144349813461304,0.021031100302934647,0.001100839814171195,0.0010632588528096676,0.03936472162604332,0.9896062612533569
12200,9,0.02501216158270836,0.0010401264298707247,0.023972034454345703,1.7595646381378174,0.021066391840577126,0.0009391260100528598,0.0008931866614148021,0.03566336631774902,0.9899430274963379
12250,9,0.026529744267463684,0.0010742369340732694,0.025455506518483162,1.68448805809021,0.02086504176259041,0.0012225357349961996,0.0012346835574135184,0.03743027150630951,0.9887513518333435
12300,10,0.026442455127835274,0.0009230503346771002,0.02551940456032753,1.7600760459899902,0.021011721342802048,0.0013450850965455174,0.0013998150825500488,0.03800874203443527,0.9898368120193481
12350,10,0.023900413885712624,0.0007848221575841308,0.02311559207737446,1.6224923133850098,0.020930608734488487,0.0008890723693184555,0.000868817325681448,0.03379169851541519,0.9905571937561035
12400,10,0.025628698989748955,0.0010746122570708394,0.024554086849093437,1.7557237148284912,0.020871294662356377,0.0009720375528559089,0.0010073586599901319,0.03640758618712425,0.9890581369400024
12450,10,0.02445662021636963,0.0009169136174023151,0.0235397070646286,1.740170955657959,0.02085375227034092,0.0007959029171615839,0.0007761346641927958,0.03475036844611168,0.9902650117874146
12500,10,0.023214690387248993,0.0009729098528623581,0.022241780534386635,1.8421318531036377,0.020591730251908302,0.0008891141042113304,0.0008115727687254548,0.03414663299918175,0.9916154146194458
12550,10,0.024249590933322906,0.0009425157913938165,0.0233070757240057,1.7318165302276611,0.020695872604846954,0.001030494924634695,0.001021243748255074,0.03498110920190811,0.990200400352478
12600,10,0.02625848539173603,0.0010986195411533117,0.025159865617752075,1.682603120803833,0.020576443523168564,0.0008319288026541471,0.0008080025436356664,0.03633200749754906,0.9889266490936279
12650,10,0.02428349293768406,0.0009046191116794944,0.023378873243927956,1.6292976140975952,0.0206550732254982,0.0008604152826592326,0.0008354343008249998,0.03414648771286011,0.9893009066581726
12700,10,0.026305025443434715,0.0009332026820629835,0.025371823459863663,1.584930181503296,0.02069747820496559,0.0008406491251662374,0.0008157129632309079,0.03590673580765724,0.9895737767219543
12750,10,0.02464868500828743,0.0008946935995481908,0.023753991350531578,1.6190261840820312,0.02061549574136734,0.000741598370950669,0.0007200536201708019,0.034226082265377045,0.9899278879165649
12800,10,0.023442916572093964,0.0009149798424914479,0.022527936846017838,1.7035105228424072,0.020487507805228233,0.0008100433624349535,0.0007414964493364096,0.03353249654173851,0.9911595582962036
12850,10,0.026972297579050064,0.0009240829385817051,0.026048215106129646,1.8536107540130615,0.02061612904071808,0.000851691875141114,0.0008304381044581532,0.037943094968795776,0.9899603724479675
12900,10,0.025984592735767365,0.0011670882813632488,0.02481750398874283,1.699249505996704,0.020499832928180695,0.0007317481795325875,0.0006980703910812736,0.03593115881085396,0.9903584718704224
12950,10,0.025466052815318108,0.0009617613395676017,0.024504290893673897,1.6943899393081665,0.02044873684644699,0.0010231009218841791,0.0009535267017781734,0.03593507781624794,0.9905587434768677
13000,10,0.027865251526236534,0.0009730782476253808,0.026892174035310745,1.6812844276428223,0.02064577490091324,0.0009621017379686236,0.0009605868253856897,0.03821500763297081,0.9898122549057007
13050,10,0.024737495929002762,0.0009350270265713334,0.023802468553185463,1.7022194862365723,0.020611949265003204,0.0009330373723059893,0.000945878797210753,0.035148121416568756,0.9911630153656006
13100,10,0.026658566668629646,0.0009258325444534421,0.02573273330926895,1.8550515174865723,0.020531829446554184,0.000813928316347301,0.0008021657122299075,0.037570446729660034,0.9918645620346069
13150,10,0.024943845346570015,0.0009189924458041787,0.024024853482842445,1.7132841348648071,0.02029183693230152,0.0012432640651240945,0.0012096986174583435,0.03598352149128914,0.9904146194458008
13200,10,0.02556966245174408,0.001334851374849677,0.02423481084406376,1.723081111907959,0.0204301830381155,0.0009089442901313305,0.0008957418613135815,0.03601018339395523,0.9899414777755737
13250,10,0.02824212610721588,0.0014528799802064896,0.026789246127009392,1.6848331689834595,0.02032533288002014,0.0011063057463616133,0.0010741781443357468,0.038867101073265076,0.9904196262359619
13300,10,0.025258170440793037,0.001144750276580453,0.024113420397043228,1.7362284660339355,0.020180340856313705,0.001145144458860159,0.0011037343647331,0.0362083725631237,0.9904526472091675
13350,10,0.025208689272403717,0.0010449152905493975,0.02416377328336239,1.589866042137146,0.020202279090881348,0.0008405261323787272,0.0008466686122119427,0.03486541658639908,0.9898127317428589
13400,10,0.024652346968650818,0.0009145326912403107,0.023737814277410507,1.646195888519287,0.02016284689307213,0.0009082467295229435,0.0009150973055511713,0.034726832062006,0.9913091659545898
13450,10,0.026669228449463844,0.0012588577810674906,0.025410370901226997,1.9257519245147705,0.020003361627459526,0.0010156360222026706,0.001009531319141388,0.0383431613445282,0.989887535572052
13500,10,0.02266390062868595,0.0009665179532021284,0.021697383373975754,1.6269638538360596,0.020144222304224968,0.0010514096356928349,0.0010638306848704815,0.03293410316109657,0.9901763796806335
13550,10,0.025007721036672592,0.0009158262982964516,0.024091893807053566,1.751502275466919,0.020147625356912613,0.0006800796254538,0.0006549075478687882,0.035120368003845215,0.9897348284721375
13600,10,0.02538852021098137,0.0008218938601203263,0.02456662617623806,1.6485261917114258,0.020030269399285316,0.0009844716405496001,0.0009874011157080531,0.03562305495142937,0.9916684627532959
13650,11,0.025849374011158943,0.0010018579196184874,0.024847516790032387,1.573138952255249,0.020020879805088043,0.0008372318698093295,0.0008416016935370862,0.035413920879364014,0.9907047748565674
13700,11,0.024226654320955276,0.0011403621174395084,0.023086292669177055,1.6502991914749146,0.01989804022014141,0.0007782058091834188,0.0007862761849537492,0.03406252712011337,0.9887152910232544
13750,11,0.02552788145840168,0.0009561344049870968,0.024571746587753296,1.6388312578201294,0.01978599652647972,0.0009336789371445775,0.0009359042160212994,0.03561140224337578,0.9898127913475037
13800,11,0.02446630224585533,0.0010488976258784533,0.023417403921484947,1.7179762125015259,0.020033448934555054,0.0008550873608328402,0.0008633487159386277,0.034794654697179794,0.9900234937667847
13850,11,0.0263518076390028,0.0009847375331446528,0.025367069989442825,1.5807315111160278,0.020065385848283768,0.000996313989162445,0.0009965081699192524,0.03626834973692894,0.9904026389122009
13900,11,0.025990791618824005,0.0009481878951191902,0.02504260279238224,1.5732383728027344,0.019832869991660118,0.0007773200049996376,0.000753292057197541,0.03540743142366409,0.9917206764221191
13950,11,0.029863737523555756,0.0013033581199124455,0.028560379520058632,1.8402364253997803,0.019845636561512947,0.0009357032831758261,0.0009123642230406404,0.04093283414840698,0.990886926651001
14000,11,0.025778070092201233,0.0009527172660455108,0.024825353175401688,1.7261842489242554,0.020046574994921684,0.0009648591512814164,0.000962127698585391,0.03635602444410324,0.9892148971557617
14050,11,0.024309970438480377,0.0009692033054307103,0.02334076724946499,1.6114208698272705,0.019831206649541855,0.0008045689901337028,0.0007924269884824753,0.03398389741778374,0.9910448789596558
14100,11,0.023607660084962845,0.0008697427110746503,0.022737916558980942,1.6097716093063354,0.019736632704734802,0.0006799311377108097,0.0006251994636841118,0.03298138454556465,0.9897300004959106
14150,11,0.026719609275460243,0.0010843191994354129,0.025635290890932083,1.686282992362976,0.019922643899917603,0.0009063355973921716,0.0009510740055702627,0.03702835738658905,0.991180419921875
14200,11,0.026003563776612282,0.001013227622024715,0.02499033696949482,1.7297444343566895,0.019891036674380302,0.000951320631429553,0.0009024806786328554,0.03652597591280937,0.9904836416244507
14250,11,0.024430587887763977,0.0007987579447217286,0.023631829768419266,1.7542037963867188,0.019852889701724052,0.0007926501566544175,0.0007956787012517452,0.03480978682637215,0.9904114007949829
14300,11,0.025114867836236954,0.0009813039796426892,0.02413356304168701,1.626542568206787,0.019866514950990677,0.0006859824061393738,0.0007046936079859734,0.034658126533031464,0.9900290966033936
14350,11,0.02421535551548004,0.0008499781251884997,0.023365376517176628,1.714902639389038,0.019610440358519554,0.0006213655578903854,0.0006245225667953491,0.03405536711215973,0.9886319637298584
14400,11,0.02379561960697174,0.0009283485123887658,0.022867271676659584,1.7127280235290527,0.01963156834244728,0.0008946498855948448,0.0008881974499672651,0.03416173532605171,0.9905438423156738
14450,11,0.02460644766688347,0.0010122237727046013,0.023594224825501442,1.6514620780944824,0.019691182300448418,0.0006655912729911506,0.0006455726688727736,0.03419461473822594,0.99000084400177
14500,11,0.02664509415626526,0.0009194986778311431,0.0257255956530571,1.581665277481079,0.019705628976225853,0.0008287155069410801,0.0008425323758274317,0.03624437376856804,0.9900158643722534
14550,11,0.025120707228779793,0.0010166368447244167,0.02410406991839409,1.6681983470916748,0.019429735839366913,0.0009660135256126523,0.0009476431296207011,0.035394784063100815,0.9894459247589111
14600,11,0.026180492714047432,0.0009823422878980637,0.02519815042614937,1.7218447923660278,0.01954309642314911,0.0008240648312494159,0.0008165094768628478,0.03644983470439911,0.9904450178146362
14650,11,0.026859480887651443,0.0010358905419707298,0.02582358941435814,1.7763681411743164,0.019664831459522247,0.000884454173501581,0.000891250791028142,0.03753669187426567,0.9906377792358398
14700,11,0.02444782294332981,0.0009064462501555681,0.023541375994682312,1.5570898056030273,0.01954168826341629,0.0006666037952527404,0.0006572807906195521,0.03357670083642006,0.99003005027771
14750,11,0.027298256754875183,0.0012979126768186688,0.02600034326314926,1.6734519004821777,0.019486695528030396,0.0008443018887192011,0.000787978176958859,0.03731728345155716,0.9896461367607117
14800,11,0.029643110930919647,0.0010028218384832144,0.02864028885960579,1.7959601879119873,0.01971043087542057,0.000961946789175272,0.0009400710696354508,0.04054464027285576,0.9906425476074219
14850,11,0.026884134858846664,0.001006062375381589,0.025878071784973145,1.6433351039886475,0.019753551110625267,0.0008352834265679121,0.000851024582516402,0.036806873977184296,0.9896624088287354
14900,11,0.029565267264842987,0.0011832930613309145,0.02838197350502014,1.7079555988311768,0.020022476091980934,0.0009327842271886766,0.0009028395870700479,0.03996068984270096,0.9897382259368896
14950,11,0.02811424434185028,0.0009001519647426903,0.027214093133807182,1.624147891998291,0.019846878945827484,0.0009115405264310539,0.0008562543662264943,0.03802262619137764,0.9889421463012695
15000,11,0.02626459300518036,0.0010327440686523914,0.025231849402189255,1.7081542015075684,0.019708409905433655,0.0008680564351379871,0.0008741210331209004,0.03656724840402603,0.9908564686775208
15050,12,0.02718350850045681,0.0010271889623254538,0.026156319305300713,1.6056766510009766,0.019799022004008293,0.0008636286365799606,0.0008620719308964908,0.03695739060640335,0.9912483096122742
15100,12,0.029530532658100128,0.0012390974443405867,0.028291435912251472,1.7031574249267578,0.019764158874750137,0.0011493419297039509,0.0010788217186927795,0.04029424488544464,0.9903671741485596
15150,12,0.026774812489748,0.0009634134476073086,0.025811398401856422,1.7392909526824951,0.019694926217198372,0.0009037343552336097,0.0008646670612506568,0.03725936636328697,0.9906563758850098
15200,12,0.025603409856557846,0.0009877606062218547,0.02461564913392067,1.6290771961212158,0.019674673676490784,0.0008618022548034787,0.0008538697147741914,0.03548413887619972,0.9915726780891418
15250,12,0.025252940133213997,0.0010999268852174282,0.02415301278233528,1.787142276763916,0.01973537541925907,0.0009416649118065834,0.0008864873088896275,0.03603653982281685,0.9907950162887573
15300,12,0.02395375818014145,0.0009239091305062175,0.02302984893321991,1.6138370037078857,0.01968919113278389,0.0009079023730009794,0.0008149060886353254,0.033765438944101334,0.9917570352554321
15350,12,0.023521652445197105,0.0009215227910317481,0.02260012924671173,1.615674614906311,0.019659411162137985,0.000817812280729413,0.0008126035099849105,0.033250097185373306,0.991338849067688
15400,12,0.026812318712472916,0.0010607971344143152,0.025751521810889244,1.6705960035324097,0.01954912580549717,0.0007641540141776204,0.0007453578291460872,0.03669436275959015,0.9905033111572266
15450,12,0.02411341480910778,0.0008158960263244808,0.023297518491744995,1.602750539779663,0.019419098272919655,0.000965783023275435,0.0009555326541885734,0.03406790271401405,0.9905627369880676
15500,12,0.02519417554140091,0.0009306868305429816,0.02426348812878132,1.608018398284912,0.019489828497171402,0.0008661638712510467,0.0008245557546615601,0.034944478422403336,0.9907158017158508
15550,12,0.024481074884533882,0.0010688775219023228,0.023412197828292847,1.6808724403381348,0.01941758580505848,0.000991533393971622,0.0010297170374542475,0.03492610156536102,0.9917510151863098
15600,12,0.024775642901659012,0.0008828550926409662,0.023892788216471672,1.5900442600250244,0.01940983720123768,0.000996588496491313,0.0009744744747877121,0.03471633419394493,0.9906915426254272
15650,12,0.02512492798268795,0.001037599053233862,0.0240873284637928,1.7514114379882812,0.01948637142777443,0.0007906942628324032,0.0007473847945220768,0.03543955087661743,0.9925404191017151
15700,12,0.025992030277848244,0.0010183305712416768,0.02497369982302189,1.775329828262329,0.019420377910137177,0.0009660255163908005,0.0009543942869640887,0.036808520555496216,0.9901007413864136
15750,12,0.025352060794830322,0.0009403321892023087,0.024411728605628014,1.642343282699585,0.01934642344713211,0.0008176122792065144,0.0008590348297730088,0.03525977209210396,0.992072582244873
15800,12,0.025684582069516182,0.0009486165945418179,0.024735964834690094,1.6791462898254395,0.01931769773364067,0.0008804476819932461,0.0008636558195576072,0.035843733698129654,0.9918069839477539
15850,12,0.02572130225598812,0.0009464442846365273,0.024774858728051186,1.6275756359100342,0.019372258335351944,0.0007292141672223806,0.0007353333057835698,0.035343095660209656,0.991788923740387
15900,12,0.02710595913231373,0.0009108521044254303,0.026195107027888298,1.7829856872558594,0.019205857068300247,0.000932460417971015,0.0009037488489411771,0.03787630423903465,0.9906679391860962
15950,12,0.025605859234929085,0.0008901905966922641,0.024715669453144073,1.7357585430145264,0.019336648285388947,0.0010119574144482613,0.0010110764997079968,0.036327023059129715,0.9912799596786499
16000,12,0.023813102394342422,0.000933242030441761,0.022879861295223236,1.718650221824646,0.01925138756632805,0.0007288733031600714,0.000744182092603296,0.03389865905046463,0.9918919205665588
16050,12,0.0250258706510067,0.0008830244187265635,0.02414284646511078,1.610892415046692,0.01923283189535141,0.0007021856727078557,0.0006718799704685807,0.03447363153100014,0.9901819229125977
16100,12,0.02411147579550743,0.000828390009701252,0.023283086717128754,1.613196611404419,0.019162597134709358,0.0006383703439496458,0.0006265304982662201,0.033461522310972214,0.9907141923904419
16150,12,0.023977309465408325,0.0009107793448492885,0.023066530004143715,1.6750373840332031,0.01902051642537117,0.0006496631540358067,0.0006216572364792228,0.033642835915088654,0.9915682077407837
16200,12,0.023650577291846275,0.0009540435275994241,0.022696534171700478,1.5894033908843994,0.0189657099545002,0.0009538024896755815,0.0009356666123494506,0.03350602835416794,0.9918456077575684
16250,12,0.025742290541529655,0.0010044719092547894,0.02473781816661358,1.4820449352264404,0.018957700580358505,0.0008041682885959744,0.0008165469625964761,0.034792184829711914,0.990902304649353
16300,12,0.023936079815030098,0.0009177970932796597,0.023018281906843185,1.6762397289276123,0.01903786137700081,0.0009501776657998562,0.0009481203742325306,0.03423461318016052,0.9908198118209839
16350,12,0.026288041844964027,0.0009517532307654619,0.025336287915706635,1.6089770793914795,0.018927693367004395,0.0008715165895409882,0.0008593907114118338,0.036082763224840164,0.9914499521255493
16400,13,0.026143524795770645,0.0008991598151624203,0.025244364514946938,1.5848088264465332,0.018918834626674652,0.0009468061616644263,0.0009179087937809527,0.03595120087265968,0.9897376298904419
16450,13,0.025893913581967354,0.0008145479951053858,0.02507936581969261,1.65857994556427,0.018937282264232635,0.0008872238686308265,0.0008533528889529407,0.035946324467659,0.9909546375274658
16500,13,0.026751745492219925,0.0010230174520984292,0.025728728622198105,1.5189943313598633,0.018734600394964218,0.0007954091997817159,0.000826143310405314,0.0359870046377182,0.9902415871620178
16550,13,0.026317927986383438,0.001047333236783743,0.025270594283938408,1.596585750579834,0.018628280609846115,0.0008860131492838264,0.0008756789611652493,0.03608117625117302,0.990254282951355
16600,13,0.02671259082853794,0.0008258944726549089,0.025886695832014084,1.572847604751587,0.018810875713825226,0.0010752894449979067,0.001014875597320497,0.03668580576777458,0.9891841411590576
16650,13,0.027853775769472122,0.0008688826928846538,0.026984892785549164,1.7076271772384644,0.018755173310637474,0.0008121529244817793,0.0007904362864792347,0.03801325708627701,0.9892494678497314
16700,13,0.025980036705732346,0.0007847987581044436,0.02519523724913597,1.5262584686279297,0.019121484830975533,0.0007627669838257134,0.0007412100676447153,0.03513442724943161,0.9897671937942505
16750,13,0.0255013108253479,0.0009012633818201721,0.02460004761815071,1.6474405527114868,0.01889193244278431,0.0008016767678782344,0.0007938955677673221,0.03535297513008118,0.9888728260993958
16800,13,0.02675200067460537,0.0010769012151286006,0.025675099343061447,1.7339166402816772,0.018800031393766403,0.0009023643215186894,0.0008979531703516841,0.03724070265889168,0.9902576208114624
16850,13,0.026033170521259308,0.0009037893614731729,0.02512938156723976,1.5892322063446045,0.01892176829278469,0.0008073367644101381,0.0008442936232313514,0.03564988076686859,0.9879710078239441
16900,13,0.028106868267059326,0.0009334170026704669,0.027173452079296112,1.7967197895050049,0.0189774502068758,0.00111129111610353,0.00109308329410851,0.03931381553411484,0.9892556667327881
16950,13,0.028339367359876633,0.000877166457939893,0.027462201192975044,1.520409345626831,0.01884833164513111,0.0011766545940190554,0.0011978409020230174,0.03833476081490517,0.9898598194122314
17000,13,0.026035422459244728,0.0010765941115096211,0.02495882846415043,1.6110832691192627,0.01859002187848091,0.0007113018073141575,0.0007220023544505239,0.03554273396730423,0.9885276556015015
17050,13,0.02634977176785469,0.0010074297897517681,0.025342341512441635,1.6648085117340088,0.018541213124990463,0.0008226798381656408,0.0008071462507359684,0.036322180181741714,0.9899066686630249
17100,13,0.024757103994488716,0.0007829592213965952,0.023974144831299782,1.657132625579834,0.018648050725460052,0.0006838935660198331,0.000673943548463285,0.03441925346851349,0.9876199960708618
17150,13,0.02473708987236023,0.0009710149606689811,0.02376607432961464,1.7029011249542236,0.018758852034807205,0.0007871832931414247,0.0007920163334347308,0.03484955430030823,0.9895011782646179
17200,13,0.024669241160154343,0.0007714631501585245,0.023897778242826462,1.5640360116958618,0.018459076061844826,0.0007252001669257879,0.0007059026975184679,0.03393898159265518,0.9885446429252625
17250,13,0.025365440174937248,0.0008509990875609219,0.024514440447092056,1.5167877674102783,0.018624303862452507,0.000688520260155201,0.0006698888028040528,0.03432641178369522,0.9883350133895874
17300,13,0.026064446195960045,0.0009463703026995063,0.02511807531118393,1.589219093322754,0.01848645508289337,0.0007970157894305885,0.0007789772935211658,0.035605017095804214,0.9874007105827332
17350,13,0.025374725461006165,0.0007916863542050123,0.024583039805293083,1.5733721256256104,0.018495924770832062,0.0006915046251378953,0.0006835487438365817,0.03463513404130936,0.9892261624336243
17400,13,0.025727108120918274,0.0010369622614234686,0.02469014562666416,1.5445725917816162,0.01855621114373207,0.0010373697150498629,0.0009981720941141248,0.035504069179296494,0.9876141548156738
17450,13,0.02606801688671112,0.0008868646109476686,0.025181151926517487,1.687988519668579,0.01854114420711994,0.0008080783882178366,0.0007638605311512947,0.03609843924641609,0.9889626502990723
17500,13,0.027010472491383553,0.0014623143943026662,0.025548158213496208,1.651835322380066,0.01826326735317707,0.0008717715973034501,0.0008534054504707456,0.03701309114694595,0.9872002601623535
17550,13,0.02631908282637596,0.0008667577640153468,0.025452325120568275,1.674196481704712,0.018311165273189545,0.0007930399151518941,0.000784429139457643,0.036285847425460815,0.988264799118042
17600,13,0.02676074579358101,0.0009381623822264373,0.025822583585977554,1.533518671989441,0.018284596502780914,0.0007924254168756306,0.0007785946945659816,0.03601764142513275,0.9876698851585388
17650,13,0.024628499522805214,0.0009633644949644804,0.023665135726332664,1.517653465270996,0.018147863447666168,0.0008144369348883629,0.0008276244043372571,0.03387697786092758,0.9866151809692383
17700,13,0.025436924770474434,0.0008246303768828511,0.024612294510006905,1.5451059341430664,0.018178734928369522,0.0006867453339509666,0.0006741806282661855,0.03454155847430229,0.9868531823158264
17750,14,0.02907371148467064,0.0009556066943332553,0.028118105605244637,1.5714079141616821,0.01812928356230259,0.0010376186110079288,0.0010243880096822977,0.03901088982820511,0.9877631664276123
17800,14,0.03051793947815895,0.0011642379686236382,0.029353702440857887,1.6872339248657227,0.018329188227653503,0.0014834861503913999,0.0014940901892259717,0.04195001348853111,0.9879050254821777
17850,14,0.029486320912837982,0.001251942478120327,0.02823437750339508,1.610290765762329,0.018376894295215607,0.0009465281618759036,0.0009589691180735826,0.039461649954319,0.988275408744812
17900,14,0.03105541504919529,0.0011611670488491654,0.02989424765110016,1.5857138633728027,0.01862560212612152,0.0012797709787264466,0.001287353690713644,0.04156973585486412,0.9854902625083923
17950,14,0.02636835351586342,0.0009915664559230208,0.025376787409186363,1.5868791341781616,0.01862582191824913,0.0008006188436411321,0.0007907706312835217,0.03591276332736015,0.9871203303337097
18000,14,0.02681058831512928,0.0010332290548831224,0.025777358561754227,1.6191636323928833,0.018240071833133698,0.0008654280100017786,0.000861798063851893,0.03665187209844589,0.9871523380279541
18050,14,0.025899870321154594,0.0009197166655212641,0.024980153888463974,1.5978482961654663,0.01814752072095871,0.0006580292247235775,0.0006587451789528131,0.035224031656980515,0.9867007732391357
18100,14,0.025404755026102066,0.0008756413590162992,0.024529114365577698,1.5984065532684326,0.01812790334224701,0.0007518469356000423,0.0007129592122510076,0.03487972170114517,0.9875593781471252
18150,14,0.024182206019759178,0.0008718869648873806,0.02331031858921051,1.5692968368530273,0.017939981073141098,0.0006848574266768992,0.000691778666805476,0.03342326730489731,0.9875120520591736
18200,14,0.025850020349025726,0.0009781635599210858,0.024871855974197388,1.5855741500854492,0.017942193895578384,0.0007482882356271148,0.0007154487539082766,0.03525957092642784,0.9882691502571106
18250,14,0.025714930146932602,0.0008899804670363665,0.024824948981404305,1.5595200061798096,0.017936771735548973,0.0007335982518270612,0.0007186423754319549,0.03498270735144615,0.9875731468200684
18300,14,0.025484375655651093,0.0008754305308684707,0.024608945474028587,1.6290050745010376,0.01793578267097473,0.0006535712163895369,0.0006789901526644826,0.03497990220785141,0.9870327711105347
18350,14,0.02500561811029911,0.0009155756561085582,0.02409004233777523,1.5507903099060059,0.01791970804333687,0.0007231230265460908,0.0007374195847660303,0.03423802927136421,0.9869730472564697
18400,14,0.025029534474015236,0.0007653661305084825,0.024264167994260788,1.499973177909851,0.01781449466943741,0.0007406745571643114,0.0007403897470794618,0.034028276801109314,0.9861473441123962
18450,14,0.025452975183725357,0.0010107924463227391,0.02444218285381794,1.60312020778656,0.017737330868840218,0.0006419952260330319,0.0006371754570864141,0.03476548194885254,0.9864155054092407
18500,14,0.024416539818048477,0.0007867803797125816,0.02362976036965847,1.557611107826233,0.017839128151535988,0.000690205255523324,0.0006699096411466599,0.033582549542188644,0.9864304065704346
18550,14,0.023554515093564987,0.0008179834112524986,0.022736532613635063,1.516716718673706,0.017671512439846992,0.0007905676029622555,0.0008024975541047752,0.032748833298683167,0.9858381152153015
18600,14,0.025877922773361206,0.0009119074675254524,0.024966014549136162,1.6113425493240356,0.017515351995825768,0.0008082528365775943,0.000804579583927989,0.035564981400966644,0.9864993691444397
18650,14,0.02451365813612938,0.0008190119988285005,0.02369464561343193,1.5759410858154297,0.017589546740055084,0.001016812166199088,0.001006908481940627,0.03443467244505882,0.9880152940750122
18700,14,0.02456321194767952,0.0008823837852105498,0.023680828511714935,1.6970020532608032,0.017553959041833878,0.0011158783454447985,0.0011577890254557133,0.035339441150426865,0.9859707355499268
18750,14,0.02401871792972088,0.0008059368701651692,0.02321278117597103,1.5682250261306763,0.017501765862107277,0.000895801349543035,0.0008921567350625992,0.03366530314087868,0.9856290817260742
18800,14,0.02576139196753502,0.0009456070838496089,0.024815784767270088,1.580674409866333,0.017338786274194717,0.0008703065104782581,0.0008687569643370807,0.035421162843704224,0.9871580600738525
18850,14,0.025359490886330605,0.0008035352220758796,0.024555955082178116,1.510089635848999,0.017287369817495346,0.0007710192003287375,0.0007620751857757568,0.03446032106876373,0.9854720830917358
18900,14,0.02641543373465538,0.0008865189738571644,0.025528915226459503,1.6230268478393555,0.01728871278464794,0.0006845751777291298,0.0006831017672084272,0.03591553494334221,0.9867085218429565
18950,14,0.026662137359380722,0.0011830765288323164,0.025479061529040337,1.7222039699554443,0.017386630177497864,0.0008162558078765869,0.0007857676828280091,0.036892566829919815,0.9856691360473633
19000,14,0.025554843246936798,0.0009344507707282901,0.02462039329111576,1.4456145763397217,0.017526887357234955,0.0009616712341085076,0.0009132122504524887,0.03467532619833946,0.9853766560554504
19050,14,0.027851223945617676,0.000990162487141788,0.02686106227338314,1.6331791877746582,0.01745794154703617,0.0007130888989195228,0.0006941671599633992,0.03744183108210564,0.9853394031524658
19100,15,0.02560029737651348,0.0010393272386863828,0.024560969322919846,1.6481297016143799,0.017390454187989235,0.0008102547144517303,0.0007947096019051969,0.035463299602270126,0.9849216341972351
19150,15,0.024266764521598816,0.0009327950538136065,0.023333968594670296,1.615978479385376,0.017431112006306648,0.0008346191025339067,0.0008173048263415694,0.03401601314544678,0.9868913888931274
19200,15,0.02558530680835247,0.0010113125899806619,0.024573994800448418,1.599380373954773,0.017382394522428513,0.0007624092977494001,0.0007663005380891263,0.03512830287218094,0.9875271320343018
19250,15,0.024950113147497177,0.0011188266798853874,0.023831285536289215,1.537187099456787,0.017160579562187195,0.0008110703201964498,0.0008267231751233339,0.03429100289940834,0.9874918460845947
19300,15,0.023892683908343315,0.0008061521220952272,0.023086531087756157,1.558708906173706,0.017051495611667633,0.0006466239574365318,0.000648084853310138,0.032997988164424896,0.9863811731338501
19350,15,0.02665669284760952,0.0009367343736812472,0.025719959288835526,1.6689046621322632,0.017051104456186295,0.0008800054201856256,0.0009132238337770104,0.03681149333715439,0.9867357015609741
19400,15,0.025918764993548393,0.00090624118456617,0.02501252293586731,1.5099529027938843,0.017208538949489594,0.0008231390966102481,0.0008010796154849231,0.035109955817461014,0.9877039194107056
19450,15,0.0262894406914711,0.00097701046615839,0.025312431156635284,1.583006501197815,0.017219219356775284,0.000924960826523602,0.0009371252963319421,0.036083776503801346,0.9860618710517883
19500,15,0.026611771434545517,0.0009080139570869505,0.025703758001327515,1.5151562690734863,0.017116717994213104,0.0008496773662045598,0.000831586483400315,0.03588593378663063,0.9860485792160034
19550,15,0.024073515087366104,0.0008676016586832702,0.023205913603305817,1.5177526473999023,0.01728040538728237,0.00072843226371333,0.000720212294254452,0.03312820568680763,0.9860173463821411
19600,15,0.025115180760622025,0.0008876611245796084,0.02422752045094967,1.6563682556152344,0.017253249883651733,0.0007234157528728247,0.000716875889338553,0.03485456481575966,0.9852036237716675
19650,15,0.02471209317445755,0.0007058625342324376,0.024006230756640434,1.4463555812835693,0.01741873472929001,0.0006020587170496583,0.0006149655673652887,0.033178314566612244,0.9862637519836426
19700,15,0.024106688797473907,0.0008149523055180907,0.023291736841201782,1.4450078010559082,0.01709311082959175,0.000873669283464551,0.0008662717882543802,0.03308876231312752,0.9866187572479248
19750,15,0.02477405220270157,0.0009661356452852488,0.023807916790246964,1.5688725709915161,0.01697564870119095,0.0006753498455509543,0.0006658335914835334,0.03397657349705696,0.9864742159843445
19800,15,0.023439550772309303,0.0008710616966709495,0.022568488493561745,1.523988127708435,0.017216570675373077,0.0007340762531384826,0.0007292072987183928,0.03253999352455139,0.9862269759178162
19850,15,0.023245247080922127,0.0009652213775552809,0.022280026227235794,1.6348986625671387,0.017017912119627,0.0010441227350383997,0.0010696733370423317,0.033550553023815155,0.9872578382492065
19900,15,0.02420201152563095,0.0007886988460086286,0.023413313552737236,1.508109211921692,0.016928860917687416,0.0009502461180090904,0.0009682918316684663,0.033678025007247925,0.9859830141067505
19950,15,0.025442801415920258,0.0008595252875238657,0.024583276361227036,1.5312087535858154,0.01684209704399109,0.0007672658539377153,0.000781940994784236,0.03466489538550377,0.9855046272277832
20000,15,0.02301379293203354,0.0007835900178179145,0.022230202332139015,1.520841360092163,0.016885634511709213,0.0004952310118824244,0.0004958761273883283,0.03162598982453346,0.9861406087875366
20050,15,0.023182524368166924,0.0008532196516171098,0.02232930436730385,1.5298266410827637,0.016753993928432465,0.0006762825651094317,0.0006797364912927151,0.03220443055033684,0.9860808849334717
20100,15,0.024070946499705315,0.0007375130662694573,0.023333434015512466,1.6080279350280762,0.016790593042969704,0.000648916291538626,0.0006442028097808361,0.03342099487781525,0.9858436584472656
20150,15,0.024851251393556595,0.000934201292693615,0.023917049169540405,1.6389235258102417,0.016817744821310043,0.0008207358769141138,0.0008150527719408274,0.034698475152254105,0.987625002861023
20200,15,0.02521592006087303,0.001027610502205789,0.024188309907913208,1.5799033641815186,0.016828957945108414,0.0007037349278107285,0.0006969439564272761,0.03453294187784195,0.9868457317352295
20250,15,0.02606172300875187,0.0009768701856955886,0.025084853172302246,1.6801787614822388,0.01674521714448929,0.0007137964712455869,0.0007217953680083156,0.03591495379805565,0.9863570928573608
20300,15,0.02875806763768196,0.001082892995327711,0.027675174176692963,1.523449420928955,0.01687169075012207,0.0008568954654037952,0.0008433725452050567,0.03809245303273201,0.9866358041763306
20350,15,0.025636425241827965,0.000940068275667727,0.024696357548236847,1.6040120124816895,0.016757626086473465,0.000772862636949867,0.0007542994571849704,0.03520040214061737,0.986706018447876
20400,15,0.02587266080081463,0.000871437368914485,0.025001224130392075,1.54337739944458,0.016781004145741463,0.0007475763559341431,0.0007410724647343159,0.0350949801504612,0.987029492855072
20450,15,0.023723620921373367,0.0008074587094597518,0.022916162386536598,1.4850642681121826,0.016730431467294693,0.0008440613746643066,0.0008268536766991019,0.032836586236953735,0.9854723215103149
20500,16,0.023438796401023865,0.0008056189399212599,0.022633178159594536,1.532637596130371,0.01677018404006958,0.0006641721120104194,0.0006503931945189834,0.032433319836854935,0.9875943660736084
20550,16,0.022859234362840652,0.0008252501720562577,0.02203398384153843,1.5645476579666138,0.016606340184807777,0.00047612268826924264,0.0004684190498664975,0.03164311870932579,0.9864664673805237
20600,16,0.023836707696318626,0.0008427923894487321,0.022993914783000946,1.5352462530136108,0.016617033630609512,0.0007665783632546663,0.0007394313579425216,0.03303556516766548,0.985747218132019
20650,16,0.021323535591363907,0.0006784339202567935,0.020645102486014366,1.4947210550308228,0.01653927192091942,0.0006622844375669956,0.000644416781142354,0.030120380222797394,0.9876221418380737
20700,16,0.022090531885623932,0.0007476204773411155,0.021342910826206207,1.5179178714752197,0.016830962151288986,0.0006696648779325187,0.0006572880083695054,0.03102390468120575,0.9866251945495605
20750,16,0.02293054573237896,0.0007879247423261404,0.022142620757222176,1.4929677248001099,0.016668088734149933,0.0006987630622461438,0.000687953201122582,0.031798768788576126,0.9875328540802002
20800,16,0.023070981726050377,0.0007777591235935688,0.022293223068118095,1.4867584705352783,0.016433969140052795,0.0006047531496733427,0.0006223504315130413,0.03174831345677376,0.9862852096557617
20850,16,0.020614400506019592,0.0006605894304811954,0.019953811541199684,1.4915870428085327,0.016397904604673386,0.0006204225355759263,0.0006120928446762264,0.029321249574422836,0.9871470332145691
20900,16,0.0225676242262125,0.0008386556291952729,0.021728968247771263,1.6077436208724976,0.016401119530200958,0.0006013947422616184,0.0006168351392261684,0.0318409726023674,0.988197386264801
20950,16,0.02289210446178913,0.0006987000815570354,0.02219340391457081,1.5578348636627197,0.016311760991811752,0.0007235535886138678,0.0007294726092368364,0.03215061500668526,0.9865926504135132
21000,16,0.023329930379986763,0.00080629694275558,0.022523634135723114,1.5709342956542969,0.01632256992161274,0.0006060501327738166,0.000620483246166259,0.032427459955215454,0.9878576993942261
21050,16,0.022280007600784302,0.0005906306905671954,0.02168937772512436,1.6014565229415894,0.016425997018814087,0.0006432431982830167,0.0006450084038078785,0.03159196674823761,0.9866900444030762
21100,16,0.022676298394799232,0.0008816072950139642,0.021794691681861877,1.5034271478652954,0.016295066103339195,0.0006210050196386874,0.0006012492813169956,0.031431980431079865,0.98600172996521
21150,16,0.02295278199017048,0.0008251290419138968,0.022127652540802956,1.4541115760803223,0.016240648925304413,0.0007398798479698598,0.0007220312254503369,0.03170149028301239,0.9882038831710815
21200,16,0.02374999225139618,0.0008233207045122981,0.02292667143046856,1.6440773010253906,0.01658172532916069,0.0006533687701448798,0.000617736775893718,0.033258065581321716,0.9868651032447815
21250,16,0.022818617522716522,0.0008622456807643175,0.021956371143460274,1.614517092704773,0.016213292255997658,0.0005610366351902485,0.000543949194252491,0.03201239928603172,0.9865912199020386
21300,16,0.025150153785943985,0.0008650097297504544,0.024285143241286278,1.4695583581924438,0.016304196789860725,0.000777634559199214,0.0008122707367874682,0.034104157239198685,0.9876894950866699
21350,16,0.0233303252607584,0.0008747151005081832,0.0224556103348732,1.5537605285644531,0.0163930244743824,0.000902105588465929,0.000868243514560163,0.03288586810231209,0.9879680871963501
21400,16,0.023684978485107422,0.0007641864940524101,0.022920792922377586,1.501410722732544,0.01631699502468109,0.000579928164370358,0.0005733359139412642,0.03236161172389984,0.9878743886947632
21450,16,0.023277172818779945,0.000759992515668273,0.02251718007028103,1.492028832435608,0.016221288591623306,0.0008593753445893526,0.0008560333517380059,0.032468944787979126,0.988773763179779
21500,16,0.025928720831871033,0.0008876342908479273,0.025041086599230766,1.6197426319122314,0.01621484011411667,0.0005912227788940072,0.0005887835868634284,0.03522365912795067,0.9883579015731812
21550,16,0.023404311388731003,0.0007774290861561894,0.022626882418990135,1.6792899370193481,0.01613972708582878,0.0005969383055344224,0.0005731874844059348,0.03298702463507652,0.987328827381134
21600,16,0.022042622789740562,0.0008727128733880818,0.021169910207390785,1.675490379333496,0.016369681805372238,0.0007213690550997853,0.0007176754297688603,0.03187548741698265,0.9873186945915222
21650,16,0.022701559588313103,0.0009752796613611281,0.021726280450820923,1.4830032587051392,0.01606568694114685,0.0007667625322937965,0.0007628670427948236,0.03166227042675018,0.9878734350204468
21700,16,0.02393255941569805,0.0009230417781509459,0.023009518161416054,1.528221845626831,0.016113823279738426,0.000782969465944916,0.0007821486797183752,0.03315490111708641,0.9872276186943054
21750,16,0.02242719754576683,0.0008908684831112623,0.0215363297611475,1.5050691366195679,0.016052257269620895,0.0007233904907479882,0.0006909491494297981,0.031382933259010315,0.9878366589546204
21800,16,0.021828150376677513,0.0007689561462029815,0.021059194579720497,1.471289038658142,0.01598278060555458,0.0006115970900282264,0.0006257962668314576,0.030437972396612167,0.9874571561813354
21850,17,0.023169834166765213,0.0008553714724257588,0.022314462810754776,1.6441056728363037,0.016289299353957176,0.0006112789269536734,0.0005992387887090445,0.03261717036366463,0.9873745441436768
21900,17,0.023508448153734207,0.0009439889690838754,0.022564459592103958,1.4610083103179932,0.016261860728263855,0.0008076899102889001,0.0007802452309988439,0.03241768851876259,0.9867191314697266
21950,17,0.025177456438541412,0.0010225577279925346,0.024154897779226303,1.458931803703308,0.016265802085399628,0.0007478786865249276,0.0007479669293388724,0.03398422524333,0.9873327016830444
22000,17,0.023387961089611053,0.0008565116440877318,0.022531449794769287,1.625430941581726,0.0161448884755373,0.00048825476551428437,0.0005010715685784817,0.032520584762096405,0.9877172112464905
22050,17,0.023848941549658775,0.0009347524610348046,0.022914189845323563,1.5542960166931152,0.01618170365691185,0.0006706035346724093,0.0006625159876421094,0.032969724386930466,0.9881943464279175
22100,17,0.023051157593727112,0.0007619848474860191,0.022289171814918518,1.5797232389450073,0.015983454883098602,0.0005386453121900558,0.0005277601885609329,0.032032161951065063,0.987524688243866
22150,17,0.022948410362005234,0.0007808632799424231,0.022167546674609184,1.5853097438812256,0.015928830951452255,0.0005554932868108153,0.000559910258743912,0.032006293535232544,0.9876158237457275
22200,17,0.024592148140072823,0.0010696074459701777,0.02352254092693329,1.5588960647583008,0.015892725437879562,0.0007368091028183699,0.0007486680988222361,0.03388799726963043,0.9881816506385803
22250,17,0.023752598091959953,0.0008479031966999173,0.022904694080352783,1.6093699932098389,0.015775591135025024,0.0006330881151370704,0.0006273519247770309,0.033075664192438126,0.9881777167320251
22300,17,0.02305951900780201,0.0008638679282739758,0.02219565026462078,1.3600738048553467,0.016119252890348434,0.0005951663479208946,0.0006089128437452018,0.031080085784196854,0.9884393215179443
22350,17,0.022816050797700882,0.0009740831446833909,0.02184196747839451,1.5433356761932373,0.01630641147494316,0.0006586888339370489,0.0006735831266269088,0.03188130632042885,0.9876270294189453
22400,17,0.022423094138503075,0.000796061591245234,0.02162703312933445,1.5877054929733276,0.016209788620471954,0.0007147153955884278,0.0007259942358359694,0.03181854262948036,0.9885877370834351
22450,17,0.02266138792037964,0.0008637882419861853,0.021797599270939827,1.5615092515945435,0.01608487218618393,0.0006629918934777379,0.0006514925044029951,0.03179950267076492,0.98878413438797
22500,17,0.02414953149855137,0.0008026881841942668,0.02334684319794178,1.5570147037506104,0.016109157353639603,0.00048594598774798214,0.0004973862087354064,0.0329340435564518,0.9889150261878967
22550,17,0.02214696630835533,0.0008483363781124353,0.02129863016307354,1.383521318435669,0.016127852723002434,0.0005757061881013215,0.0005851066671311855,0.03024151548743248,0.9874023199081421
22600,17,0.022724932059645653,0.000815336883533746,0.021909594535827637,1.7387791872024536,0.016013480722904205,0.000704266713000834,0.0006672458257526159,0.03280635550618172,0.9878323078155518
22650,17,0.020094942301511765,0.0006668604910373688,0.019428081810474396,1.4441332817077637,0.01584586128592491,0.0006455264519900084,0.0006528719095513225,0.028629852458834648,0.988089382648468
22700,17,0.021990390494465828,0.0009743893751874566,0.02101600170135498,1.4585886001586914,0.016040503978729248,0.0008158202981576324,0.0007949198479764163,0.03091011568903923,0.987720787525177
22750,17,0.023310786113142967,0.0008619704749435186,0.022448815405368805,1.555437445640564,0.016056444495916367,0.0007678449037484825,0.0007659134571440518,0.032637786120176315,0.988002598285675
22800,17,0.02198859490454197,0.0007612671470269561,0.02122732810676098,1.5468428134918213,0.015823092311620712,0.0006727233994752169,0.0006876561674289405,0.03109901212155819,0.9886182546615601
22850,17,0.022401578724384308,0.0007614093483425677,0.021640168502926826,1.617513656616211,0.016015924513339996,0.0006866486510261893,0.0006923383334651589,0.031884148716926575,0.9880040884017944
22900,17,0.022420698776841164,0.0007833671988919377,0.021637331694364548,1.44487464427948,0.01591000147163868,0.0006610073614865541,0.0006361050764098763,0.03095809556543827,0.9885210990905762
22950,17,0.021458951756358147,0.0008026821888051927,0.020656269043684006,1.578835368156433,0.015785235911607742,0.0006143270875327289,0.000599582155700773,0.03058282472193241,0.9888120889663696
23000,17,0.022528525441884995,0.0007298234850168228,0.02179870195686817,1.5943235158920288,0.01587419956922531,0.0007063614320941269,0.0007196022197604179,0.0319419801235199,0.9885501265525818
23050,17,0.023041337728500366,0.000822041358333081,0.022219296544790268,1.580102801322937,0.01572388783097267,0.0006834020605310798,0.0006787290330976248,0.03231970593333244,0.9881380796432495
23100,17,0.023093439638614655,0.0008520451374351978,0.022241394966840744,1.4505029916763306,0.015673387795686722,0.0006340367253869772,0.0005948515608906746,0.03159051761031151,0.9889823198318481
23150,17,0.023370470851659775,0.0009287636494264007,0.02244170755147934,1.5227181911468506,0.015535552054643631,0.0009189407574012876,0.0008803312666714191,0.03279887139797211,0.9888295531272888
23200,18,0.02146071568131447,0.0008226459030993283,0.02063806913793087,1.4537293910980225,0.01572348177433014,0.0007984900148585439,0.0008161069126799703,0.030359681695699692,0.9885814189910889
23250,18,0.021462932229042053,0.0007806053617969155,0.020682327449321747,1.5001651048660278,0.015773188322782516,0.0005772565491497517,0.0005752192810177803,0.030132006853818893,0.9884226322174072
23300,18,0.022368617355823517,0.0008521272684447467,0.02151649072766304,1.5040967464447021,0.015618713572621346,0.0006349687464535236,0.0006314809434115887,0.031171169131994247,0.9883490800857544
23350,18,0.022226836532354355,0.0008523202268406749,0.021374516189098358,1.638310432434082,0.015437953174114227,0.0007029841654002666,0.0007085286197252572,0.0318453386425972,0.9874783754348755
23400,18,0.023099754005670547,0.0008205162012018263,0.02227923832833767,1.5938811302185059,0.015597959980368614,0.0006783505668863654,0.0006579302717000246,0.032421037554740906,0.9875062704086304
23450,18,0.021153032779693604,0.000804442388471216,0.02034858986735344,1.4707673788070679,0.01570936292409897,0.0005854013143107295,0.0005855382769368589,0.029693517833948135,0.986906886100769
23500,18,0.022817224264144897,0.0008535825181752443,0.021963641047477722,1.625990390777588,0.01549079455435276,0.0007962158415466547,0.0007937435293570161,0.032552625983953476,0.9890053272247314
23550,18,0.023310605436563492,0.000877304351888597,0.02243330143392086,1.5411276817321777,0.015513387508690357,0.0005287585081532598,0.0005222618347033858,0.032082777470350266,0.9893801212310791
23600,18,0.022649995982646942,0.0008530438644811511,0.021796952933073044,1.4816445112228394,0.015578227117657661,0.0007522497908212245,0.0007201710832305253,0.0315462164580822,0.9890963435173035
23650,18,0.02246083691716194,0.0009487004135735333,0.021512135863304138,1.4806127548217773,0.01579701155424118,0.0008894994389265776,0.0009013573871925473,0.03167055547237396,0.9881116151809692
23700,18,0.02275014854967594,0.0008802438387647271,0.021869905292987823,1.5600520372390747,0.01574849709868431,0.0006179171032272279,0.0006082439213059843,0.03179232031106949,0.9875553846359253
23750,18,0.02197074145078659,0.0008118925616145134,0.021158847957849503,1.5127336978912354,0.015555943362414837,0.0005338862538337708,0.0005310575943440199,0.030614910647273064,0.9889880418777466
23800,18,0.022611578926444054,0.0007829434471204877,0.021828634664416313,1.4406837224960327,0.015486011281609535,0.0005739095504395664,0.0005571107612922788,0.030961504206061363,0.9869415760040283
23850,18,0.020082328468561172,0.0008030231110751629,0.019279304891824722,1.5874505043029785,0.015391708351671696,0.0007149013690650463,0.0007230204064399004,0.029472893103957176,0.9873034954071045
23900,18,0.02333962917327881,0.0008200362208299339,0.022519592195749283,1.4888520240783691,0.015539255924522877,0.0006139257457107306,0.0006102605257183313,0.03202361613512039,0.9878120422363281
23950,18,0.020643528550863266,0.000641101214569062,0.020002426579594612,1.4189364910125732,0.015326702035963535,0.0006469666841439903,0.0006523997872136533,0.02905290201306343,0.9874248504638672
24000,18,0.021494975313544273,0.0007717250846326351,0.02072324976325035,1.4502118825912476,0.01528360228985548,0.0007011744892224669,0.0007083039381541312,0.030170796439051628,0.9874752163887024
24050,18,0.02188422903418541,0.000926140695810318,0.02095808833837509,1.513014554977417,0.015331576578319073,0.0007012386340647936,0.0007327902130782604,0.03089866228401661,0.9873928427696228
24100,18,0.021968623623251915,0.0010487895924597979,0.020919833332300186,1.5012720823287964,0.01549660973250866,0.00067959597799927,0.000672681606374681,0.03084275871515274,0.9866121411323547
24150,18,0.023601911962032318,0.0009815251687541604,0.022620387375354767,1.4307904243469238,0.015393625944852829,0.0007392619736492634,0.0007441549678333104,0.032254673540592194,0.9885368347167969
24200,18,0.02323877438902855,0.0008833783213049173,0.022355396300554276,1.410858392715454,0.015440906397998333,0.0007268957560881972,0.0007439270848408341,0.03177933022379875,0.9880620837211609
24250,18,0.022733552381396294,0.0008832208695821464,0.021850330755114555,1.4869499206542969,0.015461308881640434,0.0006856580730527639,0.0006685699336230755,0.031537991017103195,0.9882058501243591
24300,18,0.022326119244098663,0.0008307152893394232,0.021495403721928596,1.543900728225708,0.015430208295583725,0.0006837193504907191,0.0006863134913146496,0.031431086361408234,0.9894755482673645
24350,18,0.022631747648119926,0.0009042202727869153,0.02172752656042576,1.5669386386871338,0.015346644446253777,0.0007124303374439478,0.0007301246514543891,0.03192434087395668,0.9875150322914124
24400,18,0.022071225568652153,0.0007361322059296072,0.021335093304514885,1.4940491914749146,0.015357286669313908,0.000593631062656641,0.0005933917127549648,0.030743852257728577,0.9888074398040771
24450,18,0.02133551985025406,0.000727047969121486,0.02060847170650959,1.5875084400177002,0.015561976470053196,0.0005156859988346696,0.00050686567556113,0.03031117655336857,0.9885830879211426
24500,18,0.02073221653699875,0.0007350777741521597,0.019997138530015945,1.4301432371139526,0.015472576953470707,0.0006523620104417205,0.0006446877960115671,0.029195455834269524,0.9885461926460266
24550,18,0.02206283062696457,0.0007950400467962027,0.021267790347337723,1.5958137512207031,0.015573404729366302,0.0005533475195989013,0.0005517679965123534,0.03116258792579174,0.9892672300338745
24600,19,0.021969206631183624,0.0007862935890443623,0.021182913333177567,1.599989891052246,0.015478492714464664,0.0006501189200207591,0.0006526258075609803,0.03128737956285477,0.9876487255096436
24650,19,0.025069458410143852,0.0007868757238611579,0.024282582104206085,1.5053831338882446,0.015465800650417805,0.0006017916603013873,0.000573105993680656,0.03378673642873764,0.9888014197349548
24700,19,0.022551925852894783,0.0007501982618123293,0.021801726892590523,1.5163800716400146,0.015348175540566444,0.000801981776021421,0.0007784873014315963,0.03172964230179787,0.9878659248352051
24750,19,0.01979031413793564,0.0007386084762401879,0.019051706418395042,1.5148333311080933,0.01549840159714222,0.0005095291417092085,0.0005321689532138407,0.02842167764902115,0.9882248044013977
24800,19,0.021103793755173683,0.0007603924022987485,0.020343400537967682,1.3808246850967407,0.015337454155087471,0.0006299881497398019,0.0006037752027623355,0.029257018119096756,0.9884580969810486
24850,19,0.022403797134757042,0.0007918436895124614,0.021611953154206276,1.489755630493164,0.015196602791547775,0.0008033251506276429,0.0007998815272003412,0.031470976769924164,0.9879668951034546
24900,19,0.021183807402849197,0.0009282109094783664,0.020255597308278084,1.5165808200836182,0.015291555784642696,0.0006070723757147789,0.0006064836052246392,0.02999555878341198,0.9884212017059326
24950,19,0.020875588059425354,0.0007503994274884462,0.020125187933444977,1.6038765907287598,0.01526700146496296,0.0006842248840257525,0.0006571162375621498,0.030251579359173775,0.9884666204452515
25000,19,0.021839559078216553,0.0007141089299693704,0.02112545073032379,1.6638648509979248,0.015154484659433365,0.0006039595464244485,0.0005794636672362685,0.03135745972394943,0.9887622594833374
25050,19,0.02055189199745655,0.0007730739889666438,0.019778817892074585,1.4922845363616943,0.015093406662344933,0.0007123966934159398,0.0006818602560088038,0.029422665014863014,0.9890960454940796
25100,19,0.0221872478723526,0.0007592893089167774,0.021427959203720093,1.4822218418121338,0.015272384509444237,0.0007166766445152462,0.0007180142565630376,0.03104832023382187,0.9894025325775146
25150,19,0.021625282242894173,0.0007925804238766432,0.02083270251750946,1.5168688297271729,0.015129217877984047,0.000633806164842099,0.0006288346485234797,0.03048739582300186,0.9864092469215393
25200,19,0.021597974002361298,0.0006816196837462485,0.020916353911161423,1.4069921970367432,0.015181606635451317,0.0005409137811511755,0.0005231199320405722,0.029712151736021042,0.9883346557617188
25250,19,0.02101525291800499,0.000914059579372406,0.020101193338632584,1.5046180486679077,0.015153151005506516,0.0005824026302434504,0.0005663519259542227,0.02970224991440773,0.9884766936302185
25300,19,0.021796008571982384,0.000716733280569315,0.021079275757074356,1.4522916078567505,0.015068392269313335,0.0004824258212465793,0.0004957282799296081,0.03005068749189377,0.988141655921936
25350,19,0.02055247873067856,0.0006604444934055209,0.01989203505218029,1.6343144178390503,0.015086040832102299,0.0005502288695424795,0.0005413421895354986,0.029830709099769592,0.9871440529823303
25400,19,0.02028060145676136,0.0008100963896140456,0.01947050541639328,1.5808806419372559,0.015113221481442451,0.0005927481106482446,0.0006014093523845077,0.029394274577498436,0.9875330328941345
25450,19,0.02101128362119198,0.0007809136295691133,0.0202303696423769,1.4269208908081055,0.015222914516925812,0.0006015526014380157,0.0005896200891584158,0.029352283105254173,0.9880638122558594
25500,19,0.021128378808498383,0.0007661537383683026,0.02036222442984581,1.506990671157837,0.015094857662916183,0.0006170810665935278,0.0006084659835323691,0.029903974384069443,0.988373339176178
25550,19,0.020570797845721245,0.000644835177809,0.019925963133573532,1.4863123893737793,0.014984169974923134,0.0004609435563907027,0.00045089644845575094,0.02892918325960636,0.9882822036743164
25600,19,0.02176859974861145,0.0007939780480228364,0.020974621176719666,1.4525519609451294,0.015168890357017517,0.0006977423909120262,0.0006982593331485987,0.030442530289292336,0.9878559112548828
25650,19,0.0221048966050148,0.0007833836716599762,0.021321512758731842,1.5568504333496094,0.0151854008436203,0.0006113777053542435,0.0005939770489931107,0.03110968880355358,0.9867289066314697
25700,19,0.023282697424292564,0.000751187966670841,0.022531509399414062,1.51738703250885,0.015040740370750427,0.0006186359678395092,0.0006066490896046162,0.032109957188367844,0.9886457920074463
25750,19,0.024080656468868256,0.0009004049934446812,0.023180251941084862,1.442195177078247,0.0151312705129385,0.0006591480341739953,0.0006404761224985123,0.03260638937354088,0.989006519317627
25800,19,0.02155856229364872,0.0006776018999516964,0.020880959928035736,1.3931999206542969,0.015238036401569843,0.0006952175172045827,0.0006775878136977553,0.02991260588169098,0.9885403513908386
25850,19,0.021871104836463928,0.00084082898683846,0.021030275151133537,1.5017673969268799,0.015197735279798508,0.0006823056610301137,0.0006764087593182921,0.030753852799534798,0.9902873039245605
25900,19,0.021227320656180382,0.0008657444268465042,0.020361576229333878,1.456495761871338,0.015531239099800587,0.000658838078379631,0.0006304137059487402,0.02981458231806755,0.9905503988265991
25950,20,0.02169381082057953,0.0008157008560374379,0.020878110080957413,1.485884428024292,0.015533645637333393,0.00066985166631639,0.0006590145640075207,0.03046763315796852,0.9877074956893921
26000,20,0.021927671507000923,0.0008319665212184191,0.021095704287290573,1.4778368473052979,0.015465639531612396,0.00080731330672279,0.0008065184811130166,0.0309461522847414,0.9883809089660645
26050,20,0.02007026970386505,0.0006137238815426826,0.019456546753644943,1.4949641227722168,0.015597262419760227,0.0005567552871070802,0.0005452334880828857,0.028662677854299545,0.9881596565246582
26100,20,0.021362509578466415,0.000720628653652966,0.020641880109906197,1.459343433380127,0.015466835349798203,0.0006747483857907355,0.0006829468766227365,0.030032388865947723,0.9901755452156067
26150,20,0.02196751907467842,0.0007034055888652802,0.02126411348581314,1.653092384338379,0.01556101068854332,0.0005503162974491715,0.000551118515431881,0.03134997561573982,0.9882533550262451
26200,20,0.02186010405421257,0.0008168319473043084,0.02104327268898487,1.4602415561676025,0.015486621297895908,0.0005624978803098202,0.000542502268217504,0.03028179705142975,0.9880906939506531
26250,20,0.022357650101184845,0.000746367615647614,0.021611282601952553,1.4210102558135986,0.015492044389247894,0.000693855807185173,0.0006977099110372365,0.030869757756590843,0.9881296157836914
26300,20,0.02149486169219017,0.0006986622465774417,0.02079620026051998,1.462303638458252,0.015428268350660801,0.0005750017007812858,0.0005722787464037538,0.02996908873319626,0.9875016212463379
26350,20,0.022162549197673798,0.000826704956125468,0.021335843950510025,1.4908751249313354,0.015270396135747433,0.0006253994652070105,0.0006227135891094804,0.030880307778716087,0.9886963367462158
26400,20,0.022953417152166367,0.0009029330685734749,0.022050485014915466,1.5246944427490234,0.015248313546180725,0.0006778716924600303,0.00066895701456815,0.03193896636366844,0.9892910718917847
26450,20,0.022507883608341217,0.0008950003539212048,0.021612882614135742,1.5232765674591064,0.015236670151352882,0.000624032283667475,0.0006170055130496621,0.0313805416226387,0.9888195991516113
26500,20,0.022196302190423012,0.0006941963802091777,0.02150210551917553,1.5648207664489746,0.0151253966614604,0.0007033779984340072,0.0006909394869580865,0.031429845839738846,0.9888032674789429
26550,20,0.019773434847593307,0.0007835915894247591,0.018989842385053635,1.5095634460449219,0.015203354880213737,0.0005954629741609097,0.0005986606702208519,0.028530579060316086,0.9875214099884033
26600,20,0.022222064435482025,0.0006566224037669599,0.02156544290482998,1.5075414180755615,0.01530994288623333,0.0006274353945627809,0.0005928734317421913,0.030995389446616173,0.9886587858200073
26650,20,0.020880140364170074,0.0007517853518947959,0.02012835443019867,1.4895780086517334,0.015402952209115028,0.0006641015643253922,0.000649893656373024,0.029657429084181786,0.9871044754981995
26700,20,0.021221589297056198,0.0006819601985625923,0.020539628341794014,1.4138129949569702,0.015138630755245686,0.0007961894152686,0.0007904649246484041,0.029892446473240852,0.988216757774353
26750,20,0.02025323174893856,0.0006885306211188436,0.01956470124423504,1.4663748741149902,0.015013689175248146,0.0007064011879265308,0.0007106926059350371,0.029017211869359016,0.9878190755844116
26800,20,0.023740945383906364,0.000889514631126076,0.022851429879665375,1.4980980157852173,0.015044366009533405,0.0006958078593015671,0.0007079611532390118,0.03265024721622467,0.9881151914596558
26850,20,0.021137932315468788,0.0007948954589664936,0.020343037322163582,1.5679690837860107,0.015122644603252411,0.0007575767231173813,0.000768848811276257,0.03051932528614998,0.9868971705436707
26900,20,0.022101547569036484,0.0007668271427974105,0.02133472077548504,1.4038875102996826,0.01507333293557167,0.0006584394141100347,0.0006692744209431112,0.030463771894574165,0.9877966642379761
26950,20,0.020462391898036003,0.0007629935862496495,0.019699398428201675,1.5585936307907104,0.015093195252120495,0.0005180838634259999,0.0005123466835357249,0.029300883412361145,0.98797607421875
27000,20,0.0201242808252573,0.0007600613171234727,0.019364219158887863,1.5083153247833252,0.015101369470357895,0.0005311407148838043,0.0005267232190817595,0.028738820925354958,0.9878712296485901
27050,20,0.021929677575826645,0.0008446469437330961,0.02108503133058548,1.5277249813079834,0.015022381208837032,0.0007559475488960743,0.0007320380536839366,0.031071310862898827,0.9879568815231323
27100,20,0.022995058447122574,0.0008347994880750775,0.022160258144140244,1.4191086292266846,0.014930937439203262,0.0005184602923691273,0.0005137787666171789,0.031137771904468536,0.9869811534881592
27150,20,0.021303558722138405,0.0006793779321014881,0.020624181255698204,1.4571187496185303,0.014870465733110905,0.0007398257730528712,0.000732205924578011,0.030076054856181145,0.9879729747772217
27200,20,0.020361462607979774,0.0008890446042641997,0.01947241835296154,1.441251516342163,0.01512973103672266,0.0006439039716497064,0.0006217742338776588,0.02884852886199951,0.9883118867874146
27250,20,0.02070528455078602,0.0006895234109833837,0.020015761256217957,1.4421882629394531,0.014984945766627789,0.0005046449368819594,0.0005411141901277006,0.02897697128355503,0.9890428781509399
