step,epoch,pred,pred_block,pred_free,sigreg,l1,anchor,anchor_pred,total,latent_std
50,1,0.03221268579363823,0.0034400643780827522,0.028772622346878052,4.349279403686523,0.048508767038583755,0.28523874282836914,0.27337631583213806,0.6126226782798767,0.990780234336853
100,1,0.07947579771280289,0.007879144512116909,0.0715966522693634,3.2108826637268066,0.05050130933523178,0.28596097230911255,0.26963987946510315,0.6511815786361694,1.00267493724823
150,1,0.10947331041097641,0.03614259511232376,0.07333071529865265,3.5234251022338867,0.050875626504421234,0.1795884370803833,0.17071273922920227,0.47744250297546387,0.9983817934989929
200,1,0.08342137187719345,0.018926240503787994,0.06449513137340546,3.183145046234131,0.05086112767457962,0.043357811868190765,0.04010055959224701,0.182846337556839,1.000340223312378
250,1,0.09813207387924194,0.03173696622252464,0.0663951113820076,2.395911693572998,0.04954905807971954,0.16868001222610474,0.16137146949768066,0.4402126669883728,1.0042874813079834
300,1,0.06513591855764389,0.007084875833243132,0.05805104598402977,2.79510235786438,0.04882007837295532,0.009135913103818893,0.009256632998585701,0.09755279868841171,1.010268211364746
350,1,0.0566580668091774,0.004232115112245083,0.05242595076560974,2.547724962234497,0.04852159693837166,0.010065785609185696,0.010030904784798622,0.08954189717769623,0.9997075796127319
400,1,0.06750030815601349,0.0051498617976903915,0.062350448220968246,2.830679178237915,0.04817000776529312,0.008274674415588379,0.008022877387702465,0.09799942374229431,1.0023181438446045
450,1,0.054546207189559937,0.0036303182132542133,0.05091588944196701,2.7535343170166016,0.047932736575603485,0.013090237975120544,0.012852972373366356,0.09430502355098724,0.9919724464416504
500,1,0.05790001526474953,0.00414356729015708,0.05375644937157631,2.816159248352051,0.04764728248119354,0.009316266514360905,0.009381094947457314,0.09072582423686981,0.9986542463302612
550,1,0.0745595321059227,0.005231908988207579,0.06932762265205383,3.3749332427978516,0.047440677881240845,0.009379960596561432,0.009327057749032974,0.11018864810466766,0.9886159896850586
600,1,0.046410344541072845,0.0044267927296459675,0.041983552277088165,2.991581916809082,0.04723686724901199,0.008280203677713871,0.008352639153599739,0.07804833352565765,1.0032669305801392
650,1,0.08550936728715897,0.016756875440478325,0.06875248998403549,2.8504059314727783,0.0470249205827713,0.08369923382997513,0.08276964724063873,0.2662773132324219,1.0022737979888916
700,1,0.059095777571201324,0.004700339399278164,0.054395437240600586,2.9883623123168945,0.04681751877069473,0.010366169735789299,0.010411059483885765,0.09486164152622223,1.0104687213897705
750,1,0.052020493894815445,0.0046655358746647835,0.047354958951473236,3.3528759479522705,0.046548888087272644,0.011730799451470375,0.01163323875516653,0.09219546616077423,1.0008699893951416
800,1,0.046758562326431274,0.004859450738877058,0.04189911112189293,3.5254015922546387,0.04636503756046295,0.017020156607031822,0.01674928516149521,0.09820137917995453,0.9897056221961975
850,1,0.06522466242313385,0.005041852593421936,0.060182809829711914,3.462282180786133,0.04626164585351944,0.009486588649451733,0.009459543973207474,0.10152846574783325,0.9954512715339661
900,1,0.07617534697055817,0.00528052169829607,0.07089482247829437,2.6235618591308594,0.04623254016041756,0.014855137094855309,0.014278681948781013,0.11847320199012756,1.005420207977295
950,1,0.08720879256725311,0.005634567700326443,0.0815742239356041,2.970144748687744,0.046181317418813705,0.011905205436050892,0.01178132463246584,0.1257922202348709,0.9916123747825623
1000,1,0.07047764956951141,0.004974976181983948,0.06550267338752747,3.599112033843994,0.04587474837899208,0.007474658079445362,0.007336475420743227,0.10333021730184555,1.0053938627243042
1050,1,0.06339477747678757,0.003775183577090502,0.05961959436535835,3.1003260612487793,0.04564675688743591,0.011770009063184261,0.011593524366617203,0.1023055911064148,0.9881601333618164
1100,1,0.15276113152503967,0.02413230389356613,0.12862883508205414,3.6947665214538574,0.04532473534345627,0.21868079900741577,0.21695244312286377,0.6069135665893555,0.9676048755645752
1150,1,0.0533510223031044,0.004688228480517864,0.04866279289126396,3.5358333587646484,0.04520581662654877,0.01001582108438015,0.0099170608446002,0.0910082682967186,0.9816408157348633
1200,1,0.08843322098255157,0.007809851318597794,0.08062336593866348,3.3817481994628906,0.04496815800666809,0.02714500017464161,0.026835478842258453,0.1593674123287201,1.00191330909729
1250,1,0.08348232507705688,0.007230046205222607,0.076252281665802,3.276928186416626,0.04474776238203049,0.014702955260872841,0.014379795640707016,0.12899446487426758,0.981684684753418
1300,1,0.04805254191160202,0.004719591699540615,0.04333294928073883,3.505237340927124,0.04508938640356064,0.011321509256958961,0.011291849426925182,0.08823718130588531,0.9821394681930542
1350,1,0.06039128825068474,0.0054533034563064575,0.05493798479437828,3.50319504737854,0.04473556578159332,0.008767620660364628,0.008516593836247921,0.09523621201515198,0.9917093515396118
1400,1,0.06305382400751114,0.004709918517619371,0.058343905955553055,2.8995890617370605,0.04443497210741043,0.007961544208228588,0.007833887822926044,0.09339163452386856,0.9881606101989746
1450,1,0.06627409905195236,0.0064664920791983604,0.059807609766721725,3.201538562774658,0.04459517449140549,0.013143228366971016,0.012585011310875416,0.10805462300777435,0.9954766035079956
1500,1,0.08420106768608093,0.005246214102953672,0.07895485311746597,3.6611342430114746,0.04436222463846207,0.012863440439105034,0.012246133759617805,0.12766067683696747,0.9847108125686646
1550,1,0.04335608705878258,0.005327402148395777,0.03802868351340294,3.5757575035095215,0.04494527727365494,0.009620403870940208,0.009268068708479404,0.08016829192638397,0.9977384805679321
1600,1,0.07462842017412186,0.005000031087547541,0.06962838768959045,3.0916552543640137,0.044282298535108566,0.009492290206253529,0.009254511445760727,0.10887777805328369,0.989457368850708
1650,1,0.1026424914598465,0.005801931489259005,0.09684056043624878,3.1899800300598145,0.04465101659297943,0.012739538215100765,0.011914655566215515,0.14329123497009277,0.9958818554878235
1700,1,0.0700376108288765,0.004305114038288593,0.06573249399662018,2.694316864013672,0.04470383748412132,0.007804349064826965,0.007571530994027853,0.09892977774143219,0.9914458394050598
1750,1,0.050198350101709366,0.00461858045309782,0.04557976871728897,3.454516887664795,0.04445698857307434,0.010963572189211845,0.010688845068216324,0.08916781097650528,0.9759445786476135
1800,1,0.0800013467669487,0.005428491160273552,0.07457285374403,2.9970247745513916,0.044093839824199677,0.009307529777288437,0.00905386172235012,0.1133919507265091,0.9780157804489136
1850,1,0.07503810524940491,0.005744995083659887,0.06929311156272888,3.2053558826446533,0.04446343332529068,0.007930543273687363,0.007493145763874054,0.10653303563594818,0.9850313663482666
1900,1,0.09072325378656387,0.005986283533275127,0.08473697304725647,3.018537998199463,0.044523030519485474,0.010425275191664696,0.010096692480146885,0.12638244032859802,0.9975965023040771
1950,1,0.054134659469127655,0.004399144556373358,0.04973551630973816,2.7568206787109375,0.04428452253341675,0.00911380909383297,0.008782098069787025,0.08585895597934723,1.008021354675293
2000,1,0.05925647169351578,0.00557580403983593,0.053680669516325,3.1828014850616455,0.04413733631372452,0.008870787918567657,0.008501214906573296,0.09258662164211273,0.9881278276443481
2050,1,0.07119010388851166,0.0041419742628932,0.06704813241958618,3.0517773628234863,0.04407842829823494,0.008079128339886665,0.007469591218978167,0.10204178839921951,0.9985570907592773
2100,1,0.07949864864349365,0.0061926632188260555,0.07330598682165146,2.960864305496216,0.04430916905403137,0.008906761184334755,0.008106369525194168,0.11136040836572647,1.0001219511032104
2150,1,0.04107862710952759,0.00581075856462121,0.035267867147922516,3.648641586303711,0.04450976103544235,0.034943316131830215,0.03545558452606201,0.12976524233818054,0.9834089279174805
2200,1,0.07794243097305298,0.008130333386361599,0.0698120966553688,3.101567268371582,0.04455198720097542,0.012435675598680973,0.012178356759250164,0.1181088536977768,0.9800153374671936
2250,2,0.07557506859302521,0.0047842999920248985,0.07079076766967773,3.064897060394287,0.04485106095671654,0.010120845399796963,0.008921263739466667,0.10998651385307312,0.9695881605148315
2300,2,0.07080373913049698,0.004643614403903484,0.06616012752056122,2.8749852180480957,0.04500037431716919,0.008773336187005043,0.008174932561814785,0.10217193514108658,0.988903820514679
2350,2,0.09459288418292999,0.009268667548894882,0.08532422035932541,3.072535991668701,0.04525206238031387,0.012613795697689056,0.01178342942148447,0.13439804315567017,0.9867783784866333
2400,2,0.07452307641506195,0.005289888009428978,0.06923318654298782,2.7243874073028564,0.04533667862415314,0.0060733612626791,0.005479136947542429,0.0997428447008133,1.0047931671142578
2450,2,0.07115359604358673,0.004973645322024822,0.06617995351552963,2.890300989151001,0.045766618102788925,0.006833191495388746,0.0063024344854056835,0.09878649562597275,0.9933003187179565
2500,2,0.08082059770822525,0.005444534122943878,0.07537606358528137,3.0126049518585205,0.04602520540356636,0.00885063223540783,0.00811340007930994,0.11289367824792862,0.9813281297683716
2550,2,0.10321932286024094,0.006399852689355612,0.09681946784257889,3.22476863861084,0.045986246317625046,0.009272795170545578,0.008265241980552673,0.13692718744277954,0.9901741743087769
2600,2,0.08436304330825806,0.003986390773206949,0.08037665486335754,2.9176530838012695,0.046441398561000824,0.005351456813514233,0.004898214712738991,0.10924742370843887,1.0063369274139404
2650,2,0.07521481066942215,0.004240230657160282,0.07097458094358444,2.7982707023620605,0.04671860858798027,0.004585509654134512,0.00398232601583004,0.0978207141160965,0.9977229237556458
2700,2,0.06567779928445816,0.0038246652111411095,0.061853133141994476,2.7866158485412598,0.046705462038517,0.005624695681035519,0.005032733548432589,0.09031501412391663,1.0026230812072754
2750,2,0.06546338647603989,0.0037371693179011345,0.06172621622681618,2.6830170154571533,0.04677339270710945,0.006061721593141556,0.005370310042053461,0.09035727381706238,1.0045863389968872
2800,2,0.08090740442276001,0.004844564478844404,0.07606284320354462,2.9059576988220215,0.04660189896821976,0.009102385491132736,0.007838321849703789,0.11242450028657913,0.9957959651947021
2850,2,0.06761515140533447,0.003619028255343437,0.06399612128734589,2.9171981811523438,0.04703947529196739,0.004381481558084488,0.00383298983797431,0.09046265482902527,1.0068674087524414
2900,2,0.06213175505399704,0.003360084258019924,0.05877166986465454,2.6890125274658203,0.04708940535783768,0.004884890280663967,0.0041399369947612286,0.0846487358212471,1.0087156295776367
2950,2,0.06683244556188583,0.003940480761229992,0.06289196759462357,2.6355838775634766,0.04747762531042099,0.006598644889891148,0.005820251069962978,0.0924767330288887,1.0039541721343994
3000,2,0.06762558221817017,0.003285919548943639,0.06433966010808945,2.60683274269104,0.047482043504714966,0.004813489504158497,0.003950187936425209,0.08947090804576874,1.0006840229034424
3050,2,0.060561008751392365,0.004744451958686113,0.05581655725836754,2.8210344314575195,0.04766770452260971,0.005219482351094484,0.004283266142010689,0.08421659469604492,1.0064008235931396
3100,2,0.05910486355423927,0.003269810462370515,0.0558350533246994,2.639281749725342,0.047766175121068954,0.004120848141610622,0.00346659729257226,0.07993648201227188,1.0027382373809814
3150,2,0.056335289031267166,0.002670212648808956,0.053665075451135635,2.6506059169769287,0.04786001145839691,0.004604666959494352,0.004004200920462608,0.07824505120515823,1.001692771911621
3200,2,0.060601551085710526,0.0032467329874634743,0.057354819029569626,2.5628952980041504,0.04810021072626114,0.004512907471507788,0.0037857508286833763,0.08176278322935104,1.0030558109283447
3250,2,0.04506782069802284,0.003305605612695217,0.04176221415400505,2.4278650283813477,0.04807712882757187,0.003289060667157173,0.002788945334032178,0.06333322823047638,0.9995185732841492
3300,2,0.05103396251797676,0.0032906904816627502,0.04774327203631401,2.5246052742004395,0.04808509349822998,0.004298110026866198,0.0037524886429309845,0.07175567001104355,0.9972032308578491
3350,2,0.050878655165433884,0.0033053879160434008,0.0475732684135437,2.567960739135742,0.04807049781084061,0.0038371616974473,0.0034032121766358614,0.0710069090127945,1.0001107454299927
3400,2,0.04549184814095497,0.0032514191698282957,0.04224042966961861,2.4662582874298096,0.04807831719517708,0.004068136215209961,0.003560513723641634,0.06549987196922302,1.0004773139953613
3450,2,0.04847806692123413,0.0044861407950520515,0.043991927057504654,2.4621946811676025,0.04817938059568405,0.003213820978999138,0.0027677826583385468,0.06681882590055466,0.9999279975891113
3500,2,0.048087891191244125,0.003210100345313549,0.044877789914608,2.512582302093506,0.04819507151842117,0.005173318553715944,0.004151096101850271,0.07002341002225876,0.9982495903968811
3550,2,0.06255898624658585,0.004356087651103735,0.058202896267175674,2.5601584911346436,0.048091400414705276,0.011713742278516293,0.010612692683935165,0.09773430228233337,0.9942872524261475
3600,2,0.05265969783067703,0.003438584739342332,0.049221113324165344,2.6161506175994873,0.04820191487669945,0.004146331921219826,0.0035638376139104366,0.07349882274866104,0.9998074769973755
3650,2,0.04660782590508461,0.002440979238599539,0.04416684806346893,2.4226233959198,0.048143018037080765,0.0033602172043174505,0.0028045857325196266,0.0649338886141777,0.9977627396583557
3700,2,0.04859062656760216,0.00269139651209116,0.04589923098683357,2.347182273864746,0.048145174980163574,0.0030412531923502684,0.0025236206129193306,0.06593956053256989,0.99678635597229
3750,2,0.0453021340072155,0.0026624156162142754,0.04263971745967865,2.5202345848083496,0.04817391559481621,0.003063802607357502,0.002528802026063204,0.06354408711194992,0.9953542351722717
3800,2,0.052987486124038696,0.002828828524798155,0.050158657133579254,2.3516929149627686,0.04807707294821739,0.003632735460996628,0.0030652889981865883,0.07149205356836319,0.9965145587921143
3850,2,0.045151736587285995,0.0035966974683105946,0.04155503958463669,2.3351361751556396,0.048113491386175156,0.0029486659914255142,0.002453076420351863,0.06227727234363556,0.9946058988571167
3900,2,0.04294496402144432,0.002256068866699934,0.0406888946890831,2.3180649280548096,0.04795020446181297,0.0034449947997927666,0.002725078957155347,0.060753315687179565,0.9919694662094116
3950,2,0.040872205048799515,0.002280409447848797,0.03859179466962814,2.323605537414551,0.047965630888938904,0.003290740307420492,0.002926110988482833,0.0587550513446331,0.990902841091156
4000,2,0.04317692667245865,0.00256928289309144,0.04060764238238335,2.3884363174438477,0.04802374914288521,0.004038043320178986,0.003429765347391367,0.06263493746519089,0.9937403202056885
4050,2,0.04956672713160515,0.0026019145734608173,0.04696481302380562,2.5216965675354004,0.04791393131017685,0.003361366456374526,0.002602529479190707,0.06818702071905136,0.9912813305854797
4100,2,0.04197204113006592,0.002855362370610237,0.03911668062210083,2.473525047302246,0.04786427319049835,0.0031897947192192078,0.0026366603560745716,0.06021398305892944,0.9929577112197876
4150,2,0.04425285756587982,0.0026238393038511276,0.04162902012467384,2.3142337799072266,0.04784855991601944,0.002834286307916045,0.002426721854135394,0.06113288179039955,0.9921043515205383
4200,2,0.038535404950380325,0.0024569849483668804,0.03607841953635216,2.3321995735168457,0.047827959060668945,0.002791330451145768,0.002380937337875366,0.055416498333215714,0.991253137588501
4250,2,0.035428840667009354,0.0020815585739910603,0.03334728255867958,2.5046374797821045,0.047854021191596985,0.0037375681567937136,0.002950770780444145,0.0546882189810276,0.9929389953613281
4300,2,0.03849297761917114,0.0023345686495304108,0.03615840896964073,2.329667091369629,0.0478069894015789,0.003434219164773822,0.0028036953881382942,0.05642703175544739,0.9903554916381836
4350,2,0.04143911972641945,0.0027052799705415964,0.038733839988708496,2.3566832542419434,0.04768368974328041,0.002942486200481653,0.002484305528923869,0.058697011321783066,0.9929912090301514
4400,2,0.04314608871936798,0.00251034926623106,0.040635738521814346,2.2356648445129395,0.04773595184087753,0.0034567599650472403,0.002813936211168766,0.06064284220337868,0.9914819598197937
4450,2,0.041398487985134125,0.0027905628085136414,0.03860792517662048,2.2163963317871094,0.04761844128370285,0.003152109682559967,0.002573593519628048,0.05825379118323326,0.9906216859817505
4500,3,0.040366027504205704,0.0030172462575137615,0.037348780781030655,2.445072650909424,0.047650065273046494,0.0025683999992907047,0.002155113499611616,0.05736255645751953,0.9899914264678955
4550,3,0.03956039994955063,0.002363903447985649,0.03719649463891983,2.3487346172332764,0.04745722562074661,0.00327819655649364,0.002757787937298417,0.05738751217722893,0.9900067448616028
4600,3,0.03681517019867897,0.002800322137773037,0.03401484712958336,2.2621288299560547,0.047418441623449326,0.0026673716492950916,0.0022994684986770153,0.053140074014663696,0.9900478720664978
4650,3,0.03544090688228607,0.002435618080198765,0.03300528973340988,2.245443344116211,0.04740186780691147,0.003916208632290363,0.0036359531804919243,0.05426768586039543,0.9902982711791992
4700,3,0.03747180476784706,0.0026417113840579987,0.03483009338378906,2.2331109046936035,0.04727812111377716,0.00780081283301115,0.007400495931506157,0.06388594955205917,0.9904999732971191
4750,3,0.03620348498225212,0.002250916790217161,0.03395256772637367,2.27453875541687,0.04743501543998718,0.0025086752139031887,0.002143783960491419,0.05227607116103172,0.9934382438659668
4800,3,0.03791895508766174,0.002212362363934517,0.035706594586372375,2.151982069015503,0.04742938280105591,0.0029242211021482944,0.0024316534399986267,0.054082173854112625,0.9911988973617554
4850,3,0.035542652010917664,0.0029558478854596615,0.032586805522441864,2.1261940002441406,0.047251831740140915,0.0025367457419633865,0.001979769440367818,0.05073738843202591,0.9903396368026733
4900,3,0.036551810801029205,0.002197052352130413,0.03435475751757622,2.3492519855499268,0.04713335633277893,0.003442457178607583,0.002941249869763851,0.054728906601667404,0.988768994808197
4950,3,0.03944678232073784,0.002255053259432316,0.0371917299926281,2.2305145263671875,0.047245241701602936,0.0027174465358257294,0.0023659963626414537,0.05573004111647606,0.9914525151252747
5000,3,0.03675825148820877,0.0022374666295945644,0.03452078625559807,2.2247252464294434,0.047177888453006744,0.002426797989755869,0.0019210712052881718,0.05227692425251007,0.9908452033996582
5050,3,0.04037698358297348,0.0036365059204399586,0.03674047812819481,2.2774438858032227,0.04700269550085068,0.005658451467752457,0.005078858695924282,0.06254851073026657,0.989960789680481
5100,3,0.04178836569190025,0.0028004013001918793,0.038987964391708374,2.1319589614868164,0.04706573113799095,0.003017781302332878,0.002476281952112913,0.05798928812146187,0.9905789494514465
5150,3,0.033368244767189026,0.002113490365445614,0.03125475347042084,2.2907238006591797,0.04708342254161835,0.002798923756927252,0.0022990789730101824,0.049966949969530106,0.9885802268981934
5200,3,0.03676066920161247,0.0030228719115257263,0.033737797290086746,2.2085397243499756,0.047015681862831116,0.002873184159398079,0.002518291352316737,0.05324186012148857,0.9883297085762024
5250,3,0.034783437848091125,0.0031292936764657497,0.03165414556860924,2.398758888244629,0.04696681350469589,0.002793538849800825,0.002352313604205847,0.05197005346417427,0.9911681413650513
5300,3,0.03584757819771767,0.0021794214844703674,0.0336681567132473,2.2075328826904297,0.04689525067806244,0.0021436051465570927,0.001673600752837956,0.050749342888593674,0.9891588687896729
5350,3,0.031076960265636444,0.002486363984644413,0.028590597212314606,2.2549054622650146,0.04690750315785408,0.0030756033957004547,0.0026817494072020054,0.04815575107932091,0.9877210855484009
5400,3,0.03222334012389183,0.0020602450240403414,0.030163094401359558,2.1657116413116455,0.04678025841712952,0.002410273998975754,0.001903880387544632,0.04741283133625984,0.9874979257583618
5450,3,0.03460771217942238,0.0022715278901159763,0.03233618289232254,2.2738475799560547,0.04679106920957565,0.0025136987678706646,0.0019124036189168692,0.05044984444975853,0.9889873266220093
5500,3,0.03289395570755005,0.001830057823099196,0.031063899397850037,2.1461029052734375,0.04654555767774582,0.0021282718516886234,0.0019464045763015747,0.04774568974971771,0.9902322888374329
5550,3,0.03586263209581375,0.0020746730733662844,0.033787958323955536,2.144556760787964,0.04641221463680267,0.0020771692506968975,0.0016958147753030062,0.05040481314063072,0.9878904819488525
5600,3,0.036616478115320206,0.0022061681374907494,0.03441030904650688,2.0056591033935547,0.04626650735735893,0.002745960373431444,0.0023359465412795544,0.05177294835448265,0.9887449145317078
5650,3,0.034708935767412186,0.002117119263857603,0.032591816037893295,2.223628520965576,0.04614125192165375,0.0027398497331887484,0.002386171603575349,0.0509992390871048,0.989043116569519
5700,3,0.029904017224907875,0.001792680355720222,0.02811133675277233,2.0662689208984375,0.046085722744464874,0.00207669660449028,0.0017793066799640656,0.04413745179772377,0.9881587624549866
5750,3,0.028530456125736237,0.0016525882529094815,0.026877867057919502,2.0798728466033936,0.0459989458322525,0.002039883751422167,0.0017239550361409783,0.042739659547805786,0.989120364189148
5800,3,0.02751314640045166,0.001528159948065877,0.025984985753893852,2.052231788635254,0.045847631990909576,0.001821241807192564,0.0015151265542954206,0.041156522929668427,0.9879114627838135
5850,3,0.03183075413107872,0.001649094047024846,0.030181661248207092,2.128856897354126,0.04576510936021805,0.0019679381512105465,0.0015869769267737865,0.046075716614723206,0.9865359663963318
5900,3,0.031097412109375,0.001753789372742176,0.0293436236679554,2.067589521408081,0.04551629722118378,0.002260789042338729,0.0017802781658247113,0.045521944761276245,0.987800121307373
5950,3,0.03252575546503067,0.0021213889122009277,0.030404366552829742,2.2290713787078857,0.04521189630031586,0.0028581309597939253,0.002401090692728758,0.048975542187690735,0.9870728254318237
6000,3,0.034751083701848984,0.002166499849408865,0.03258458524942398,2.2038984298706055,0.04516863822937012,0.0020732858683913946,0.0017665792256593704,0.04965560883283615,0.9870739579200745
6050,3,0.036394309252500534,0.0019193472107872367,0.03447496145963669,2.117697238922119,0.04502604156732559,0.002055833116173744,0.001684969523921609,0.05076862499117851,0.9866951704025269
6100,3,0.029767503961920738,0.0016280676936730742,0.02813943661749363,2.134929895401001,0.04486832022666931,0.001821681740693748,0.0015757031505927444,0.043884407728910446,0.9859751462936401
6150,3,0.03186608478426933,0.001902193995192647,0.029963890090584755,1.9549317359924316,0.04474347084760666,0.0021626069210469723,0.0016734306700527668,0.04552152752876282,0.9859505295753479
6200,3,0.031987935304641724,0.0016590598970651627,0.03032887727022171,1.9630889892578125,0.04459445923566818,0.0016664274735376239,0.0013493289006873965,0.044863734394311905,0.9858675003051758
6250,3,0.02778046764433384,0.0016272380016744137,0.02615322917699814,2.147460460662842,0.04446211829781532,0.0015590291004627943,0.0012630876153707504,0.04138434678316116,0.9863582849502563
6300,3,0.02910161390900612,0.0015032381052151322,0.02759837545454502,2.130319833755493,0.04428000748157501,0.00243136053904891,0.001963196787983179,0.04419204965233803,0.9861140251159668
6350,3,0.033600129187107086,0.0018908744677901268,0.031709253787994385,2.0354511737823486,0.044155608862638474,0.0021595475263893604,0.0019069468835368752,0.04788803309202194,0.9867470264434814
6400,3,0.027513550594449043,0.0014575390378013253,0.026056012138724327,2.184457302093506,0.04404164478182793,0.0018841202836483717,0.0015114254783838987,0.04187542572617531,0.9854140877723694
6450,3,0.030939409509301186,0.0018126846989616752,0.0291267242282629,1.9867656230926514,0.04400486499071121,0.002129137981683016,0.0018884761957451701,0.04493485391139984,0.984425961971283
6500,3,0.03242470324039459,0.0018214279552921653,0.030603276565670967,2.0943398475646973,0.043886300176382065,0.002046245150268078,0.0016946631949394941,0.04668119549751282,0.9852692484855652
6550,3,0.029457401484251022,0.001484157983213663,0.027973243966698647,2.1208291053771973,0.04367924854159355,0.0016505244420841336,0.00146757741458714,0.04322332888841629,0.9858800768852234
6600,3,0.031581781804561615,0.0021913712844252586,0.02939041145145893,2.068431854248047,0.043504297733306885,0.0018109853845089674,0.0015868719201534986,0.04536530002951622,0.9846863746643066
6650,3,0.02811657078564167,0.0015413434011861682,0.026575228199362755,2.2696893215179443,0.043339550495147705,0.0018940949812531471,0.0016284335870295763,0.043030887842178345,0.9851266145706177
6700,3,0.03321445360779762,0.0020863739773631096,0.03112807869911194,1.9609375,0.04321219027042389,0.0018758008955046535,0.0015930067747831345,0.04653116315603256,0.9845339059829712
6750,4,0.02850678376853466,0.0016415328718721867,0.02686525136232376,1.8953614234924316,0.042983993887901306,0.001982878427952528,0.0016244337894022465,0.041633881628513336,0.9850778579711914
6800,4,0.028787042945623398,0.0015861401334404945,0.027200903743505478,2.0038983821868896,0.04295387864112854,0.001759346341714263,0.0015318549703806639,0.04214068874716759,0.9859856367111206
6850,4,0.029914967715740204,0.0015869839116930962,0.028327982872724533,2.2827658653259277,0.042852021753787994,0.0016415015561506152,0.0014173075323924422,0.044430457055568695,0.9848875403404236
6900,4,0.03188025578856468,0.0017929921159520745,0.030087262392044067,1.9625828266143799,0.04269935190677643,0.002378983423113823,0.0020128460600972176,0.04612769931554794,0.9855012893676758
6950,4,0.03327222540974617,0.002153245033696294,0.031118979677557945,2.0011606216430664,0.04257114604115486,0.0018351249163970351,0.0015933935064822435,0.04674911871552467,0.9868965744972229
7000,4,0.03135977312922478,0.001908373786136508,0.02945139817893505,2.038382053375244,0.04253058880567551,0.0028351915534585714,0.0024342676624655724,0.046863675117492676,0.9887565970420837
7050,4,0.036177586764097214,0.0020506526343524456,0.03412693366408348,2.054825782775879,0.042250704020261765,0.0033057439140975475,0.0029324223287403584,0.052732136100530624,0.987099826335907
7100,4,0.03246704861521721,0.0018097712891176343,0.03065727837383747,2.150059461593628,0.042680524289608,0.002313529374077916,0.00202332716435194,0.04759688302874565,0.9869478940963745
7150,4,0.03042965941131115,0.0018906791228801012,0.028538979589939117,2.0885226726531982,0.04233795404434204,0.002176556270569563,0.001780663849785924,0.04487182945013046,0.9880987405776978
7200,4,0.032607171684503555,0.0016455190489068627,0.030961651355028152,2.052065372467041,0.04211543872952461,0.001724467147141695,0.001442435197532177,0.046076513826847076,0.9867823123931885
7250,4,0.02888428419828415,0.0014302936615422368,0.027453990653157234,1.924678921699524,0.04197997972369194,0.0015696543268859386,0.0014150473289191723,0.041534360498189926,0.9861665964126587
7300,4,0.029647311195731163,0.0015041095903143287,0.028143201023340225,2.126176357269287,0.04180733114480972,0.0016304231248795986,0.001391788013279438,0.043342214077711105,0.9858996272087097
7350,4,0.030232280492782593,0.0016234826762229204,0.02860879711806774,2.265458583831787,0.04155946522951126,0.0017698309384286404,0.0014744744403287768,0.04484543949365616,0.9868059754371643
7400,4,0.028639016672968864,0.0016335570253431797,0.027005460113286972,2.115957736968994,0.04127222299575806,0.002231274265795946,0.0019078613258898258,0.04339921474456787,0.9860715866088867
7450,4,0.032712455838918686,0.0016734295058995485,0.031039027497172356,2.048187732696533,0.04111243784427643,0.0016756362747401,0.0014270968968048692,0.04609724134206772,0.9852849841117859
7500,4,0.02847624383866787,0.0016418342711403966,0.026834409683942795,1.9878580570220947,0.040915101766586304,0.001659749774262309,0.001339529873803258,0.04145572707056999,0.9860371947288513
7550,4,0.026149554178118706,0.0014156220713630319,0.024733932688832283,2.0479469299316406,0.040759943425655365,0.0015382930869236588,0.0012973019620403647,0.03926564007997513,0.9876128435134888
7600,4,0.027601035311818123,0.0017238326836377382,0.025877201929688454,2.028639554977417,0.040530841797590256,0.0014681457541882992,0.0011991122737526894,0.0404520221054554,0.985357940196991
7650,4,0.029897280037403107,0.0014188848435878754,0.02847839519381523,2.07368803024292,0.0405125617980957,0.0013696353416889906,0.0011996885295957327,0.04287555813789368,0.9855360388755798
7700,4,0.02995665930211544,0.0016073171282187104,0.028349341824650764,1.9400966167449951,0.040137968957424164,0.0019871117547154427,0.0016442895866930485,0.04332868009805679,0.9851429462432861
7750,4,0.030295290052890778,0.001510292524471879,0.028784997761249542,1.9967409372329712,0.03998123109340668,0.0016669598408043385,0.0013889403780922294,0.04337487369775772,0.9873576164245605
7800,4,0.028171531856060028,0.0016536160837858915,0.026517916470766068,2.086277723312378,0.04001239314675331,0.002352002542465925,0.001936378888785839,0.042931314557790756,0.985943078994751
7850,4,0.028753235936164856,0.0012108496157452464,0.027542386204004288,2.0311403274536133,0.039861273020505905,0.0015607632230967283,0.0012869127094745636,0.041796471923589706,0.987034797668457
7900,4,0.02786491997539997,0.0014564287848770618,0.026408491656184196,2.0433499813079834,0.0396011546254158,0.0018630700651556253,0.0016444583889096975,0.041628796607255936,0.987811803817749
7950,4,0.027959460392594337,0.0015591438859701157,0.026400316506624222,1.985402226448059,0.039481453597545624,0.0014176748227328062,0.0012546153739094734,0.04059823974967003,0.986225962638855
8000,4,0.02811955101788044,0.0013161676470190287,0.026803383603692055,1.8872144222259521,0.03926964849233627,0.0019733617082238197,0.0016548535786569118,0.041223108768463135,0.9885630011558533
8050,4,0.02567194774746895,0.0014164848253130913,0.02425546385347843,1.894295334815979,0.03906441852450371,0.0015279381768777966,0.001300825271755457,0.03801124915480614,0.9879385232925415
8100,4,0.029183510690927505,0.0014782564248889685,0.027705254033207893,1.9440163373947144,0.03890049085021019,0.0017831041477620602,0.001492409617640078,0.042218007147312164,0.9881461262702942
8150,4,0.026724234223365784,0.0015312385512515903,0.025192996487021446,1.9465068578720093,0.038825858384370804,0.0013453472638502717,0.00111529347486794,0.038956232368946075,0.9868112206459045
8200,4,0.026513900607824326,0.00132426165509969,0.025189638137817383,2.013434648513794,0.038547419011592865,0.001307929982431233,0.0011545351007953286,0.039082083851099014,0.9886339902877808
8250,4,0.02493753470480442,0.0011947681196033955,0.023742767050862312,1.9460281133651733,0.038497768342494965,0.0017458461225032806,0.0015603279462084174,0.038012344390153885,0.986594021320343
8300,4,0.025914452970027924,0.0013831318356096745,0.024531321600079536,1.8815288543701172,0.03840065374970436,0.0011998402187600732,0.001072852872312069,0.03763318806886673,0.9893478155136108
8350,4,0.02838551625609398,0.0016002838965505362,0.0267852321267128,2.071225643157959,0.0381678082048893,0.0017389404820278287,0.001456546364352107,0.04197530075907707,0.9880164265632629
8400,4,0.028466826304793358,0.0014030521269887686,0.027063773944973946,1.9366670846939087,0.037920545786619186,0.002110564149916172,0.0019470520783215761,0.04224569723010063,0.986220121383667
8450,4,0.027405425906181335,0.0012319991365075111,0.02617342583835125,2.006647825241089,0.037861570715904236,0.0016704821027815342,0.0013936655595898628,0.0405406728386879,0.9868524074554443
8500,4,0.029622681438922882,0.0012538924347609282,0.028368789702653885,2.0015923976898193,0.03778039291501045,0.001471595955081284,0.0013123373501002789,0.042452357709407806,0.9879910945892334
8550,4,0.0270729660987854,0.0013460441259667277,0.02572692185640335,1.9671072959899902,0.03761093318462372,0.0016467886744067073,0.0014436381170526147,0.04003654047846794,0.9889168739318848
8600,4,0.028088059276342392,0.001482138643041253,0.026605920866131783,1.9799649715423584,0.03741220384836197,0.0016217357479035854,0.0013510750140994787,0.04099810868501663,0.9877365231513977
8650,4,0.02537037432193756,0.001265111262910068,0.024105263873934746,1.9178836345672607,0.03729444742202759,0.001530952868051827,0.0013350513763725758,0.03786309063434601,0.9869786500930786
8700,4,0.028519542887806892,0.001703621936030686,0.02681592106819153,2.0288708209991455,0.037206463515758514,0.0017927710432559252,0.0014794355956837535,0.041973311454057693,0.9886232018470764
8750,4,0.02824026718735695,0.0013889388646930456,0.02685132808983326,1.989353895187378,0.037133827805519104,0.0013874799478799105,0.0012186038075014949,0.04083025082945824,0.9863938689231873
8800,4,0.028151601552963257,0.001882323995232582,0.026269277557730675,2.2202742099761963,0.03684204816818237,0.0018040093127638102,0.0014873561449348927,0.04258118197321892,0.9857547283172607
8850,4,0.027191439643502235,0.001515122945420444,0.025676317512989044,2.0510854721069336,0.03675367683172226,0.0015871463110670447,0.0014093932695686817,0.04048015922307968,0.9867180585861206
8900,4,0.027517054229974747,0.0015232469886541367,0.02599380724132061,2.0403823852539062,0.0365946926176548,0.0017100314144045115,0.0013436496956273913,0.04080924019217491,0.9882739186286926
8950,4,0.028762778267264366,0.0013365455670282245,0.027426233515143394,1.93131685256958,0.03660903126001358,0.0016890245024114847,0.001439997460693121,0.04158499091863632,0.9868587255477905
9000,5,0.02940973825752735,0.0016171651659533381,0.02779257297515869,1.984891653060913,0.03628351539373398,0.002193888183683157,0.0018690078286454082,0.04343337565660477,0.9883231520652771
9050,5,0.02884245291352272,0.0015260635409504175,0.027316389605402946,1.943497657775879,0.0362260639667511,0.0018455098615959287,0.0014977874234318733,0.04193945974111557,0.9856147170066833
9100,5,0.02987554855644703,0.0013612315524369478,0.02851431630551815,1.9387038946151733,0.036046624183654785,0.0012868745252490044,0.0011520304251462221,0.0420440211892128,0.988368570804596
9150,5,0.02865554951131344,0.0012184910010546446,0.027437059208750725,1.9524970054626465,0.03587793931365013,0.001271987915970385,0.0011469819582998753,0.040872879326343536,0.9872931241989136
9200,5,0.02875659614801407,0.0010686407331377268,0.027687955647706985,1.8218512535095215,0.03578896075487137,0.0016327672637999058,0.0014466443099081516,0.040981050580739975,0.9873629212379456
9250,5,0.026946039870381355,0.0012784802820533514,0.02566755935549736,1.998795986175537,0.03563204035162926,0.0016972938319668174,0.0014364812523126602,0.04010942578315735,0.9864699244499207
9300,5,0.02590297721326351,0.0013937221374362707,0.024509254842996597,1.9162485599517822,0.03547954559326172,0.0014081662520766258,0.0012146717635914683,0.03814253956079483,0.987138032913208
9350,5,0.025921862572431564,0.0009839031845331192,0.024937959387898445,1.9479148387908936,0.03523319214582443,0.001348661258816719,0.0011309445835649967,0.0381762757897377,0.9867804050445557
9400,5,0.02852552942931652,0.0014447185676544905,0.02708081156015396,1.9929295778274536,0.035118721425533295,0.001559254713356495,0.0012972538825124502,0.041381802409887314,0.9875055551528931
9450,5,0.02690890245139599,0.0012895003892481327,0.025619402527809143,1.8561336994171143,0.03519601374864578,0.0014334067236632109,0.0012367719318717718,0.03889494761824608,0.9886095523834229
9500,5,0.031228218227624893,0.001474863849580288,0.02975335344672203,1.8759381771087646,0.034910377115011215,0.0016383666079491377,0.0015405118465423584,0.04382169619202614,0.9873456954956055
9550,5,0.029560666531324387,0.0011888286098837852,0.028371836990118027,1.9206434488296509,0.03463778272271156,0.0015586626250296831,0.0014120934065431356,0.042169276624917984,0.9894089698791504
9600,5,0.029892554506659508,0.0015210709534585476,0.028371483087539673,1.8731086254119873,0.034577012062072754,0.0016132323071360588,0.001506459666416049,0.04241236671805382,0.9859937429428101
9650,5,0.028708217665553093,0.0013768584467470646,0.027331359684467316,1.7969577312469482,0.03442971408367157,0.0016015556175261736,0.0014550387859344482,0.04078402742743492,0.9858490228652954
9700,5,0.03080555982887745,0.001309968763962388,0.029495591297745705,1.9548702239990234,0.03450975567102432,0.0014396562473848462,0.0013264737790450454,0.04338055104017258,0.9860861301422119
9750,5,0.028384985402226448,0.0015374899376183748,0.026847494766116142,1.8605153560638428,0.03447340056300163,0.0014841773081570864,0.0012680429499596357,0.04047425836324692,0.9882220029830933
9800,5,0.025938179343938828,0.0012330873869359493,0.02470509149134159,2.0844602584838867,0.0341990627348423,0.0014484715647995472,0.0012425961904227734,0.0390857458114624,0.9847966432571411
9850,5,0.02730662375688553,0.001201908802613616,0.02610471472144127,1.9206538200378418,0.03410361707210541,0.001252388465218246,0.0010828603990375996,0.03927924856543541,0.9861021041870117
9900,5,0.02642584964632988,0.0011700065806508064,0.025255843997001648,2.0334973335266113,0.03400449454784393,0.0016654469072818756,0.0014805760001763701,0.0397733636200428,0.9845986366271973
9950,5,0.02792585827410221,0.0014091250486671925,0.026516733691096306,2.008497476577759,0.03388950228691101,0.0013203102862462401,0.0011661290191113949,0.040488675236701965,0.9837293028831482
10000,5,0.026678983122110367,0.0010585845448076725,0.02562039904296398,1.9414933919906616,0.0338125079870224,0.0013637058436870575,0.00123214116320014,0.039016105234622955,0.9826467037200928
10050,5,0.02696646749973297,0.001335750799626112,0.025630716234445572,1.9330689907073975,0.033560045063495636,0.0013148868456482887,0.0012274952605366707,0.03920775651931763,0.9866344928741455
10100,5,0.02919219434261322,0.0013443899806588888,0.027847804129123688,1.8909953832626343,0.03339798003435135,0.001391738886013627,0.0012010124046355486,0.041273318231105804,0.9826047420501709
10150,5,0.028222279623150826,0.0013791477540507913,0.026843132451176643,1.8225616216659546,0.0332813486456871,0.0014610557118430734,0.0012132038827985525,0.04004262760281563,0.985297441482544
10200,5,0.02771707810461521,0.0010758900316432118,0.02664118818938732,1.8127319812774658,0.03305353596806526,0.0011738470057025552,0.0010643252171576023,0.03905196487903595,0.9846837520599365
10250,5,0.027438145130872726,0.0013477348256856203,0.026090409606695175,1.8610944747924805,0.03313203901052475,0.0016727426555007696,0.0014955517835915089,0.03994504734873772,0.9845241904258728
10300,5,0.027046069502830505,0.0014154925011098385,0.02563057653605938,1.9058265686035156,0.032917216420173645,0.0012999346945434809,0.0011456843931227922,0.03905373811721802,0.9836048483848572
10350,5,0.027462312951683998,0.0010982058010995388,0.026364106684923172,1.9503626823425293,0.03269857168197632,0.0013905779924243689,0.0012655840255320072,0.03990298509597778,0.9852364659309387
10400,5,0.027900708839297295,0.0012176156742498279,0.02668309397995472,1.8820111751556396,0.032648440450429916,0.0016221965197473764,0.001461555017158389,0.04042716324329376,0.9851910471916199
10450,5,0.030637193471193314,0.0012425422901287675,0.02939465083181858,1.9277334213256836,0.03253600001335144,0.0015871450304985046,0.0014090756885707378,0.04330461844801903,0.9846975803375244
10500,5,0.027804872021079063,0.001477553742006421,0.02632731758058071,1.7970598936080933,0.03250905126333237,0.0013354846742004156,0.001185562927275896,0.03934372961521149,0.9853223562240601
10550,5,0.028749674558639526,0.0015533289406448603,0.02719634585082531,1.7793517112731934,0.032391782850027084,0.0016564711695536971,0.0014639326836913824,0.040799230337142944,0.9840487241744995
10600,5,0.028935568407177925,0.001193718402646482,0.027741849422454834,1.8477001190185547,0.03217410296201706,0.001304460922256112,0.001144057372584939,0.04065476357936859,0.986659586429596
10650,5,0.026922645047307014,0.001080722315236926,0.02584192343056202,1.9400173425674438,0.03219209238886833,0.0012163787614554167,0.0011432445608079433,0.0390145480632782,0.9864205718040466
10700,5,0.02555818110704422,0.0012799074174836278,0.024278273805975914,1.968753695487976,0.03209296613931656,0.0012122412445023656,0.0010420907055959105,0.037688374519348145,0.9855972528457642
10750,5,0.028866656124591827,0.0013178745284676552,0.027548782527446747,1.9025545120239258,0.03206031769514084,0.001480939332395792,0.0013782473979517817,0.041270677000284195,0.9849242568016052
10800,5,0.028052009642124176,0.001398205291479826,0.026653803884983063,1.8158519268035889,0.03197798505425453,0.001459128106944263,0.0013214832870289683,0.03994385898113251,0.9860135316848755
10850,5,0.033216021955013275,0.0016978110652416945,0.03151820972561836,1.9270234107971191,0.031586796045303345,0.0028661591932177544,0.0027027262840420008,0.048451609909534454,0.9831668734550476
10900,5,0.03199177235364914,0.0016742015723139048,0.03031757101416588,1.73537015914917,0.03213450312614441,0.0018547563813626766,0.0017489283345639706,0.044304441660642624,0.9860827922821045
10950,5,0.028299778699874878,0.001254921080544591,0.027044856920838356,1.857322096824646,0.03182438015937805,0.0015325178392231464,0.0013906103558838367,0.04054134339094162,0.9852513074874878
11000,5,0.02552235685288906,0.001238210592418909,0.02428414672613144,1.785461187362671,0.0315723679959774,0.001689826836809516,0.0014842357486486435,0.0376552976667881,0.9863684177398682
11050,5,0.027627356350421906,0.0014302318450063467,0.026197124272584915,1.864152193069458,0.031472139060497284,0.0015834004152566195,0.001422473811544478,0.03998546302318573,0.9847514629364014
11100,5,0.028933191671967506,0.0012660737847909331,0.02766711823642254,1.8954540491104126,0.03135041892528534,0.0014367965050041676,0.00131224375218153,0.04119085520505905,0.986835241317749
11150,5,0.027559401467442513,0.0011789813870564103,0.026380419731140137,1.8212206363677979,0.03137557953596115,0.0012948557268828154,0.0011620898731052876,0.039153825491666794,0.9847797751426697
11200,5,0.029424363747239113,0.0012542103650048375,0.028170153498649597,1.8815205097198486,0.03123304434120655,0.0016418970189988613,0.001531688729301095,0.04203678295016289,0.9835115075111389
11250,6,0.02677496150135994,0.0010821754112839699,0.025692785158753395,1.8682808876037598,0.0310111902654171,0.001471057184971869,0.0013555479235947132,0.038973983377218246,0.9851264953613281
11300,6,0.02821730263531208,0.0012741193640977144,0.026943182572722435,1.8675177097320557,0.031005095690488815,0.0010480365017428994,0.0008952251519076526,0.03952915593981743,0.9867802262306213
11350,6,0.02571461722254753,0.0010788128711283207,0.024635804817080498,1.7967890501022339,0.030755359679460526,0.001184545923024416,0.0010797504801303148,0.036993611603975296,0.9846557378768921
11400,6,0.029036864638328552,0.0016192935872823,0.02741757035255432,1.7987980842590332,0.030444107949733734,0.0014079653192311525,0.00127218768466264,0.0407414510846138,0.986133337020874
11450,6,0.026548514142632484,0.001242949510924518,0.02530556544661522,1.9248932600021362,0.030436044558882713,0.0012826691381633282,0.001150777330622077,0.03863685950636864,0.9862614274024963
11500,6,0.027972286567091942,0.001143256202340126,0.026829030364751816,1.9170408248901367,0.0303859431296587,0.0012689169961959124,0.0011951045598834753,0.0400518998503685,0.9851509928703308
11550,6,0.03017936646938324,0.0010978811187669635,0.02908148616552353,1.8216447830200195,0.030376650393009186,0.0013691125204786658,0.0012656021863222122,0.04195268079638481,0.9862349033355713
11600,6,0.028109028935432434,0.0014471944887191057,0.026661833748221397,1.8979732990264893,0.030082765966653824,0.0011216620914638042,0.0010367408394813538,0.039787378162145615,0.9869664311408997
11650,6,0.02970082499086857,0.0012882370501756668,0.0284125879406929,1.9697251319885254,0.0301121324300766,0.0014608802739530802,0.0013047377578914165,0.04234518110752106,0.9867967367172241
11700,6,0.027378171682357788,0.001210824935697019,0.02616734616458416,1.8801205158233643,0.029875345528125763,0.0015104147605597973,0.0014287441736087203,0.03974781185388565,0.9874223470687866
11750,6,0.026706142351031303,0.0010275617241859436,0.02567858062684536,1.7654776573181152,0.02989393286406994,0.0010714420350268483,0.0009636267786845565,0.03759849816560745,0.9874010682106018
11800,6,0.028092052787542343,0.001003797398880124,0.027088254690170288,1.8543061017990112,0.029788948595523834,0.0011758171021938324,0.001095327315852046,0.03966451436281204,0.9861562848091125
11850,6,0.027689356356859207,0.0012276177294552326,0.026461739093065262,1.893319010734558,0.02978968620300293,0.0013810730306431651,0.0012311668833717704,0.039797984063625336,0.9879934787750244
11900,6,0.029581695795059204,0.0012655537575483322,0.028316142037510872,1.790982961654663,0.029568448662757874,0.0014088312163949013,0.001312765758484602,0.04128777235746384,0.9864295125007629
11950,6,0.02700110897421837,0.0010927235707640648,0.02590838633477688,1.8248085975646973,0.029635753482580185,0.001095093903131783,0.000995691865682602,0.03824557363986969,0.9872788190841675
12000,6,0.02700274996459484,0.001179317245259881,0.025823432952165604,1.9007341861724854,0.029425978660583496,0.001251695561222732,0.001148770097643137,0.0389363132417202,0.9890702962875366
12050,6,0.02930336631834507,0.0011831149458885193,0.02812025137245655,1.7661159038543701,0.029390467330813408,0.001314125256612897,0.0011876411736011505,0.04066510125994682,0.9876836538314819
12100,6,0.02933693304657936,0.0014725280925631523,0.027864405885338783,1.7683658599853516,0.02936563268303871,0.0015419856645166874,0.001403941074386239,0.041154056787490845,0.9881891012191772
12150,6,0.026882978156208992,0.001137932762503624,0.025745045393705368,1.811204195022583,0.029194263741374016,0.001353770261630416,0.00123628880828619,0.03855825588107109,0.9871478080749512
12200,6,0.02819720096886158,0.0013633902417495847,0.026833809912204742,1.8139801025390625,0.02923993021249771,0.0015843937871977687,0.0014237610157579184,0.04030449315905571,0.9881500601768494
12250,6,0.027779217809438705,0.0012777677038684487,0.026501450687646866,1.750917911529541,0.029028985649347305,0.0013480912894010544,0.0011283893836662173,0.03903931379318237,0.9889307022094727
12300,6,0.027824662625789642,0.0012051709927618504,0.02661949209868908,1.9529707431793213,0.028889693319797516,0.0013233236968517303,0.0012030814541503787,0.04014481231570244,0.98561692237854
12350,6,0.028549885377287865,0.0010618178639560938,0.027488067746162415,1.795987844467163,0.02905559539794922,0.0011783955851569772,0.001084903022274375,0.039822183549404144,0.9887807965278625
12400,6,0.026135455816984177,0.0011078687384724617,0.02502758800983429,1.8396015167236328,0.02879013493657112,0.0010005398653447628,0.0009237815393134952,0.03728657215833664,0.987617015838623
12450,6,0.025311829522252083,0.0011250533862039447,0.02418677695095539,1.7298812866210938,0.028707832098007202,0.0014047299046069384,0.001333301654085517,0.03672797605395317,0.9871442914009094
12500,6,0.02669537626206875,0.001142249209806323,0.025553127750754356,1.7577221393585205,0.02870386652648449,0.0011313448194414377,0.0010647918097674847,0.0377088263630867,0.9864968061447144
12550,6,0.028111059218645096,0.0012082068715244532,0.026902852579951286,1.7186005115509033,0.028466446325182915,0.0013021619524806738,0.0012040686560794711,0.03923875838518143,0.987702488899231
12600,6,0.02775358222424984,0.0010633040219545364,0.026690278202295303,1.7660367488861084,0.02846142090857029,0.001266141189262271,0.001169111579656601,0.0390474796295166,0.9870643615722656
12650,6,0.025927869603037834,0.0010585051495581865,0.024869363754987717,1.8211967945098877,0.028335854411125183,0.0010275241220369935,0.0009467467898502946,0.037036456167697906,0.987476646900177
12700,6,0.026509758085012436,0.001196915516629815,0.025312842801213264,1.922262191772461,0.028377536684274673,0.0012444653548300266,0.001187640242278576,0.03858155384659767,0.9878064393997192
12750,6,0.02688298560678959,0.0011189241195097566,0.025764061138033867,1.7416081428527832,0.028310634195804596,0.001320896903052926,0.0012127506779506803,0.03815298527479172,0.9880926609039307
12800,6,0.023966578766703606,0.0009004193125292659,0.023066159337759018,1.8928067684173584,0.028221406042575836,0.0009617449250072241,0.0008934576180763543,0.03531403839588165,0.986754298210144
12850,6,0.02427717298269272,0.001128955977037549,0.02314821630716324,1.9250421524047852,0.027955060824751854,0.0019114945316687226,0.0017788014374673367,0.03762063384056091,0.9869623780250549
12900,6,0.029552891850471497,0.0011351332068443298,0.028417758643627167,1.7086045742034912,0.02795552834868431,0.0009991342667490244,0.0009462463203817606,0.04006924852728844,0.988731861114502
12950,6,0.025417780503630638,0.0009059434523805976,0.02451183646917343,1.7633825540542603,0.027755968272686005,0.0010887151584029198,0.0009975992143154144,0.03634876757860184,0.9879306554794312
13000,6,0.02732893079519272,0.0012150586117058992,0.02611387148499489,1.8572585582733154,0.027614600956439972,0.0014044928830116987,0.0013608293375000358,0.039408162236213684,0.9883085489273071
13050,6,0.025254016742110252,0.0011959170224145055,0.02405809983611107,1.7763912677764893,0.027507301419973373,0.0012489684158936143,0.0011647918727248907,0.036577243357896805,0.9857981204986572
13100,6,0.025253523141145706,0.001163673005066812,0.02408985048532486,1.7503209114074707,0.02735796384513378,0.0009848554618656635,0.0009240776998922229,0.03594141826033592,0.9848025441169739
13150,6,0.029910625889897346,0.0013668537139892578,0.02854377217590809,1.8466811180114746,0.02752816677093506,0.0013273945078253746,0.001294765155762434,0.04179372265934944,0.987402081489563
13200,6,0.027310388162732124,0.0010137143544852734,0.026296673342585564,1.8152008056640625,0.027249448001384735,0.0014297105371952057,0.0013496694155037403,0.03919302299618721,0.9869254231452942
13250,6,0.0245098527520895,0.0011149919591844082,0.023394860327243805,1.848292589187622,0.027077356353402138,0.0010376455029472709,0.0009671472944319248,0.03578318655490875,0.9889742136001587
13300,6,0.026523014530539513,0.0013616024516522884,0.025161411613225937,1.8825353384017944,0.026772893965244293,0.0012505089398473501,0.0011824755929410458,0.03839544951915741,0.9896650314331055
13350,6,0.02581418678164482,0.001122104935348034,0.024692080914974213,1.7979378700256348,0.02695053070783615,0.0013218121603131294,0.001232140464708209,0.037384774535894394,0.9879032969474792
13400,6,0.026346629485487938,0.001309042563661933,0.02503758668899536,1.7641223669052124,0.026739537715911865,0.0011302637867629528,0.00103356025647372,0.03735780343413353,0.9891380667686462
13450,6,0.02742178365588188,0.0013630443718284369,0.0260587390512228,1.7595160007476807,0.026665395125746727,0.001137551385909319,0.0010963338427245617,0.03847991302609444,0.9866308569908142
13500,7,0.026928473263978958,0.0012596100568771362,0.025668863207101822,1.7877652645111084,0.026594040915369987,0.00133229186758399,0.0011802066583186388,0.03840639442205429,0.9860312342643738
13550,7,0.023976745083928108,0.001100956811569631,0.022875787690281868,1.756216287612915,0.02637513354420662,0.0011383593082427979,0.0010528499260544777,0.034975409507751465,0.9884238243103027
13600,7,0.02741304598748684,0.0009619160555303097,0.026451129466295242,1.797893762588501,0.02614840492606163,0.001050571445375681,0.0009960838360711932,0.03847531974315643,0.9880892634391785
13650,7,0.027022864669561386,0.0011355984024703503,0.02588726580142975,1.8152945041656494,0.02638564258813858,0.0011286657536402345,0.000992240384221077,0.038246627897024155,0.9875932931900024
13700,7,0.024892576038837433,0.0009571749251335859,0.023935401812195778,1.7762601375579834,0.026192404329776764,0.0009723100229166448,0.0009116930887103081,0.035684071481227875,0.9869939088821411
13750,7,0.02699822001159191,0.0010922738583758473,0.025905946269631386,1.758547306060791,0.02599218860268593,0.001021085074171424,0.0009296700591221452,0.03776770457625389,0.9876519441604614
13800,7,0.025836771354079247,0.0011581139406189322,0.024678656831383705,1.7787952423095703,0.026043348014354706,0.0017303067725151777,0.001607808517292142,0.038094907999038696,0.9886834621429443
13850,7,0.027901045978069305,0.0011110799387097359,0.026789965108036995,1.7258678674697876,0.026077480986714363,0.0011248741066083312,0.001058497466146946,0.03873983025550842,0.9875003695487976
13900,7,0.026586541905999184,0.0010201423428952694,0.025566399097442627,1.7420417070388794,0.02595006674528122,0.001071506878361106,0.0010040632914751768,0.03739827126264572,0.9864791631698608
13950,7,0.024375705048441887,0.0009751334437169135,0.023400571197271347,1.8266053199768066,0.02595377340912819,0.00087865034583956,0.0008183268364518881,0.03523166477680206,0.9868086576461792
14000,7,0.02545093558728695,0.001169824507087469,0.024281110614538193,1.771690845489502,0.025475233793258667,0.0010695985984057188,0.000990373780950904,0.036394838243722916,0.9870171546936035
14050,7,0.0263320654630661,0.0012764288112521172,0.02505563572049141,1.7207149267196655,0.0255180262029171,0.0011249971576035023,0.0010183635167777538,0.037104517221450806,0.9869019985198975
14100,7,0.025132887065410614,0.0009932112880051136,0.024139676243066788,1.804077386856079,0.02536763623356819,0.0010375970741733909,0.0010029480326920748,0.036219190806150436,0.9870563745498657
14150,7,0.024804968386888504,0.0010263713775202632,0.02377859689295292,1.7720065116882324,0.02524714171886444,0.0010767943458631635,0.001051958417519927,0.035819001495838165,0.9877166152000427
14200,7,0.025945888832211494,0.0012861036229878664,0.024659784510731697,1.8932603597640991,0.025417260825634003,0.0010312277590855956,0.0009989155223593116,0.037467751652002335,0.987141489982605
14250,7,0.026260096579790115,0.0010323156602680683,0.025227781385183334,1.7439732551574707,0.025037212297320366,0.0008753373986110091,0.0008414762560278177,0.036721814423799515,0.9867486953735352
14300,7,0.023348771035671234,0.0009101137984544039,0.0224386565387249,1.7215980291366577,0.02511296048760414,0.0010273692896589637,0.0009432622464373708,0.0339525043964386,0.9863989353179932
14350,7,0.025022901594638824,0.001025473466143012,0.02399742789566517,1.864464521408081,0.024994032457470894,0.0010292816441506147,0.0009503764449618757,0.03634987398982048,0.9868763089179993
14400,7,0.02440391480922699,0.0010296941036358476,0.023374220356345177,1.7726569175720215,0.024747176095843315,0.0010737462434917688,0.0010583971161395311,0.035424090921878815,0.9887229204177856
14450,7,0.025491029024124146,0.0011142310686409473,0.024376798421144485,1.8062282800674438,0.02485477179288864,0.0011883685365319252,0.0011167204938828945,0.03685211390256882,0.986970841884613
14500,7,0.024858420714735985,0.0011133240768685937,0.023745097219944,1.7330857515335083,0.024606097489595413,0.0011969753541052341,0.0011329796398058534,0.035878412425518036,0.9868879318237305
14550,7,0.022940894588828087,0.0009607609827071428,0.021980132907629013,2.011887550354004,0.024664264172315598,0.0009609434055164456,0.0009043079917319119,0.034890249371528625,0.9882492423057556
14600,7,0.02603113278746605,0.001039332477375865,0.024991801008582115,1.59067702293396,0.024452373385429382,0.0009654642781242728,0.0009453786769881845,0.03591981530189514,0.989223062992096
14650,7,0.023800797760486603,0.0009794363286346197,0.02282136119902134,1.7776119709014893,0.024219591170549393,0.0010752781527116895,0.0010227430611848831,0.03481109440326691,0.9857311844825745
14700,7,0.023690519854426384,0.0009481788729317486,0.022742340341210365,1.7348344326019287,0.02408421039581299,0.0010914342710748315,0.0010338572319597006,0.03451406955718994,0.9870566129684448
14750,7,0.024131981655955315,0.0010083634406328201,0.023123618215322495,1.7607249021530151,0.0240293238312006,0.001097226864658296,0.0010620037792250514,0.035118862986564636,0.9853273034095764
14800,7,0.024883408099412918,0.0009953284170478582,0.023888079449534416,1.7368147373199463,0.024215582758188248,0.0008416235796175897,0.0007905409438535571,0.035223860293626785,0.9876654744148254
14850,7,0.023533504456281662,0.0010435834992676973,0.022489920258522034,1.735868215560913,0.024173878133296967,0.000963267229963094,0.0009246492991223931,0.034124936908483505,0.9870767593383789
14900,7,0.025386910885572433,0.0010562916286289692,0.02433061972260475,1.7745447158813477,0.023937977850437164,0.001141801942139864,0.0011070419568568468,0.036532413214445114,0.9879319667816162
14950,7,0.02479889988899231,0.0011177083943039179,0.023681191727519035,1.775249719619751,0.02385040931403637,0.0011872528120875359,0.0011080497642979026,0.03599430248141289,0.9882258176803589
15000,7,0.022898312658071518,0.0008904897258616984,0.02200782299041748,1.7416741847991943,0.02402837760746479,0.001357040018774569,0.0012781760888174176,0.034265924245119095,0.9872246384620667
15050,7,0.02308683469891548,0.0008826739504002035,0.022204160690307617,1.6755542755126953,0.02399328537285328,0.0012549649691209197,0.0011718717869371176,0.0339154377579689,0.9874720573425293
15100,7,0.023296048864722252,0.001015405636280775,0.02228064276278019,1.7177308797836304,0.02397790178656578,0.0012076250277459621,0.0011240318417549133,0.03424033895134926,0.9860897064208984
15150,7,0.022708170115947723,0.0009961528703570366,0.02171201817691326,1.8334521055221558,0.02382947877049446,0.0010228176834061742,0.000987410661764443,0.03390949219465256,0.9866392612457275
15200,7,0.02507648430764675,0.001190666574984789,0.02388581819832325,1.8310670852661133,0.023886296898126602,0.001307820901274681,0.001193047733977437,0.03675657510757446,0.9865773916244507
15250,7,0.02359233796596527,0.0009640764910727739,0.022628260776400566,1.8473953008651733,0.023868991062045097,0.0013824200723320246,0.0012571384431794286,0.03549274057149887,0.9836978912353516
15300,7,0.023662840947508812,0.0011052587069571018,0.022557582706212997,1.7549254894256592,0.023972593247890472,0.0010667383903637528,0.0009611353743821383,0.034489311277866364,0.9884450435638428
15350,7,0.023306867107748985,0.001042678253725171,0.022264188155531883,1.7000970840454102,0.02339092269539833,0.0010990477167069912,0.001062488416209817,0.033992279320955276,0.987286388874054
15400,7,0.024982236325740814,0.000913380878046155,0.02406885474920273,1.8387219905853271,0.023488711565732956,0.0009935740381479263,0.0009618148906156421,0.03615472465753555,0.9868247509002686
15450,7,0.023773400112986565,0.0007746805204078555,0.022998720407485962,1.7322914600372314,0.023332733660936356,0.0008579504792578518,0.0008359199273400009,0.034152060747146606,0.9828715324401855
15500,7,0.024900466203689575,0.0009214872261509299,0.023978978395462036,1.8851895332336426,0.02352352999150753,0.0010595303028821945,0.0009987978264689445,0.03640826418995857,0.9865577816963196
15550,7,0.023324206471443176,0.001009143772535026,0.02231506258249283,1.8235889673233032,0.023600980639457703,0.0011662353063002229,0.0010662307031452656,0.03469821810722351,0.9872426390647888
15600,7,0.02478870190680027,0.0011722209164872766,0.023616481572389603,1.8586652278900146,0.023246919736266136,0.0011708087986335158,0.0011099167168140411,0.036386001855134964,0.9863015413284302
15650,7,0.024836162105202675,0.001037717331200838,0.023798445239663124,1.6456869840621948,0.023303009569644928,0.0012010307982563972,0.0011250292882323265,0.035413958132267,0.9869028925895691
15700,7,0.024153685197234154,0.0009264391846954823,0.02322724647819996,1.7320154905319214,0.02319170907139778,0.0011301583144813776,0.0011121914722025394,0.03507930040359497,0.9856795072555542
15750,8,0.025020714849233627,0.001034972257912159,0.023985741659998894,1.7450816631317139,0.023181775584816933,0.0011924761347472668,0.0011251023970544338,0.03608688339591026,0.9862196445465088
15800,8,0.02451227605342865,0.0011190114310011268,0.023393264040350914,1.6559321880340576,0.023069076240062714,0.0011066826991736889,0.001081892754882574,0.035003580152988434,0.9869486093521118
15850,8,0.02458808571100235,0.0008827885612845421,0.023705298081040382,1.7918723821640015,0.0229312926530838,0.0010767977219074965,0.0010570075828582048,0.03570418432354927,0.9865339994430542
15900,8,0.02279435656964779,0.0009441084694117308,0.02185024879872799,1.772384524345398,0.0232134610414505,0.0010691442294046283,0.0010416186414659023,0.03379025682806969,0.9864481687545776
15950,8,0.02379968762397766,0.0008300578920170665,0.022969629615545273,1.7673251628875732,0.02274768427014351,0.0010666135931387544,0.0009974034037441015,0.03472307696938515,0.9876446723937988
16000,8,0.02735297754406929,0.0010747131891548634,0.026278264820575714,1.6868367195129395,0.02298402413725853,0.0009854984236881137,0.0009212079457938671,0.037716854363679886,0.9848843812942505
16050,8,0.02535964362323284,0.0008887354051694274,0.02447090856730938,1.7938724756240845,0.02277868241071701,0.0009506216738373041,0.0008916195365600288,0.036194026470184326,0.987512469291687
16100,8,0.023856857791543007,0.00098810950294137,0.022868748754262924,1.7731823921203613,0.022654911503195763,0.0010270817438140512,0.0009796128142625093,0.034752119332551956,0.9883578419685364
16150,8,0.02422606572508812,0.0009945138590410352,0.02323155105113983,1.6982004642486572,0.022451313212513924,0.0010792152024805546,0.0010563802206888795,0.03487511724233627,0.9859216809272766
16200,8,0.024039318785071373,0.0009281798847950995,0.023111138492822647,1.7399545907974243,0.022347617894411087,0.0009030523360706866,0.000880164559930563,0.03454465791583061,0.9862364530563354
16250,8,0.027217896655201912,0.0011332160793244839,0.02608468011021614,1.805848479270935,0.022564835846424103,0.000974921160377562,0.0009542061015963554,0.03819882869720459,0.9889209270477295
16300,8,0.02549356035888195,0.0008460900280624628,0.02464747056365013,1.722007393836975,0.022302744910120964,0.0008920775726437569,0.000830940727610141,0.03584891930222511,0.9881902933120728
16350,8,0.02618231810629368,0.001075553591363132,0.0251067653298378,1.7139692306518555,0.022139307111501694,0.0009637266048230231,0.0008702364284545183,0.036608267575502396,0.9875854253768921
16400,8,0.025072971358895302,0.0009350477484986186,0.02413792349398136,1.8176188468933105,0.022185467183589935,0.0009120852337218821,0.000857121660374105,0.035952456295490265,0.9864001274108887
16450,8,0.025648079812526703,0.0010108195710927248,0.024637259542942047,1.7592644691467285,0.022435471415519714,0.001102793961763382,0.0010551010491326451,0.0366247296333313,0.9875001907348633
16500,8,0.02481589838862419,0.0012197092873975635,0.02359618991613388,1.801675796508789,0.022346485406160355,0.0009934776462614536,0.0009361109114252031,0.03577621281147003,0.9874215722084045
16550,8,0.024988267570734024,0.0011577196419239044,0.02383054792881012,1.7427973747253418,0.022219089791178703,0.0011825473047792912,0.0011176387779414654,0.036024659872055054,0.9865923523902893
16600,8,0.027680516242980957,0.0011550970375537872,0.02652541920542717,1.6835670471191406,0.022209590300917625,0.0010212169727310538,0.0009252625168301165,0.0380670428276062,0.9889143705368042
16650,8,0.025992996990680695,0.0008959750412032008,0.025097021833062172,1.8026384115219116,0.022444752976298332,0.0009928429499268532,0.0009175704326480627,0.036939047276973724,0.9856583476066589
16700,8,0.02595844306051731,0.0011336210882291198,0.024824822321534157,1.609572172164917,0.02204730547964573,0.0013265309389680624,0.0012428038753569126,0.036597687751054764,0.9870598316192627
16750,8,0.02339157834649086,0.0008512395434081554,0.022540338337421417,1.8286187648773193,0.022253327071666718,0.0009580597979947925,0.0009000042336992919,0.03441499173641205,0.9867832660675049
16800,8,0.02564147859811783,0.0011166080366820097,0.02452487125992775,1.7512296438217163,0.02211090549826622,0.0010947727132588625,0.0010386711219325662,0.03655317798256874,0.9873698949813843
16850,8,0.024993600323796272,0.0009549938258714974,0.024038607254624367,1.7616866827011108,0.021895546466112137,0.0010284965392202139,0.00098502601031214,0.03583745285868645,0.9860456585884094
16900,8,0.023262498900294304,0.0009767840383574367,0.022285714745521545,1.758665680885315,0.021856926381587982,0.0009983581257984042,0.0008992801886051893,0.03397531807422638,0.9866816401481628
16950,8,0.024687467142939568,0.0008774041198194027,0.023810062557458878,1.7645900249481201,0.02193758636713028,0.0009889897191897035,0.0009152108104899526,0.03543655574321747,0.9842070937156677
17000,8,0.024853695183992386,0.0009608856053091586,0.023892808705568314,1.6451829671859741,0.021678581833839417,0.000867052935063839,0.000816612271592021,0.0347849503159523,0.9839661717414856
17050,8,0.023542098701000214,0.0008633591933175921,0.022678740322589874,1.7712239027023315,0.021920721977949142,0.0008407920831814408,0.000807793578132987,0.034068722277879715,0.9886772632598877
17100,8,0.022830110043287277,0.0008918405510485172,0.021938269957900047,1.6512740850448608,0.021908437833189964,0.0009071736712940037,0.0008679839666001499,0.032883547246456146,0.9876153469085693
17150,8,0.02587161771953106,0.0010382458567619324,0.024833371862769127,1.7029110193252563,0.02192242071032524,0.0015153849963098764,0.0014068960445001721,0.03733037784695625,0.9863088130950928
17200,8,0.02499217726290226,0.0011214069090783596,0.023870769888162613,1.6869757175445557,0.022106647491455078,0.0011799335479736328,0.0011078574461862445,0.03573695197701454,0.9876420497894287
17250,8,0.02356931008398533,0.0008230164530687034,0.022746292874217033,1.6900322437286377,0.02172832563519478,0.001048060948960483,0.0010029012337327003,0.03409216180443764,0.9871656894683838
17300,8,0.02490345947444439,0.0010503889061510563,0.02385307103395462,1.7542731761932373,0.021823514252901077,0.0013877233723178506,0.0012941028689965606,0.03637847304344177,0.9863885045051575
17350,8,0.024182461202144623,0.0008770509157329798,0.023305410519242287,1.7296867370605469,0.021878767758607864,0.0009218124905601144,0.0008504033321514726,0.034624990075826645,0.9869961738586426
17400,8,0.024920906871557236,0.0009136064327321947,0.024007299914956093,1.686136245727539,0.021888457238674164,0.0011215403210371733,0.0010343745816498995,0.03552939370274544,0.9871687293052673
17450,8,0.025682006031274796,0.000941326143220067,0.024740679189562798,1.6305955648422241,0.02182219922542572,0.0011114832013845444,0.0010355643462389708,0.036003854125738144,0.9868615865707397
17500,8,0.02573169209063053,0.0014349513221532106,0.02429674006998539,1.6515262126922607,0.02172340825200081,0.0010009731631726027,0.0009163492941297591,0.03592836856842041,0.9871582984924316
17550,8,0.025644395500421524,0.0008290905971080065,0.024815304204821587,1.6731297969818115,0.02161623165011406,0.0009633247973397374,0.0009280610829591751,0.03592304885387421,0.9871569871902466
17600,8,0.02552066743373871,0.0008585201576352119,0.02466214820742607,1.6736018657684326,0.021395139396190643,0.0008222527685575187,0.0007748150965198874,0.035507138818502426,0.986568808555603
17650,8,0.024306563660502434,0.0008377858903259039,0.023468777537345886,1.8408868312835693,0.02138538472354412,0.0008203681791201234,0.0008050899486988783,0.03515784442424774,0.9870043992996216
17700,8,0.02638610452413559,0.0010107511188834906,0.025375353172421455,1.7630765438079834,0.021282043308019638,0.0009606619132682681,0.0008555165259167552,0.03703894838690758,0.9862903952598572
17750,8,0.0262621957808733,0.000976968090981245,0.025285227224230766,1.6875808238983154,0.021300319582223892,0.000947452848777175,0.00085503573063761,0.03652388975024223,0.9861239790916443
17800,8,0.024885866791009903,0.0009478461579419672,0.023938020691275597,1.6071124076843262,0.021449536085128784,0.0009262340608984232,0.0008313738508149981,0.034700486809015274,0.9880163669586182
17850,8,0.026639848947525024,0.002744378289207816,0.023895470425486565,1.6439156532287598,0.021179594099521637,0.01150546781718731,0.011242828331887722,0.057628899812698364,0.9873372912406921
17900,8,0.025105243548750877,0.0009814526420086622,0.024123791605234146,1.7847411632537842,0.021153826266527176,0.0009939991869032383,0.000919438200071454,0.03596353530883789,0.9885661602020264
17950,8,0.02357546240091324,0.0008036267245188355,0.022771835327148438,1.8246679306030273,0.021296892315149307,0.001069623976945877,0.0009951521642506123,0.03478487581014633,0.9903580546379089
18000,9,0.024785980582237244,0.0010081895161420107,0.023777790367603302,1.7790696620941162,0.021456599235534668,0.0010181120596826077,0.0009426501928828657,0.03566354885697365,0.988857626914978
18050,9,0.02559451013803482,0.0010509910061955452,0.0245435182005167,1.7836158275604248,0.02144230529665947,0.001075149979442358,0.0009669057908467948,0.03657608479261398,0.9898290634155273
18100,9,0.02688830904662609,0.0009215223253704607,0.025966785848140717,1.6560029983520508,0.021543001756072044,0.0009577646851539612,0.0009168266551569104,0.037064459174871445,0.9883732795715332
18150,9,0.026180922985076904,0.001163660897873342,0.025017261505126953,1.7196640968322754,0.021453261375427246,0.0009959288872778416,0.0009247408015653491,0.0367213673889637,0.9903274774551392
18200,9,0.024125659838318825,0.0009262970415875316,0.02319936268031597,1.6654973030090332,0.021434128284454346,0.0010174624621868134,0.0009440893772989511,0.03443613275885582,0.9880768060684204
18250,9,0.024428006261587143,0.0008045145659707487,0.023623492568731308,1.5750384330749512,0.021564099937677383,0.0007366072968579829,0.0006944423075765371,0.03375581279397011,0.9884328842163086
18300,9,0.026950739324092865,0.0010658534010872245,0.02588488534092903,1.752535343170166,0.02159532532095909,0.0008641528547741473,0.0007818207377567887,0.03738098591566086,0.9876599311828613
18350,9,0.02537081576883793,0.0012072422541677952,0.02416357398033142,1.750617504119873,0.02162669226527214,0.0010974042816087604,0.001046998193487525,0.03628993406891823,0.9900709390640259
18400,9,0.026695119217038155,0.001117296633310616,0.02557782270014286,1.646559476852417,0.021475089713931084,0.0009201987995766103,0.0008848485304042697,0.036754440516233444,0.9894391298294067
18450,9,0.0229230634868145,0.0008670641109347343,0.02205599844455719,1.7268109321594238,0.021351132541894913,0.0008671160321682692,0.0008088877657428384,0.0332544706761837,0.9916088581085205
18500,9,0.024759724736213684,0.0010121936211362481,0.023747531697154045,1.774482250213623,0.021021243184804916,0.0009430417558178306,0.0008842312963679433,0.03548043221235275,0.9884533882141113
18550,9,0.023365868255496025,0.0010546240955591202,0.022311244159936905,1.7810883522033691,0.021238256245851517,0.0011034009512513876,0.0010020621120929718,0.03439801186323166,0.9877920746803284
18600,9,0.025039484724402428,0.0011134934611618519,0.023925991728901863,1.8791251182556152,0.021351691335439682,0.0009070874657481909,0.0008190728258341551,0.036182623356580734,0.9889389872550964
18650,9,0.024593356996774673,0.0010159495286643505,0.023577407002449036,1.6455415487289429,0.021096324548125267,0.0009020149009302258,0.0008476570947095752,0.034591834992170334,0.9910944104194641
18700,9,0.02564156986773014,0.0008708389359526336,0.02477073110640049,1.9240074157714844,0.021310854703187943,0.0010774487163871527,0.0010104549583047628,0.037370823323726654,0.9904044270515442
18750,9,0.02520284615457058,0.0010881933849304914,0.02411465346813202,1.692133903503418,0.021310994401574135,0.0010859488975256681,0.0010155952768400311,0.03578637167811394,0.989533543586731
18800,9,0.025605028495192528,0.0010552032617852092,0.024549825116991997,1.6859798431396484,0.020954100415110588,0.0013649248285219073,0.0012805877486243844,0.03670139238238335,0.989204466342926
18850,9,0.027583051472902298,0.0009543318883515894,0.02662871964275837,1.7628064155578613,0.02113286405801773,0.0008786412654444575,0.0008551649516448379,0.038152024149894714,0.9894064664840698
18900,9,0.030553001910448074,0.0017933053895831108,0.02875969558954239,1.8252977132797241,0.020817682147026062,0.0009506350615993142,0.0008882279507815838,0.04153916984796524,0.98957359790802
18950,9,0.025736501440405846,0.0010137443896383047,0.024722756817936897,1.705840826034546,0.021166637539863586,0.0011726589873433113,0.0010896685998886824,0.036549199372529984,0.9894368052482605
19000,9,0.021947920322418213,0.0007183035486377776,0.021229617297649384,1.622429370880127,0.020942188799381256,0.0008986522443592548,0.0008471938781440258,0.03182685375213623,0.990556538105011
19050,9,0.02460302785038948,0.000890030525624752,0.023712996393442154,1.8571710586547852,0.020793020725250244,0.0008776275208219886,0.0008480469696223736,0.03563535213470459,0.9894700050354004
19100,9,0.025299370288848877,0.00103792455047369,0.02426144666969776,1.7528114318847656,0.021080169826745987,0.0011201973538845778,0.0011104465229436755,0.036315154284238815,0.9913842678070068
19150,9,0.02431742288172245,0.0008940806146711111,0.023423342034220695,1.7842307090759277,0.020900500938296318,0.0011049932800233364,0.0010618215892463923,0.03542628884315491,0.9894508123397827
19200,9,0.024324635043740273,0.0009890907676890492,0.023335544392466545,1.6659936904907227,0.020807834342122078,0.000951221794821322,0.0008884079870767891,0.03451504185795784,0.9880280494689941
19250,9,0.029787419363856316,0.0013872792478650808,0.02840013988316059,1.5619491338729858,0.021005284041166306,0.001186842331662774,0.00110502983443439,0.03991004452109337,0.989435613155365
19300,9,0.02646205760538578,0.0009035098482854664,0.02555854804813862,1.7432934045791626,0.02082652784883976,0.0012481948360800743,0.0011833223979920149,0.03763086721301079,0.9886608123779297
19350,9,0.025950325652956963,0.0010739401914179325,0.024876385927200317,1.7189604043960571,0.020882155746221542,0.0008841476519592106,0.000820812419988215,0.03627097234129906,0.9921387434005737
19400,9,0.02366752363741398,0.000978288589976728,0.02268923446536064,1.6996641159057617,0.02060873433947563,0.0009130666148848832,0.0007984464755281806,0.033897966146469116,0.9878164529800415
19450,9,0.026303868740797043,0.0010493351146578789,0.02525453269481659,1.6958427429199219,0.02056458219885826,0.001196958008222282,0.0011264558415859938,0.0371270589530468,0.9925823211669922
19500,9,0.025472519919276237,0.001074954867362976,0.02439756505191326,1.8103790283203125,0.020850280299782753,0.0012208744883537292,0.0011020449455827475,0.03686818480491638,0.9905296564102173
19550,9,0.024787815287709236,0.0008760470082052052,0.023911768570542336,1.6717121601104736,0.02087734453380108,0.0007447788375429809,0.0006973155541345477,0.034609343856573105,0.9899927973747253
19600,9,0.025731286033988,0.0009897424606606364,0.02474154345691204,1.7415761947631836,0.020647522062063217,0.0010241727577522397,0.0010005293879657984,0.03648452088236809,0.9912784695625305
19650,9,0.02834269404411316,0.0010909009724855423,0.027251793071627617,1.6380220651626587,0.020599424839019775,0.0010654338402673602,0.001022191601805389,0.038641031831502914,0.9901333451271057
19700,9,0.02197771705687046,0.000762636074796319,0.021215081214904785,1.7067142724990845,0.020582884550094604,0.0010141264647245407,0.0009759767563082278,0.03252197429537773,0.9891990423202515
19750,9,0.025269746780395508,0.0009277145727537572,0.02434203214943409,1.655890703201294,0.02058716118335724,0.0009020949364639819,0.0007880725897848606,0.03525995463132858,0.989364504814148
19800,9,0.02454514056444168,0.0009753731428645551,0.02356976829469204,1.5375170707702637,0.020652417093515396,0.0009646336548030376,0.0008447567233815789,0.03406276926398277,0.9899404048919678
19850,9,0.02584809809923172,0.0008542761206626892,0.02499382197856903,1.6467695236206055,0.02047988399863243,0.0011162387672811747,0.0010221065022051334,0.036240771412849426,0.9909838438034058
19900,9,0.023039622232317924,0.0008653962286189198,0.022174226120114326,1.7286336421966553,0.02067316696047783,0.0008522632997483015,0.0008184971520677209,0.03337422013282776,0.9912070035934448
19950,9,0.02301388792693615,0.000849535979796201,0.022164352238178253,1.6643383502960205,0.020508889108896255,0.001076296204701066,0.0010297719854861498,0.033462151885032654,0.9910733103752136
20000,9,0.02330522984266281,0.0009981077164411545,0.022307122126221657,1.6760971546173096,0.02066202089190483,0.0009507757495157421,0.000863834226038307,0.03352098912000656,0.9912804961204529
20050,9,0.024460481479763985,0.0008283628849312663,0.023632118478417397,1.695305585861206,0.020485220476984978,0.0007840823382139206,0.0007276632823050022,0.03446923941373825,0.9904651641845703
20100,9,0.024253327399492264,0.0010555873159319162,0.02319774031639099,1.7065068483352661,0.02024994045495987,0.0008056271472014487,0.0007995110936462879,0.03441125154495239,0.9902821183204651
20150,9,0.02320932410657406,0.0006995217991061509,0.022509802132844925,1.7380142211914062,0.02030082792043686,0.0007238324033096433,0.0006901100277900696,0.033333636820316315,0.9911844730377197
20200,9,0.023611221462488174,0.0010548742720857263,0.022556347772479057,1.7051857709884644,0.020188093185424805,0.0007992920000106096,0.0007361873285844922,0.03369281440973282,0.9916701912879944
20250,10,0.02407589741051197,0.0008156326366588473,0.023260265588760376,1.653687834739685,0.020149320363998413,0.0006998366443440318,0.0006628910778090358,0.033727213740348816,0.9913172721862793
20300,10,0.025078529492020607,0.0009274471667595208,0.024151083081960678,1.6306548118591309,0.02022390626370907,0.000981788500212133,0.000920603983104229,0.035154420882463455,0.989169716835022
20350,10,0.023609446361660957,0.0008492860943078995,0.022760160267353058,1.7086350917816162,0.020046541467308998,0.0008101316052488983,0.0007634353823959827,0.03374623507261276,0.991351306438446
20400,10,0.021877827122807503,0.0009072684915736318,0.020970558747649193,1.7544177770614624,0.020104456692934036,0.000804033363237977,0.0007127434946596622,0.03218679502606392,0.98946213722229
20450,10,0.023852871730923653,0.0009759103413671255,0.022876961156725883,1.6859509944915771,0.02012925036251545,0.0007250342750921845,0.00069243717007339,0.0337202288210392,0.9896396398544312
20500,10,0.02367655746638775,0.0008818752830848098,0.022794682532548904,1.699096918106079,0.020151875913143158,0.0008620292646810412,0.0008230527164414525,0.03387727588415146,0.9920756220817566
20550,10,0.024654339998960495,0.0009981031762436032,0.02365623600780964,1.7967932224273682,0.020259451121091843,0.0010154021438211203,0.0009707599529065192,0.03564472496509552,0.9923224449157715
20600,10,0.02602088637650013,0.001116670435294509,0.024904215708374977,1.7102775573730469,0.020029829815030098,0.0008050863398239017,0.0007692869403399527,0.03616667911410332,0.9908557534217834
20650,10,0.022676143795251846,0.0009065937483683228,0.021769549697637558,1.6610831022262573,0.02000739797949791,0.0008019176311790943,0.0007445095689035952,0.03254799172282219,0.9912478923797607
20700,10,0.024289961904287338,0.001026770332828164,0.023263191804289818,1.5716264247894287,0.01998741924762726,0.0007889188127592206,0.000750942446757108,0.033707939088344574,0.9904984831809998
20750,10,0.024553781375288963,0.0009519796585664153,0.023601802065968513,1.7121050357818604,0.020153146237134933,0.0007947116973809898,0.0007299068383872509,0.03465908020734787,0.9916576743125916
20800,10,0.023968607187271118,0.0008899484528228641,0.023078659549355507,1.6854363679885864,0.019909324124455452,0.0007754562539048493,0.0007101728115230799,0.03390132635831833,0.9912200570106506
20850,10,0.026518719270825386,0.0009921517921611667,0.025526568293571472,1.6692759990692139,0.019876623526215553,0.0008077829843387008,0.0007615933427587152,0.03645435348153114,0.9909821152687073
20900,10,0.025151070207357407,0.001028222730383277,0.024122847244143486,1.5968775749206543,0.019752521067857742,0.0008694172720424831,0.0007665558950975537,0.03479118272662163,0.9890521764755249
20950,10,0.02542220614850521,0.0008897066581994295,0.02453249879181385,1.638875961303711,0.019817495718598366,0.0010607740841805935,0.0009631991269998252,0.03566037863492966,0.9921455383300781
21000,10,0.02360902726650238,0.0010062637738883495,0.022602763026952744,1.7246124744415283,0.019994180649518967,0.0008510702755302191,0.000799609231762588,0.033902764320373535,0.9918501973152161
21050,10,0.023859698325395584,0.0008609218639321625,0.02299877628684044,1.7043557167053223,0.01992722600698471,0.0010028349934145808,0.0009527414804324508,0.0343569777905941,0.9922795295715332
21100,10,0.02443741448223591,0.0009557123994454741,0.0234817024320364,1.6947396993637085,0.019886275753378868,0.0007811955292709172,0.0007323342724703252,0.03444452956318855,0.9916570782661438
21150,10,0.024902841076254845,0.000978052499704063,0.02392478846013546,1.770188808441162,0.01998068206012249,0.0007973458850756288,0.0007805039058439434,0.03535161912441254,0.9920419454574585
21200,10,0.027043214067816734,0.0009639611234888434,0.026079252362251282,1.5721595287322998,0.019743990153074265,0.0009438656270503998,0.0008356557809747756,0.03670327737927437,0.9919321537017822
21250,10,0.02577546238899231,0.0009023952297866344,0.024873066693544388,1.6329617500305176,0.019905267283320427,0.0010718086268752813,0.0009911319939419627,0.03602311387658119,0.993111252784729
21300,10,0.02389654889702797,0.0009143361821770668,0.022982211783528328,1.6328372955322266,0.019822292029857635,0.0007814670098014176,0.0007459300104528666,0.033607952296733856,0.9912877678871155
21350,10,0.02488907426595688,0.0008467267034575343,0.024042347446084023,1.623810052871704,0.01963159814476967,0.0007505570538341999,0.0007329554646275938,0.0345112681388855,0.9935222268104553
21400,10,0.02387121319770813,0.0008635542471893132,0.02300765924155712,1.7318742275238037,0.019762810319662094,0.0008733965223655105,0.0007836781442165375,0.03420742228627205,0.991133451461792
21450,10,0.021678496152162552,0.000769845733884722,0.020908650010824203,1.8400386571884155,0.019851986318826675,0.0008355558384209871,0.0007798793376423419,0.032513976097106934,0.9913269281387329
21500,10,0.025857821106910706,0.0010538781061768532,0.024803942069411278,1.7147551774978638,0.020104724913835526,0.0008523390861228108,0.0007722640875726938,0.03607630729675293,0.992340087890625
21550,10,0.026773255318403244,0.0010230646003037691,0.025750190019607544,1.5652214288711548,0.019793249666690826,0.0008716261363588274,0.0008412551833316684,0.036332037299871445,0.9905564785003662
21600,10,0.02443661168217659,0.000821300782263279,0.023615309968590736,1.7851927280426025,0.019790902733802795,0.0008185352198779583,0.0007659439579583704,0.0349668450653553,0.9927272200584412
21650,10,0.023343980312347412,0.0010236093075945973,0.022320371121168137,1.7616770267486572,0.01977488026022911,0.000985139748081565,0.0009167848620563745,0.03407406434416771,0.9921965599060059
21700,10,0.022092485800385475,0.001020344439893961,0.0210721418261528,1.8400278091430664,0.02010418474674225,0.0009058753494173288,0.000843282206915319,0.03306188806891441,0.9926133155822754
21750,10,0.02420179732143879,0.0008088599424809217,0.0233929380774498,1.7197821140289307,0.019966434687376022,0.0009865134488791227,0.0009556434815749526,0.03476283326745033,0.9910217523574829
21800,10,0.023535363376140594,0.0009537381120026112,0.02258162572979927,1.7193318605422974,0.020126312971115112,0.0008635527337901294,0.0007804174674674869,0.033796120434999466,0.9923776388168335
21850,10,0.023820724338293076,0.000795351283159107,0.023025372996926308,1.707648754119873,0.019851988181471825,0.0009518549195490777,0.0008606626652181149,0.03419133648276329,0.9933059215545654
21900,10,0.024924755096435547,0.0008148435736075044,0.024109911173582077,1.7576000690460205,0.019786778837442398,0.0008005260024219751,0.0007735012914054096,0.03530656918883324,0.9939599633216858
21950,10,0.022960253059864044,0.0009159822948276997,0.022044271230697632,1.6878602504730225,0.019887292757630348,0.0008786493563093245,0.0007833166746422648,0.033081408590078354,0.9917425513267517
22000,10,0.02272600680589676,0.0008796858601272106,0.02184632048010826,1.739324927330017,0.019916852936148643,0.0007658959366381168,0.0007008857210166752,0.0329093262553215,0.9925304651260376
22050,10,0.024781104177236557,0.0009264950640499592,0.023854609578847885,1.7469258308410645,0.019901420921087265,0.0009027770720422268,0.0008792662410996854,0.03531767800450325,0.9943944215774536
22100,10,0.022572848945856094,0.0008464111015200615,0.021726438775658607,1.659895658493042,0.01996973156929016,0.0008373900782316923,0.0007788573275320232,0.032508544623851776,0.9933979511260986
22150,10,0.024009687826037407,0.0009549452806822956,0.02305474318563938,1.722143530845642,0.01990344375371933,0.000745047815144062,0.0007056505419313908,0.034091006964445114,0.9950443506240845
22200,10,0.02453417330980301,0.0009158877655863762,0.023618286475539207,1.6805288791656494,0.019861001521348953,0.0007809244561940432,0.0007403012714348733,0.03447790443897247,0.9926275610923767
22250,10,0.023903803899884224,0.0009130471153184772,0.022990757599473,1.6805355548858643,0.019917041063308716,0.0009635339956730604,0.0009276559576392174,0.03421758487820625,0.992364227771759
22300,10,0.02207680605351925,0.000999530078843236,0.021077275276184082,1.5900683403015137,0.019840896129608154,0.0007405717624351382,0.0007047563558444381,0.031492315232753754,0.9942797422409058
22350,10,0.02267233282327652,0.0009485757327638566,0.021723756566643715,1.6686491966247559,0.019804004579782486,0.0008826563134789467,0.0007769472431391478,0.0326949842274189,0.9918379783630371
22400,10,0.026158548891544342,0.0008874350460246205,0.025271113961935043,1.6306238174438477,0.01962929591536522,0.0009492121171206236,0.0008848193101584911,0.036165326833724976,0.9921660423278809
22450,10,0.022971883416175842,0.0007704528979957104,0.022201430052518845,1.5576173067092896,0.019591523334383965,0.001006278209388256,0.0009459329885430634,0.03273177146911621,0.9939069151878357
22500,11,0.02143888734281063,0.0007895744638517499,0.020649312064051628,1.7057416439056396,0.019587814807891846,0.0007160007953643799,0.0006986440275795758,0.031401827931404114,0.9930840730667114
22550,11,0.02318890206515789,0.0007457199972122908,0.02244318276643753,1.6897048950195312,0.01955709606409073,0.0007275367388501763,0.0006818385445512831,0.03306635841727257,0.9924108982086182
22600,11,0.024562785401940346,0.0007488495903089643,0.02381393499672413,1.641034722328186,0.01973593980073929,0.0007852170965634286,0.0007326777558773756,0.03430559113621712,0.9945268630981445
22650,11,0.021301332861185074,0.0008540439885109663,0.02044728957116604,1.6507246494293213,0.01964516192674637,0.0009653782472014427,0.0009357613162137568,0.0314757414162159,0.9944394826889038
22700,11,0.023488936945796013,0.0009446187177672982,0.022544318810105324,1.8468034267425537,0.019637295976281166,0.0009083274053409696,0.0008401474333368242,0.03449106588959694,0.9938375949859619
22750,11,0.023853830993175507,0.0009871004149317741,0.022866731509566307,1.648887276649475,0.019703777506947517,0.0009585873922333121,0.0008485332364216447,0.03392508998513222,0.9933900237083435
22800,11,0.02450171485543251,0.000893296324647963,0.023608418181538582,1.6575475931167603,0.01987755484879017,0.0009830978233367205,0.0009297695942223072,0.03472219780087471,0.9931991100311279
22850,11,0.022919727489352226,0.000782483140937984,0.022137245163321495,1.842632532119751,0.01964745670557022,0.0008013542974367738,0.0007077095797285438,0.033661600202322006,0.9935668706893921
22900,11,0.021426938474178314,0.0008822122472338378,0.02054472640156746,1.5845377445220947,0.019831188023090363,0.0006349022733047605,0.0006093116826377809,0.030613671988248825,0.9930226802825928
22950,11,0.025071702897548676,0.0009767143055796623,0.02409498766064644,1.7461345195770264,0.01969851180911064,0.0007131653255783021,0.0006830734782852232,0.035218313336372375,0.9936317801475525
23000,11,0.02220931649208069,0.0007480381173081696,0.021461278200149536,1.8166618347167969,0.019925888627767563,0.0008478022646158934,0.0007852555718272924,0.03294561058282852,0.9935458898544312
23050,11,0.022022847086191177,0.0009641462820582092,0.02105870097875595,1.5844500064849854,0.019827455282211304,0.0009837744291871786,0.0008818909409455955,0.03183059021830559,0.9945148825645447
23100,11,0.02176663652062416,0.0009441428119316697,0.020822493359446526,1.7014070749282837,0.019745729863643646,0.0010304022580385208,0.0009459183784201741,0.032269738614559174,0.9940547943115234
23150,11,0.02178429812192917,0.0008753663278184831,0.020908931270241737,1.6096712350845337,0.01967388391494751,0.0009050410590134561,0.0008684539934620261,0.03162582218647003,0.991065502166748
23200,11,0.02603531815111637,0.0010921251960098743,0.024943193420767784,1.6862736940383911,0.01996842585504055,0.0010463667567819357,0.0009768985910341144,0.036509919911623,0.9936824440956116
23250,11,0.021721335127949715,0.0008795413887128234,0.020841794088482857,1.6712448596954346,0.01986333169043064,0.0008062669658102095,0.0007631533080711961,0.031666841357946396,0.9937012195587158
23300,11,0.023858388885855675,0.0009326488943770528,0.022925740107893944,1.7096927165985107,0.01980464905500412,0.0008332440629601479,0.0007922478835098445,0.03405214846134186,0.9918168783187866
23350,11,0.02499818429350853,0.0008794358000159264,0.024118749424815178,1.6712467670440674,0.01966930739581585,0.0008890671888366342,0.0008072939235717058,0.03507044538855553,0.9927364587783813
23400,11,0.02603175863623619,0.0010562982643023133,0.024975460022687912,1.7484557628631592,0.019866447895765305,0.0009457901469431818,0.0008748904219828546,0.03661458194255829,0.9923131465911865
23450,11,0.02318074181675911,0.0008649834198877215,0.02231575921177864,1.6168321371078491,0.019534733146429062,0.0008386834524571896,0.0007776000420562923,0.032900720834732056,0.9925709366798401
23500,11,0.02600625902414322,0.000802226597443223,0.02520403265953064,1.5855162143707275,0.019541317597031593,0.0007616390939801931,0.0007466942770406604,0.03546171635389328,0.9931344985961914
23550,11,0.023217709735035896,0.0008952716598287225,0.022322438657283783,1.7135813236236572,0.019628703594207764,0.0007398551097139716,0.0007053465233184397,0.03325044363737106,0.9934460520744324
23600,11,0.024032888934016228,0.0008383382810279727,0.023194551467895508,1.6204267740249634,0.019671278074383736,0.0008577567641623318,0.0008080087136477232,0.03382045775651932,0.9942450523376465
23650,11,0.02190735749900341,0.0008476636721752584,0.02105969376862049,1.6795190572738647,0.019588302820920944,0.0006647759582847357,0.0006267112912610173,0.031616028398275375,0.9923052787780762
23700,11,0.02466374821960926,0.0008987143519334495,0.02376503311097622,1.679443597793579,0.019488506019115448,0.0007414708379656076,0.0006968805682845414,0.034518808126449585,0.9918224811553955
23750,11,0.023921078070998192,0.0008885449497029185,0.02303253300487995,1.6510581970214844,0.019569789990782738,0.0007100101211108267,0.0006508796359412372,0.033556826412677765,0.9913731813430786
23800,11,0.022849632427096367,0.0007441896013915539,0.022105442360043526,1.79850172996521,0.01938692294061184,0.0006986357620917261,0.0006316483486443758,0.03319181129336357,0.9933167695999146
23850,11,0.02290893904864788,0.0008656451245769858,0.022043293341994286,1.6428710222244263,0.01945517398416996,0.0014744183281436563,0.001407276140525937,0.0340244434773922,0.9933218359947205
23900,11,0.021967392414808273,0.0008686521905474365,0.02109874039888382,1.622740626335144,0.01938444934785366,0.0007580112433061004,0.0007095407345332205,0.03156803175806999,0.9931819438934326
23950,11,0.022719014436006546,0.000782883376814425,0.02193613164126873,1.573291301727295,0.019264323636889458,0.0009270773152820766,0.0008301504421979189,0.0323619619011879,0.9938862323760986
24000,11,0.02434106357395649,0.0010712972143664956,0.023269766941666603,1.585677146911621,0.019145462661981583,0.0012472487287595868,0.0011759188491851091,0.03471175953745842,0.9928784966468811
24050,11,0.024412602186203003,0.0008052230114117265,0.02360737882554531,1.6806522607803345,0.01917431131005287,0.0007648436585441232,0.0007326087215915322,0.03433248773217201,0.9946990013122559
24100,11,0.022753093391656876,0.0009273206815123558,0.021825773641467094,1.5501515865325928,0.01893843710422516,0.0009271317976526916,0.0009195732418447733,0.03236949443817139,0.9936848878860474
24150,11,0.02481820620596409,0.0008438042132183909,0.023974401876330376,1.6841734647750854,0.01916760392487049,0.0008234060369431973,0.0007971862214617431,0.03487883135676384,0.9934277534484863
24200,11,0.02390250191092491,0.0009026355110108852,0.02299986593425274,1.613664150238037,0.019072456285357475,0.000786161981523037,0.0007363191107288003,0.03351237624883652,0.9919335246086121
24250,11,0.023085132241249084,0.0008541367133148015,0.022230995818972588,1.711043357849121,0.018853474408388138,0.0010767552303150296,0.0010067380499094725,0.033742696046829224,0.994381308555603
24300,11,0.02259652502834797,0.0007399559253826737,0.02185656875371933,1.7525122165679932,0.018950454890727997,0.0007194055942818522,0.0006859090644866228,0.032783348113298416,0.9917190074920654
24350,11,0.021295035257935524,0.0009558345191180706,0.020339200273156166,1.633897066116333,0.018835468217730522,0.0008023410337045789,0.0007637711241841316,0.031049467623233795,0.9952855110168457
24400,11,0.02408275380730629,0.0008550449274480343,0.023227708414196968,1.7323046922683716,0.018707089126110077,0.0007701064459979534,0.0007171776378527284,0.03425027057528496,0.9913334250450134
24450,11,0.02107284404337406,0.0007060234202072024,0.020366821438074112,1.6905901432037354,0.018770866096019745,0.0007542767561972141,0.0006819948903284967,0.03098083660006523,0.992995023727417
24500,11,0.02287803404033184,0.0007696985267102718,0.02210833504796028,1.5642433166503906,0.01888544298708439,0.0008688827510923147,0.0008130627684295177,0.03240007907152176,0.9936221837997437
24550,11,0.023615188896656036,0.0008491252083331347,0.02276606298983097,1.5282279253005981,0.018750619143247604,0.0008957831305451691,0.0008789694984443486,0.03304983302950859,0.9952672719955444
24600,11,0.022476235404610634,0.0009648649720475078,0.021511370316147804,1.675275444984436,0.018961910158395767,0.0006832863437011838,0.0006492934189736843,0.03220415487885475,0.9946733713150024
24650,11,0.022000662982463837,0.0009421510621905327,0.02105851098895073,1.6968536376953125,0.018812717869877815,0.0008946491871029139,0.0008182603633031249,0.03221665322780609,0.9905744791030884
24700,12,0.022370507940649986,0.0008288719109259546,0.021541636437177658,1.598661184310913,0.018737684935331345,0.0007914894376881421,0.0007399881724268198,0.03191402927041054,0.9925127029418945
24750,12,0.023172438144683838,0.0007830965332686901,0.02238934114575386,1.6328014135360718,0.018626924604177475,0.0008040419197641313,0.0008052140474319458,0.032964326441287994,0.9921603202819824
24800,12,0.023811014369130135,0.0009642392979003489,0.022846775129437447,1.6721171140670776,0.018351733684539795,0.0008804076933301985,0.0008348295232281089,0.033905185759067535,0.9930903315544128
24850,12,0.022601818665862083,0.000871653261128813,0.02173016592860222,1.601424217224121,0.018477581441402435,0.0007612105691805482,0.0007449720287695527,0.03213360160589218,0.9928103685379028
24900,12,0.02243715152144432,0.0007792397518642247,0.0216579120606184,1.7368197441101074,0.018550604581832886,0.0010400523897260427,0.0009860671125352383,0.03316592052578926,0.9914531111717224
24950,12,0.0246613509953022,0.0009076009737327695,0.023753749206662178,1.6556020975112915,0.018628131598234177,0.0009427402401342988,0.0008789104176685214,0.034779638051986694,0.9950118660926819
25000,12,0.02494250237941742,0.0008937832317315042,0.02404871955513954,1.6301519870758057,0.0187673382461071,0.001168830320239067,0.0011075569782406092,0.03538841754198074,0.9927294254302979
25050,12,0.022662805393338203,0.0008834887994453311,0.021779317408800125,1.67249596118927,0.01882188394665718,0.0008662856416776776,0.0007886647945269942,0.03269905596971512,0.9936067461967468
25100,12,0.022324517369270325,0.0009645551908761263,0.021359961479902267,1.5716243982315063,0.018825871869921684,0.000869942712597549,0.0007979013025760651,0.0318693071603775,0.9912546873092651
25150,12,0.025107940658926964,0.0010801705066114664,0.02402777038514614,1.5397882461547852,0.018878592178225517,0.0009208781993947923,0.0008871568716131151,0.03463379666209221,0.9936469793319702
25200,12,0.02275577373802662,0.0009014328243210912,0.02185434103012085,1.6987135410308838,0.01853330060839653,0.001015370013192296,0.000969637418165803,0.03325287997722626,0.99346923828125
25250,12,0.02416599541902542,0.0008654516423121095,0.023300543427467346,1.6906269788742065,0.018448978662490845,0.0007648371392861009,0.0007048592669889331,0.0341072753071785,0.9927142858505249
25300,12,0.024101534858345985,0.0008250102400779724,0.023276524618268013,1.5167241096496582,0.018541555851697922,0.0008862662361934781,0.0008693753043189645,0.03345933556556702,0.993079662322998
25350,12,0.0236737672239542,0.0008848045254126191,0.022788962349295616,1.61919105052948,0.018264520913362503,0.0007615166250616312,0.0007021265337243676,0.03325163200497627,0.9918938875198364
25400,12,0.024481594562530518,0.0007601967663504183,0.023721396923065186,1.5999740362167358,0.01836341992020607,0.0007607000879943371,0.000741714087780565,0.034002240747213364,0.9924890995025635
25450,12,0.02329079434275627,0.0008180550066754222,0.022472739219665527,1.759945273399353,0.01815057545900345,0.0008550237398594618,0.000824621063657105,0.03378831595182419,0.991665244102478
25500,12,0.021665191277861595,0.0007865650113672018,0.02087862603366375,1.6655702590942383,0.01824747771024704,0.0009305680287070572,0.0008952575735747814,0.03183711692690849,0.9903571605682373
25550,12,0.02217237651348114,0.0008112952345982194,0.021361080929636955,1.585696816444397,0.018256355077028275,0.0006255773478187621,0.000611673342064023,0.031356364488601685,0.9923428297042847
25600,12,0.02288961224257946,0.0008200239390134811,0.02206958830356598,1.6997286081314087,0.018124010413885117,0.0007073911256156862,0.000678352196700871,0.032792121171951294,0.9928543567657471
25650,12,0.022926760837435722,0.0009036383125931025,0.022023122757673264,1.756603717803955,0.017911778762936592,0.0009606215171515942,0.0008767333347350359,0.03356504440307617,0.9916051626205444
25700,12,0.022310616448521614,0.0008586540352553129,0.021451963111758232,1.6833829879760742,0.017900802195072174,0.00064943014876917,0.0006145283696241677,0.032009389251470566,0.9923772215843201
25750,12,0.022774627432227135,0.0009189855773001909,0.021855641156435013,1.7678377628326416,0.017875641584396362,0.0008202555472962558,0.0007850637775845826,0.03323701024055481,0.9914721250534058
25800,12,0.020834533497691154,0.0007942636148072779,0.020040269941091537,1.7809113264083862,0.0180473942309618,0.0008482850389555097,0.0007974733598530293,0.031402893364429474,0.9908449649810791
25850,12,0.024273639544844627,0.0007502982625737786,0.023523341864347458,1.6789648532867432,0.018085937947034836,0.0007267851615324616,0.0006617929320782423,0.03407512977719307,0.9920650720596313
25900,12,0.02414056286215782,0.0008078329847194254,0.023332729935646057,1.5763170719146729,0.017877407371997833,0.0008685209322720766,0.0008379354840144515,0.03374648094177246,0.9920434951782227
25950,12,0.02445099502801895,0.0008871867321431637,0.0235638078302145,1.5885592699050903,0.017595065757632256,0.0007858577882871032,0.0007714056991972029,0.03396864980459213,0.9911274313926697
26000,12,0.021721897646784782,0.0007184313144534826,0.021003466099500656,1.5727171897888184,0.017612826079130173,0.0007216898375190794,0.0006813068175688386,0.031006094068288803,0.9908009767532349
26050,12,0.02543722838163376,0.0009287946159020066,0.024508433416485786,1.620741367340088,0.017566483467817307,0.0007410000544041395,0.0006985461222939193,0.03499804437160492,0.9911770820617676
26100,12,0.0231806468218565,0.0010728337801992893,0.022107813507318497,1.8116223812103271,0.01768874004483223,0.0008063939749263227,0.0007304183673113585,0.03379325941205025,0.9904592633247375
26150,12,0.021837757900357246,0.000940987141802907,0.02089677006006241,1.7321710586547852,0.01757347211241722,0.0007883841171860695,0.0007332621025852859,0.03203783184289932,0.9912161231040955
26200,12,0.02376619540154934,0.000747836020309478,0.023018360137939453,1.694337248802185,0.017643354833126068,0.0007187199080362916,0.0006677762721665204,0.03364202007651329,0.9922463893890381
26250,12,0.024384954944252968,0.0009318168740719557,0.023453138768672943,1.5535597801208496,0.017637375742197037,0.0008299691835418344,0.0007933679735288024,0.033793725073337555,0.9898405075073242
26300,12,0.02281307242810726,0.0009725474519655108,0.021840525791049004,1.6476104259490967,0.01743191108107567,0.0008729294640943408,0.0008169623324647546,0.0327584482729435,0.990994393825531
26350,12,0.024572480469942093,0.000923323561437428,0.023649156093597412,1.6701899766921997,0.017514772713184357,0.0009055309928953648,0.0008539133705198765,0.034700389951467514,0.9923758506774902
26400,12,0.022872740402817726,0.0007954036118462682,0.02207733690738678,1.6306504011154175,0.017401251941919327,0.0006986608495935798,0.0006750368629582226,0.032417088747024536,0.9905669093132019
26450,12,0.02309676632285118,0.0009497599676251411,0.022147007286548615,1.5831573009490967,0.017383798956871033,0.0008801112999208272,0.0007971747545525432,0.032707225531339645,0.9924687147140503
26500,12,0.025009414181113243,0.000924761698115617,0.024084651842713356,1.5463745594024658,0.01733485609292984,0.0009575106087140739,0.0009056056733243167,0.03462173417210579,0.9930883049964905
26550,12,0.022386381402611732,0.0008081813575699925,0.021578200161457062,1.6403374671936035,0.017242273315787315,0.0007463946240022779,0.000673557398840785,0.03202526271343231,0.9912905693054199
26600,12,0.021144982427358627,0.0007351144449785352,0.02040986716747284,1.6500840187072754,0.017218034714460373,0.0007165942806750536,0.000665297731757164,0.03079451248049736,0.9929872751235962
26650,12,0.023160060867667198,0.0007610148168168962,0.022399045526981354,1.6685574054718018,0.017287295311689377,0.0007664676522836089,0.0007278992561623454,0.03301450237631798,0.9914838075637817
26700,12,0.02358502335846424,0.0007907191757112741,0.02279430441558361,1.610158920288086,0.01716090738773346,0.0007446782547049224,0.0007067257538437843,0.03310438245534897,0.9922873377799988
26750,12,0.02206725999712944,0.0008461399702355266,0.021221119910478592,1.6088173389434814,0.017215492203831673,0.0008087129099294543,0.0007471899734809995,0.03168446570634842,0.991097092628479
26800,12,0.022558165714144707,0.0008768696570768952,0.021681295707821846,1.6084239482879639,0.01716337911784649,0.0008043661946430802,0.0007746267947368324,0.032196443527936935,0.9923346042633057
26850,12,0.02199961617588997,0.0007330510998144746,0.02126656472682953,1.6117510795593262,0.017156118527054787,0.0005757241160608828,0.0005639619193971157,0.031215215101838112,0.9908543229103088
26900,12,0.02172061987221241,0.0009009949862957001,0.02081962488591671,1.6742545366287231,0.017087504267692566,0.000849289121106267,0.0007779344450682402,0.03173620253801346,0.9930868148803711
26950,13,0.021740227937698364,0.0007525375112891197,0.02098769135773182,1.7475831508636475,0.017093323171138763,0.000709770480170846,0.0006638169870711863,0.0318688228726387,0.9911525249481201
27000,13,0.023138390854001045,0.0008925203583203256,0.022245870903134346,1.6501163244247437,0.016963694244623184,0.0010433148127049208,0.0009942944161593914,0.033443547785282135,0.9922769069671631
27050,13,0.020303232595324516,0.0006927947397343814,0.019610438495874405,1.645254373550415,0.016934670507907867,0.0007110961014404893,0.0006934826960787177,0.02995101734995842,0.9924774169921875
27100,13,0.020781029015779495,0.0006756425136700273,0.020105386152863503,1.6731467247009277,0.016871776431798935,0.000761377508752048,0.000717282178811729,0.030642293393611908,0.9909586906433105
27150,13,0.02241349220275879,0.0008526905439794064,0.021560801193118095,1.5950398445129395,0.016889337450265884,0.0008805032121017575,0.0008385314140468836,0.03212461248040199,0.9919167160987854
27200,13,0.022614577785134315,0.0009317692019976676,0.02168280817568302,1.7055577039718628,0.01701723411679268,0.0009682361269369721,0.0009290371090173721,0.033056654036045074,0.9926897883415222
27250,13,0.02230515517294407,0.0008372125448659062,0.021467942744493484,1.6216909885406494,0.016947312280535698,0.0008292346028611064,0.0007825235370546579,0.03204231709241867,0.9924424886703491
27300,13,0.022375578060746193,0.0008216783753596246,0.021553900092840195,1.6306588649749756,0.016957905143499374,0.001041923533193767,0.0009909227956086397,0.03257867693901062,0.9918265342712402
27350,13,0.023873234167695045,0.0007811468676663935,0.023092087358236313,1.5975549221038818,0.016797835007309914,0.0008082123240455985,0.0007827426306903362,0.033468760550022125,0.9891664981842041
27400,13,0.024449598044157028,0.0008784702513366938,0.023571128025650978,1.7060942649841309,0.01690691150724888,0.0010403541382402182,0.0009341314435005188,0.034971460700035095,0.9932186007499695
27450,13,0.021446339786052704,0.0007722785230726004,0.02067406103014946,1.5801336765289307,0.017252352088689804,0.0007134443731047213,0.0006462137680500746,0.030723918229341507,0.9913579821586609
27500,13,0.02377205342054367,0.0009360188851132989,0.02283603511750698,1.7127249240875244,0.01707792654633522,0.0007334841648116708,0.0006987540400587022,0.03378499299287796,0.9928516745567322
27550,13,0.022723563015460968,0.0008895175997167826,0.02183404564857483,1.6688872575759888,0.016975928097963333,0.00077018205774948,0.0007512431475333869,0.032606400549411774,0.9915393590927124
27600,13,0.0231692586094141,0.0008940933039411902,0.0222751647233963,1.6148862838745117,0.01704871840775013,0.0008400788065046072,0.000771913502831012,0.03287272900342941,0.9913740158081055
27650,13,0.024900052696466446,0.0008655812125653028,0.024034472182393074,1.5688037872314453,0.016774609684944153,0.0009247033740393817,0.0008662455948069692,0.034551795572042465,0.992076575756073
27700,13,0.02368607372045517,0.0009826815221458673,0.022703392431139946,1.7103493213653564,0.017049100250005722,0.0007844530045986176,0.0007508173584938049,0.033790141344070435,0.989669919013977
27750,13,0.02492573857307434,0.000794112216681242,0.02413162589073181,1.7198822498321533,0.016793623566627502,0.0008280369802378118,0.00079822086263448,0.035168200731277466,0.9932483434677124
27800,13,0.022380035370588303,0.0008341246284544468,0.021545911207795143,1.6987459659576416,0.01676768995821476,0.0007441487978212535,0.0007015522569417953,0.03233623132109642,0.9932725429534912
27850,13,0.02176564745604992,0.000942138722166419,0.020823508501052856,1.61519193649292,0.0168316513299942,0.0008409949950873852,0.000769834325183183,0.03146926686167717,0.9899439215660095
27900,13,0.02198921889066696,0.0008334493031725287,0.021155769005417824,1.6981993913650513,0.01695915497839451,0.0006853800732642412,0.0006749727763235569,0.031857527792453766,0.9920313358306885
27950,13,0.02467995509505272,0.0009390995837748051,0.0237408559769392,1.6742475032806396,0.016826340928673744,0.0008363813394680619,0.0008114440715871751,0.03471584618091583,0.9911836385726929
28000,13,0.021825134754180908,0.0008604290196672082,0.02096470631659031,1.6013567447662354,0.016911305487155914,0.0006907929200679064,0.0006593706784769893,0.03119899332523346,0.9919314384460449
28050,13,0.021442146971821785,0.000761874602176249,0.020680272951722145,1.5204554796218872,0.01687048375606537,0.0008471261244267225,0.0008100382401607931,0.030718456953763962,0.9917709827423096
28100,13,0.024032332003116608,0.0009037945419549942,0.023128537461161613,1.6532729864120483,0.016730155795812607,0.0009941980242729187,0.0009498914005234838,0.03425952047109604,0.9918099641799927
28150,13,0.02261965535581112,0.0009806472808122635,0.021639008074998856,1.7457280158996582,0.01678038015961647,0.0007403261261060834,0.0006720231613144279,0.03277742490172386,0.9903123378753662
28200,13,0.023258045315742493,0.0007204841822385788,0.022537561133503914,1.4884204864501953,0.01679888740181923,0.0007052339497022331,0.0006775602232664824,0.03209973871707916,0.9911104440689087
28250,13,0.022045403718948364,0.0007598395459353924,0.021285563707351685,1.590853214263916,0.016550790518522263,0.0006042919703759253,0.0005569853819906712,0.031177498400211334,0.9917908906936646
28300,13,0.02223130315542221,0.000828495598398149,0.021402807906270027,1.6398991346359253,0.01667073369026184,0.0008192970417439938,0.000753603526391089,0.03202036768198013,0.9903913736343384
28350,13,0.023638444021344185,0.0008395264158025384,0.022798918187618256,1.5299627780914307,0.016695670783519745,0.0008677119039930403,0.0008424574043601751,0.03301512449979782,0.9933598637580872
28400,13,0.02413739077746868,0.0008622538298368454,0.023275136947631836,1.6719815731048584,0.01670096442103386,0.0008987218607217073,0.0008557513356208801,0.03426847234368324,0.989622950553894
28450,13,0.022100068628787994,0.0007776336278766394,0.02132243476808071,1.519655466079712,0.016579370945692062,0.0007273380178958178,0.0006589251570403576,0.03110118769109249,0.9928456544876099
28500,13,0.022503769025206566,0.0008024828275665641,0.021701285615563393,1.5767076015472412,0.016799096018075943,0.0007094723405316472,0.0006551557453349233,0.031768735498189926,0.9920470714569092
28550,13,0.024649428203701973,0.0011631889501586556,0.023486239835619926,1.6385297775268555,0.016688082367181778,0.0006778981769457459,0.000635143369436264,0.03417180851101875,0.9928127527236938
28600,13,0.02381848730146885,0.0007325278129428625,0.023085959255695343,1.579487681388855,0.016731902956962585,0.0007719170534983277,0.0007323172176256776,0.03323689103126526,0.9898196458816528
28650,13,0.024523690342903137,0.0008130565402098,0.02371063455939293,1.5839570760726929,0.016808077692985535,0.0007948004640638828,0.0007457733154296875,0.034000858664512634,0.9927146434783936
28700,13,0.023261934518814087,0.0009074845584109426,0.022354450076818466,1.9301505088806152,0.016677606850862503,0.0009459189604967833,0.0008891180041246116,0.034764401614665985,0.9909924864768982
28750,13,0.02388370782136917,0.0007417483138851821,0.023141959682106972,1.5720046758651733,0.0167130995541811,0.0006376693490892649,0.0006073975237086415,0.03300550952553749,0.9911936521530151
28800,13,0.022770052775740623,0.0008172193774953485,0.021952833980321884,1.6940431594848633,0.01681552827358246,0.0007219378021545708,0.0006892918609082699,0.03266831487417221,0.9931084513664246
28850,13,0.02688760682940483,0.0012216761242598295,0.025665931403636932,1.7346651554107666,0.016611918807029724,0.001077696681022644,0.0010177809745073318,0.037673018872737885,0.9917252063751221
28900,13,0.02082229219377041,0.0008322119829244912,0.01999008096754551,1.6720141172409058,0.016668980941176414,0.001016921945847571,0.0009021771838888526,0.031118132174015045,0.991407573223114
28950,13,0.023385290056467056,0.0008973913500085473,0.022487899288535118,1.495297908782959,0.016601745039224625,0.000646436121314764,0.0006216081092134118,0.032146427780389786,0.9904032945632935
29000,13,0.023342812433838844,0.001058267429471016,0.02228454500436783,1.621516227722168,0.016667373478412628,0.0008432077011093497,0.0007927812403067946,0.03310304880142212,0.9920971989631653
29050,13,0.021077735349535942,0.0008108983747661114,0.020266836509108543,1.6167010068893433,0.016780737787485123,0.0007037255563773215,0.0006833522347733378,0.03056509979069233,0.9912358522415161
29100,13,0.02231164090335369,0.0008498971583321691,0.021461743861436844,1.6257984638214111,0.016508929431438446,0.0006665581604465842,0.0006024965550750494,0.03172619640827179,0.9927736520767212
29150,13,0.02353716269135475,0.0006542776245623827,0.022882884368300438,1.5980465412139893,0.016475258395075798,0.0006301886169239879,0.0005976149113848805,0.032771676778793335,0.9916508197784424
29200,14,0.023715563118457794,0.0007556626806035638,0.02295990101993084,1.6530909538269043,0.016663946211338043,0.0006939090089872479,0.0006650115246884525,0.033356599509716034,0.991489589214325
29250,14,0.024029087275266647,0.0009022701997309923,0.023126816377043724,1.5565013885498047,0.016541434451937675,0.0010357387363910675,0.0009734378545545042,0.03383731096982956,0.9920490980148315
29300,14,0.024354813620448112,0.0008606492192484438,0.023494163528084755,1.5382314920425415,0.016615327447652817,0.0006849818746559322,0.0006581487832590938,0.033405717462301254,0.9928553700447083
29350,14,0.022877929732203484,0.0007490705465897918,0.022128859534859657,1.7332159280776978,0.01666187308728695,0.0007128638681024313,0.0006676254561170936,0.03294115886092186,0.9927445650100708
29400,14,0.02069850265979767,0.0006791275227442384,0.020019374787807465,1.7613041400909424,0.01664632000029087,0.0007191395270638168,0.0006949151866137981,0.030935723334550858,0.9930406808853149
29450,14,0.02302522584795952,0.0009616647148504853,0.022063560783863068,1.522383689880371,0.016638536006212234,0.0007544936961494386,0.0006921244785189629,0.03210040181875229,0.9920467734336853
29500,14,0.02330291084945202,0.0008620190783403814,0.022440891712903976,1.697735071182251,0.016612937673926353,0.0007611468899995089,0.0006822107825428247,0.0332515574991703,0.9918301105499268
29550,14,0.02426185831427574,0.0008910587057471275,0.02337080053985119,1.6735785007476807,0.016604769974946976,0.0008960395934991539,0.0008626035414636135,0.034404996782541275,0.9927282929420471
29600,14,0.02191649004817009,0.0008790272404439747,0.02103746309876442,1.4948251247406006,0.01650504395365715,0.0007325275801122189,0.000689071137458086,0.030828718096017838,0.9922504425048828
29650,14,0.023423869162797928,0.0009478130959905684,0.022476056590676308,1.5916495323181152,0.016428573057055473,0.0007445539813488722,0.0006776110385544598,0.03282070904970169,0.9907823801040649
29700,14,0.02094024047255516,0.0007079048664309084,0.02023233473300934,1.5325558185577393,0.016552744433283806,0.0007595573551952839,0.0007307804189622402,0.030109910294413567,0.9920939207077026
29750,14,0.025000277906656265,0.000965014798566699,0.024035263806581497,1.5303034782409668,0.016602598130702972,0.000890106544829905,0.0008516949601471424,0.034410201013088226,0.9904930591583252
29800,14,0.026008600369095802,0.0008364313980564475,0.025172168388962746,1.5395212173461914,0.01645585149526596,0.0008310568518936634,0.0008105720044113696,0.035364288836717606,0.9919123649597168
29850,14,0.023688141256570816,0.0010258874390274286,0.02266225405037403,1.478981614112854,0.016623610630631447,0.0009305675630457699,0.0008898379746824503,0.032920077443122864,0.9913910627365112
29900,14,0.0225139819085598,0.0006966613582335413,0.021817320957779884,1.5195109844207764,0.016616392880678177,0.0007514254539273679,0.0007238213438540697,0.03160339966416359,0.9923000335693359
29950,14,0.021952887997031212,0.0006609589327126741,0.021291928365826607,1.4720864295959473,0.0164068304002285,0.0007706237956881523,0.0007384445052593946,0.030838795006275177,0.9898617267608643
30000,14,0.02252012863755226,0.0007676549721509218,0.02175247296690941,1.534726858139038,0.01663670316338539,0.0007750790100544691,0.0007108630379661918,0.031696341931819916,0.9905641078948975
30050,14,0.022416286170482635,0.0008370425784960389,0.02157924324274063,1.6086479425430298,0.016379859298467636,0.0008852473110891879,0.0008409731090068817,0.03220212832093239,0.9920551776885986
30100,14,0.023145604878664017,0.000824062037281692,0.022321542724967003,1.5429785251617432,0.016503896564245224,0.0009315077913925052,0.0008824387914501131,0.03269094601273537,0.9915946125984192
30150,14,0.021055709570646286,0.0008235903806053102,0.020232118666172028,1.5392193794250488,0.01654709503054619,0.0008107622852548957,0.0007552350289188325,0.03033434972167015,0.9904850125312805
30200,14,0.02176852338016033,0.0008769708219915628,0.020891552790999413,1.5546584129333496,0.016313647851347923,0.0009294449700973928,0.0008628066279925406,0.031350377947092056,0.9904998540878296
30250,14,0.023708662018179893,0.0007512086303904653,0.02295745350420475,1.626636266708374,0.016162864863872528,0.0008369821007363498,0.0007937640184536576,0.03348875418305397,0.9926052093505859
30300,14,0.02343173511326313,0.0008867220021784306,0.022545013576745987,1.6678366661071777,0.016459789127111435,0.0007150491001084447,0.0006632485310547054,0.03316567465662956,0.9917007684707642
30350,14,0.02296118065714836,0.0008314403239637613,0.022129740566015244,1.5907154083251953,0.01644420064985752,0.0008810497238300741,0.0008581263246014714,0.03267037868499756,0.9922057390213013
30400,14,0.024017229676246643,0.0009035450639203191,0.023113684728741646,1.7138381004333496,0.016529198735952377,0.0009599152253940701,0.000933836679905653,0.034496698528528214,0.9904525876045227
30450,14,0.02262728102505207,0.0008690888644196093,0.021758191287517548,1.7658581733703613,0.016657661646604538,0.0007723165326751769,0.0007040953496471047,0.03294964134693146,0.9889732599258423
30500,14,0.022924600169062614,0.0009071136591956019,0.02201748639345169,1.5727249383926392,0.01644083485007286,0.000885140267200768,0.0008099573315121233,0.0324997641146183,0.9928242564201355
30550,14,0.022099865600466728,0.0007882992504164577,0.02131156623363495,1.4759312868118286,0.016418609768152237,0.0006610976415686309,0.0006438595592044294,0.030800899490714073,0.9902965426445007
30600,14,0.02470751665532589,0.0008365575922653079,0.023870959877967834,1.6627682447433472,0.016348596662282944,0.000840769789647311,0.0007813642150722444,0.034659840166568756,0.9916874170303345
30650,14,0.024172155186533928,0.0010109564755111933,0.02316119894385338,1.5266039371490479,0.016511308029294014,0.0007774577825330198,0.0007365993224084377,0.033335745334625244,0.9898967742919922
30700,14,0.02372189797461033,0.0008888465235941112,0.022833051159977913,1.6987131834030151,0.016542261466383934,0.0007430956466123462,0.0007056453032419086,0.0336807481944561,0.9928175210952759
30750,14,0.023294147104024887,0.0010168664157390594,0.022277280688285828,1.5524284839630127,0.016484983265399933,0.0006775772199034691,0.0006518308073282242,0.03240218013525009,0.99102383852005
30800,14,0.021528035402297974,0.000833531201351434,0.02069450356066227,1.6268906593322754,0.016461893916130066,0.0008119409903883934,0.0007843540515750647,0.031275246292352676,0.9895933270454407
30850,14,0.022593524307012558,0.0007939398637972772,0.021799584850668907,1.5828230381011963,0.016526877880096436,0.0008211832027882338,0.0007335341069847345,0.03207888454198837,0.9910518527030945
30900,14,0.02353009767830372,0.0007203419809229672,0.02280975505709648,1.5284955501556396,0.016304928809404373,0.0007835883880034089,0.0007292999653145671,0.0327017679810524,0.9905209541320801
30950,14,0.022182101383805275,0.0008841031813062727,0.02129799872636795,1.5340862274169922,0.016178850084543228,0.0007552260649390519,0.00072721135802567,0.03135114908218384,0.991055965423584
31000,14,0.025582330301404,0.0009446324547752738,0.024637697264552116,1.5598416328430176,0.01638583093881607,0.0008174444083124399,0.0007885247468948364,0.035003893077373505,0.989586353302002
31050,14,0.02339279279112816,0.0008361084619536996,0.022556684911251068,1.5483613014221191,0.016252875328063965,0.000737887981813401,0.0006934003904461861,0.03258214145898819,0.9906023740768433
31100,14,0.023559411987662315,0.0009040416916832328,0.022655369713902473,1.6528159379959106,0.016320161521434784,0.0009292024187743664,0.0009049888467416167,0.033674005419015884,0.9930930137634277
31150,14,0.021985961124300957,0.0008265816140919924,0.021159378811717033,1.60390043258667,0.016349324956536293,0.0009427819168195128,0.0008947112364694476,0.03185930475592613,0.9900752902030945
31200,14,0.024048488587141037,0.0010253738146275282,0.02302311547100544,1.5708681344985962,0.016253992915153503,0.0009660330251790583,0.0008928235620260239,0.03377793729305267,0.9900046586990356
31250,14,0.02352643944323063,0.0009037867421284318,0.02262265235185623,1.616342306137085,0.01607346534729004,0.0009450239012949169,0.0009302729740738869,0.033499520272016525,0.9893765449523926
31300,14,0.022279730066657066,0.0008828057907521725,0.021396923810243607,1.5465903282165527,0.016305245459079742,0.0007129814475774765,0.0007069640560075641,0.031448934227228165,0.993243932723999
31350,14,0.022386109456419945,0.0010502616642042994,0.021335847675800323,1.659366250038147,0.01636790856719017,0.0008338232291862369,0.0007656137458980083,0.032298743724823,0.9918442964553833
31400,14,0.021864768117666245,0.0007407388766296208,0.02112402953207493,1.6910827159881592,0.01633446291089058,0.0007608335581608117,0.0007136320928111672,0.031810980290174484,0.9898167252540588
31450,15,0.023115793243050575,0.0007601951947435737,0.022355597466230392,1.495890736579895,0.016344327479600906,0.0007580144447274506,0.0007219883264042437,0.032091595232486725,0.9913614988327026
31500,15,0.023218540474772453,0.0009322609985247254,0.022286279127001762,1.6769274473190308,0.016344834119081497,0.0007917509065009654,0.0007153116748668253,0.0331265851855278,0.9893810749053955
31550,15,0.02223016321659088,0.0008330392884090543,0.021397123113274574,1.6946735382080078,0.0163496695458889,0.000873032258823514,0.000802270311396569,0.03239518404006958,0.9901396036148071
31600,15,0.02087501622736454,0.0008105499437078834,0.020064465701580048,1.608071208000183,0.016221407800912857,0.000826530042104423,0.0007651467458344996,0.03052327036857605,0.989661693572998
31650,15,0.021789589896798134,0.0007510927971452475,0.021038496866822243,1.5943703651428223,0.016403622925281525,0.0006825702730566263,0.000649827707093209,0.031110243871808052,0.9915047287940979
31700,15,0.0223705917596817,0.0007895358139649034,0.021581055596470833,1.5749555826187134,0.016313735395669937,0.0008413180476054549,0.000810668570920825,0.03191366791725159,0.9892001152038574
31750,15,0.022401485592126846,0.0008178646676242352,0.021583620458841324,1.487912654876709,0.016261069104075432,0.0006278351647779346,0.0005935760564170778,0.031078720465302467,0.991651177406311
31800,15,0.021936025470495224,0.000854558078572154,0.021081468090415,1.5094037055969238,0.016429826617240906,0.0008120135753415525,0.0007376798312179744,0.03104916773736477,0.98810875415802
31850,15,0.022245099768042564,0.0009426530450582504,0.021302446722984314,1.5825121402740479,0.016143755987286568,0.0007683316944167018,0.0007075184257701039,0.03164965286850929,0.9909286499023438
31900,15,0.022482385858893394,0.0008269926765933633,0.02165539376437664,1.6965603828430176,0.01639683172106743,0.0008925697766244411,0.0008401497034355998,0.03271430358290672,0.9897280931472778
31950,15,0.023358218371868134,0.000793230312410742,0.02256498858332634,1.5423675775527954,0.01626078225672245,0.0006659586797468364,0.0006337888771668077,0.032386064529418945,0.99159175157547
32000,15,0.021867576986551285,0.0008275618893094361,0.021040014922618866,1.5653460025787354,0.016030369326472282,0.0006868519121780992,0.0006477141287177801,0.03104490414261818,0.9903889298439026
32050,15,0.023647405207157135,0.0008713900460861623,0.022776015102863312,1.6624521017074585,0.01621551439166069,0.000853311677929014,0.0007968108402565122,0.0336260050535202,0.9908628463745117
32100,15,0.022356633096933365,0.0008447218569926918,0.02151191048324108,1.5670764446258545,0.01628563180565834,0.0008579808054491878,0.000817954889498651,0.03188423439860344,0.9924579858779907
32150,15,0.022201741114258766,0.0007719974964857101,0.021429743617773056,1.671182632446289,0.016403280198574066,0.0009195683524012566,0.00082987523637712,0.032323502004146576,0.9900269508361816
32200,15,0.020770713686943054,0.0006110658287070692,0.0201596487313509,1.6360836029052734,0.016303855925798416,0.0006391192437149584,0.0005984221352264285,0.030204975977540016,0.9910925030708313
32250,15,0.021578826010227203,0.0007311459630727768,0.020847680047154427,1.5684895515441895,0.016336478292942047,0.000767889607232064,0.0007077102782204747,0.030913211405277252,0.9892383813858032
32300,15,0.02115771360695362,0.0007975517073646188,0.02036016248166561,1.4844521284103394,0.01626826450228691,0.0006330949254333973,0.0005817970377393067,0.029811134561896324,0.9898159503936768
32350,15,0.02239214815199375,0.000863226130604744,0.021528922021389008,1.5954313278198242,0.016261275857686996,0.0007236271048896015,0.0006895193364471197,0.03179871290922165,0.9893753528594971
32400,15,0.0222135242074728,0.0008802313823252916,0.02133329212665558,1.5863044261932373,0.016296634450554848,0.0007423702627420425,0.0006979912286624312,0.03160170465707779,0.9899158477783203
32450,15,0.022342989221215248,0.0008710093097761273,0.021471979096531868,1.5782997608184814,0.016204729676246643,0.000817309133708477,0.0007575314957648516,0.031825534999370575,0.9913356304168701
32500,15,0.02459598518908024,0.0009331254404969513,0.023662859573960304,1.5673505067825317,0.016557347029447556,0.0006423745071515441,0.000620965613052249,0.033712636679410934,0.9897397756576538
32550,15,0.022309130057692528,0.0008765856036916375,0.0214325450360775,1.5509381294250488,0.016380108892917633,0.0006663326639682055,0.0006442489102482796,0.031390782445669174,0.9905540347099304
32600,15,0.022918712347745895,0.0008680153405293822,0.02205069735646248,1.498773455619812,0.016454890370368958,0.0007597911753691733,0.0007257065153680742,0.03191453218460083,0.9898249506950378
32650,15,0.0209446270018816,0.0007719432469457388,0.020172683522105217,1.6043716669082642,0.016163712367415428,0.0006787838647142053,0.0006214670138433576,0.030282901600003242,0.9880328178405762
32700,15,0.024426711723208427,0.0008727275999262929,0.023553984239697456,1.5706616640090942,0.0161246620118618,0.0006473301909863949,0.0006143195205368102,0.033557794988155365,0.9893012046813965
32750,15,0.023912928998470306,0.0009184979135170579,0.022994430735707283,1.6403119564056396,0.01640714704990387,0.0008701732149347663,0.0007841920014470816,0.03378526121377945,0.9886277914047241
32800,15,0.021217085421085358,0.0008275940781459212,0.020389491692185402,1.764850378036499,0.016332320868968964,0.0008090856717899442,0.0007346822530962527,0.0316014364361763,0.9872727990150452
32850,15,0.023885883390903473,0.000916364835575223,0.02296951785683632,1.562007188796997,0.016175270080566406,0.0007885800441727042,0.000697422306984663,0.033198095858097076,0.9894251227378845
32900,15,0.024903740733861923,0.0011611806694418192,0.023742560297250748,1.6153761148452759,0.016195587813854218,0.0008736946620047092,0.000862480781506747,0.034732989966869354,0.9893825054168701
32950,15,0.021535422652959824,0.0008611281518824399,0.020674293860793114,1.522348403930664,0.016160644590854645,0.0008153041126206517,0.0007413474377244711,0.030719976872205734,0.9892869591712952
33000,15,0.024035213515162468,0.0008794591994956136,0.023155754432082176,1.5117675065994263,0.01621237024664879,0.0006553655257448554,0.0006175457383506,0.0328831747174263,0.9894073009490967
33050,15,0.021191401407122612,0.0008122894214466214,0.020379111170768738,1.418619155883789,0.01621204800903797,0.0006426398176699877,0.0006079875165596604,0.02955133654177189,0.9902339577674866
33100,15,0.02118293195962906,0.0007369044469669461,0.02044602669775486,1.4121873378753662,0.01624552346765995,0.0007121608359739184,0.0006588906981050968,0.02963116765022278,0.9887742400169373
33150,15,0.02226709946990013,0.0008905154536478221,0.021376583725214005,1.472322940826416,0.016114797443151474,0.0008848961442708969,0.0008383847889490426,0.031368110328912735,0.9890011548995972
33200,15,0.02273024059832096,0.0009518746519461274,0.021778365597128868,1.5117452144622803,0.01622464507818222,0.0006996552692726254,0.0006839825655333698,0.03168882802128792,0.9904791712760925
33250,15,0.02131379023194313,0.0006762879202142358,0.020637502893805504,1.449277400970459,0.016000419855117798,0.0006697761127725244,0.0006279033841565251,0.029873855412006378,0.9888689517974854
33300,15,0.0227644145488739,0.0009301556274294853,0.02183425799012184,1.4994808435440063,0.01610354334115982,0.0007296449039131403,0.0006975630531087518,0.03170512989163399,0.9880191683769226
33350,15,0.023653654381632805,0.0008610949153080583,0.02279255911707878,1.5001251697540283,0.016095440834760666,0.0007697162218391895,0.0007291206275112927,0.03266921266913414,0.9892920255661011
33400,15,0.02323492243885994,0.0009010924259200692,0.02233383059501648,1.553213357925415,0.016161475330591202,0.0008215024136006832,0.0007682755822315812,0.032606929540634155,0.9912748336791992
33450,15,0.02431494928896427,0.0008191524539142847,0.02349579706788063,1.5655189752578735,0.016006095334887505,0.0008115686941891909,0.0007323842728510499,0.03370250388979912,0.9895238876342773
33500,15,0.02220609225332737,0.0008950757328420877,0.021311016753315926,1.548891305923462,0.01605037972331047,0.0009205706883221865,0.000875709461979568,0.031762879341840744,0.9895757436752319
33550,15,0.021536290645599365,0.0008421955863013864,0.020694095641374588,1.4362292289733887,0.016116099432110786,0.0007256596582010388,0.0006911583477631211,0.030150368809700012,0.990306556224823
33600,15,0.022816646844148636,0.0008444797131232917,0.021972166374325752,1.468601942062378,0.016327502205967903,0.0009045241167768836,0.0009183490183204412,0.031998857855796814,0.9890264272689819
33650,15,0.02016645483672619,0.0007797425496391952,0.019386712461709976,1.5720255374908447,0.016301605850458145,0.0009002876468002796,0.0008849239093251526,0.02982809580862522,0.9907004833221436
33700,16,0.022988000884652138,0.0008498019305989146,0.0221381988376379,1.462507724761963,0.016273323446512222,0.0005568430060520768,0.000513640814460814,0.031387295573949814,0.9889453053474426
33750,16,0.020511558279395103,0.0007649918552488089,0.01974656619131565,1.4546825885772705,0.016121314838528633,0.0006109907990321517,0.0005889388849027455,0.0290010217577219,0.9903920292854309
33800,16,0.02023995667695999,0.0008400999358855188,0.0193998571485281,1.6111910343170166,0.01602599397301674,0.0006597012979909778,0.0006368549657054245,0.02960849367082119,0.9896554350852966
33850,16,0.023728525266051292,0.0008037053630687296,0.022924819961190224,1.5014050006866455,0.01613735593855381,0.0006403772276826203,0.0005952501087449491,0.03248731419444084,0.9903252720832825
33900,16,0.021917110309004784,0.0007293957751244307,0.021187715232372284,1.5188415050506592,0.016240952536463737,0.0006998620228841901,0.0006355636287480593,0.03086298331618309,0.991464376449585
33950,16,0.022610733285546303,0.0008772870060056448,0.021733446046710014,1.5910636186599731,0.016205567866563797,0.0007848279783502221,0.0007255198433995247,0.03209260478615761,0.9902263879776001
34000,16,0.021109340712428093,0.0007828351226635277,0.020326506346464157,1.4073724746704102,0.01618853211402893,0.0008642644388601184,0.000861763721331954,0.029888419434428215,0.9881000518798828
34050,16,0.020496506243944168,0.000768790952861309,0.019727714359760284,1.5852106809616089,0.015997856855392456,0.0008180461591109633,0.0007519128266721964,0.03000851720571518,0.9905855655670166
34100,16,0.024391433224081993,0.0010184545535594225,0.02337297797203064,1.5139350891113281,0.016135403886437416,0.0007006634259596467,0.0006808462785556912,0.033358752727508545,0.9896852374076843
34150,16,0.022936221212148666,0.0009241101797670126,0.02201211079955101,1.5393545627593994,0.016186503693461418,0.0009571396512910724,0.0008594959508627653,0.03246581554412842,0.9898226261138916
34200,16,0.023139992728829384,0.0009252005256712437,0.022214792668819427,1.5691605806350708,0.01604091189801693,0.0007408253150060773,0.0007163718109950423,0.03245903179049492,0.9877339601516724
34250,16,0.02272019349038601,0.0008866311400197446,0.02183356322348118,1.7220537662506104,0.016000475734472275,0.0007883857470005751,0.0007095604669302702,0.032844409346580505,0.9898759126663208
34300,16,0.02361077442765236,0.0007228656904771924,0.022887907922267914,1.5407615900039673,0.01600709743797779,0.0007652549538761377,0.0007146633579395711,0.0328105092048645,0.9903669357299805
34350,16,0.02294497936964035,0.0009272304596379399,0.022017749026417732,1.5704011917114258,0.015935461968183517,0.0008327029645442963,0.0007737713167443871,0.032419394701719284,0.9893063902854919
34400,16,0.023084504529833794,0.000936748634558171,0.022147756069898605,1.4694881439208984,0.01600067876279354,0.000849224510602653,0.0007779164589010179,0.03207508474588394,0.9893752336502075
34450,16,0.022638846188783646,0.0009501143358647823,0.021688731387257576,1.5592708587646484,0.0161314457654953,0.0007758861174806952,0.0007844571955502033,0.03201167657971382,0.989208459854126
34500,16,0.022792598232626915,0.0008321645436808467,0.021960433572530746,1.557126760482788,0.01592365652322769,0.0009559522150084376,0.0009093909175135195,0.03245949745178223,0.9905190467834473
34550,16,0.02300890162587166,0.0007449649274349213,0.022263936698436737,1.4999312162399292,0.01606946811079979,0.0008389858994632959,0.0008263548370450735,0.03218996524810791,0.9898618459701538
34600,16,0.02304350584745407,0.0009272948373109102,0.02211621031165123,1.4599575996398926,0.015953360125422478,0.0008069135947152972,0.0007474565063603222,0.03191361948847771,0.9892879724502563
34650,16,0.024017874151468277,0.0009750504978001118,0.023042824119329453,1.5664830207824707,0.015840839594602585,0.0008184086764231324,0.0007842353079468012,0.03346877172589302,0.9897057414054871
34700,16,0.0229151863604784,0.0009143040515482426,0.022000882774591446,1.3872053623199463,0.015880947932600975,0.0008422779501415789,0.0007429369725286961,0.03145230934023857,0.9888971447944641
34750,16,0.021492261439561844,0.0007808586815372109,0.020711403340101242,1.5176491737365723,0.016026059165596962,0.0006062514148652554,0.0005729394033551216,0.030275722965598106,0.9887365102767944
34800,16,0.02143668942153454,0.0007802308537065983,0.020656459033489227,1.549496054649353,0.01594969630241394,0.0007774584228172898,0.000710400752723217,0.030687978491187096,0.9894347190856934
34850,16,0.022599734365940094,0.0008638334693387151,0.0217359010130167,1.5087275505065918,0.015899762511253357,0.0005651854444295168,0.0005235602729953825,0.031248018145561218,0.9889789819717407
34900,16,0.020704451948404312,0.000695288646966219,0.02000916376709938,1.5396409034729004,0.015853701159358025,0.0006358671234920621,0.0006218304624781013,0.029676206409931183,0.9884110689163208
34950,16,0.0225412268191576,0.0009155676234513521,0.021625658497214317,1.5787780284881592,0.015788782387971878,0.0007791705429553986,0.0007307272171601653,0.031960804015398026,0.9883581399917603
35000,16,0.021216606721282005,0.0009972185362130404,0.020219387486577034,1.5278325080871582,0.015800943598151207,0.0009238503407686949,0.0007932952721603215,0.03058871626853943,0.9885205626487732
35050,16,0.023534422740340233,0.0009369482868351042,0.022597474977374077,1.5804541110992432,0.01582888513803482,0.0007782471366226673,0.0007507315604016185,0.032981500029563904,0.9888924956321716
35100,16,0.021247871220111847,0.0007774909026920795,0.020470380783081055,1.6523487567901611,0.015875818207859993,0.0006287962896749377,0.0006063944892957807,0.03076068125665188,0.9895890355110168
35150,16,0.022558137774467468,0.0007370032835751772,0.02182113379240036,1.4944753646850586,0.0158160962164402,0.0005769013660028577,0.0005369357531890273,0.03116016834974289,0.9903196096420288
35200,16,0.02290562354028225,0.0008047695737332106,0.02210085466504097,1.55403733253479,0.0158009622246027,0.0007022616919130087,0.0006712483009323478,0.032065119594335556,0.9880428314208984
35250,16,0.022827018052339554,0.0009586940286681056,0.021868323907256126,1.5862164497375488,0.01573406718671322,0.0008275959989987314,0.0008090316550806165,0.03241046145558357,0.9894437193870544
35300,16,0.021771958097815514,0.0008567293407395482,0.020915228873491287,1.5207743644714355,0.015553276985883713,0.0007993281469680369,0.0007638955721631646,0.030954604968428612,0.9908907413482666
35350,16,0.02259240671992302,0.0007850060937926173,0.02180740050971508,1.5894815921783447,0.015538323670625687,0.000723940203897655,0.0006858863634988666,0.03196517750620842,0.9889146089553833
35400,16,0.023833541199564934,0.0009601906058378518,0.022873351350426674,1.6806472539901733,0.015655284747481346,0.0007647660095244646,0.0007437071762979031,0.033760905265808105,0.9872784614562988
35450,16,0.023272139951586723,0.0009368188912048936,0.022335320711135864,1.470104694366455,0.015786008909344673,0.0008832673192955554,0.0008000423549674451,0.032321758568286896,0.990256667137146
35500,16,0.02252122387290001,0.0008074602810665965,0.02171376347541809,1.6400493383407593,0.015746958553791046,0.0007328688516281545,0.0006663064705207944,0.03213639184832573,0.9894382953643799
35550,16,0.02167147397994995,0.0009351333137601614,0.020736340433359146,1.4970033168792725,0.015723124146461487,0.000684694736264646,0.0006329099414870143,0.03048981912434101,0.9887107610702515
35600,16,0.023067306727170944,0.0006937661673873663,0.022373540326952934,1.4784610271453857,0.01581246219575405,0.0007004920626059175,0.0006775367655791342,0.03185345232486725,0.9895201325416565
35650,16,0.02143079973757267,0.000714775756932795,0.020716024562716484,1.582270860671997,0.015667468309402466,0.0005927621386945248,0.0005727134412154555,0.03052329644560814,0.989773690700531
35700,16,0.022542987018823624,0.000892099691554904,0.02165088802576065,1.5441868305206299,0.015547972172498703,0.0006222772062756121,0.0005877524381503463,0.031489498913288116,0.9901959896087646
35750,16,0.023771576583385468,0.0008324113441631198,0.0229391660541296,1.4873305559158325,0.015543460845947266,0.0007417203160002828,0.0007145187119022012,0.03268001228570938,0.989364743232727
35800,16,0.021739719435572624,0.000896751880645752,0.020842967554926872,1.5332131385803223,0.01556292176246643,0.0008139226119965315,0.0007984682451933622,0.03103373758494854,0.9896833896636963
35850,16,0.021525699645280838,0.0007201571715995669,0.020805543288588524,1.5620867013931274,0.015608618035912514,0.0007070839637890458,0.0006839032866992056,0.03074272908270359,0.9903171062469482
35900,16,0.022436723113059998,0.0008791889995336533,0.021557534113526344,1.4866828918457031,0.015618301928043365,0.000885298999492079,0.0007825249340385199,0.03155358135700226,0.9893789291381836
35950,17,0.02174387313425541,0.0008181629236787558,0.02092570997774601,1.5878305435180664,0.015619689598679543,0.0007804580964148045,0.0007449279073625803,0.031224031001329422,0.9900815486907959
36000,17,0.024324027821421623,0.0007593404734507203,0.023564686998724937,1.4220852851867676,0.015558915212750435,0.000576431630179286,0.0005499847466126084,0.03257643058896065,0.9901712536811829
36050,17,0.022692175582051277,0.000897415797226131,0.0217947605997324,1.3368010520935059,0.015505323186516762,0.0006529997335746884,0.0006132089765742421,0.030657894909381866,0.9907621145248413
36100,17,0.02203304134309292,0.0007209872710518539,0.021312054246664047,1.5301947593688965,0.01538497768342495,0.0008036433137021959,0.0007471389835700393,0.031250182539224625,0.9926971197128296
36150,17,0.022792335599660873,0.0010694535449147224,0.021722882986068726,1.4858486652374268,0.015446781180799007,0.0009962497279047966,0.0009309124434366822,0.032164186239242554,0.9887276887893677
36200,17,0.022670390084385872,0.0009770648321136832,0.02169332467019558,1.529207468032837,0.015521049499511719,0.0006609008414670825,0.0006117735174484551,0.031604621559381485,0.988926112651825
36250,17,0.020723333582282066,0.0007246611057780683,0.019998673349618912,1.4756498336791992,0.015482567250728607,0.001032199477776885,0.0009317771764472127,0.030081041157245636,0.9889949560165405
36300,17,0.02334745042026043,0.0007934462046250701,0.022554004564881325,1.4102282524108887,0.015546915121376514,0.000820332148578018,0.0007941897492855787,0.03202866017818451,0.9909942150115967
36350,17,0.02476079948246479,0.0007970767910592258,0.023963723331689835,1.424621820449829,0.015604253858327866,0.0008255747379735112,0.0007819777820259333,0.03350706771016121,0.9909347295761108
36400,17,0.02134607918560505,0.0008082001004368067,0.020537879317998886,1.609773874282837,0.015339701436460018,0.0009170012199319899,0.0008879384258762002,0.031215226277709007,0.9905204772949219
36450,17,0.02231518365442753,0.0007931275176815689,0.021522056311368942,1.5997058153152466,0.015545575879514217,0.000844897236675024,0.0007949999417178333,0.03196915611624718,0.987204372882843
36500,17,0.022582076489925385,0.0007809076923877001,0.021801168099045753,1.6113576889038086,0.01545708253979683,0.0006836362881585956,0.0006766003207303584,0.03201455995440483,0.9892926216125488
36550,17,0.02265884540975094,0.000896087265573442,0.021762758493423462,1.5275218486785889,0.015526827424764633,0.0007989563746377826,0.0007722324226051569,0.03188316896557808,0.9895530939102173
36600,17,0.021245542913675308,0.0007157777436077595,0.020529765635728836,1.4935688972473145,0.015439130365848541,0.0006450072978623211,0.0005900028045289218,0.029963836073875427,0.9908032417297363
36650,17,0.02246410958468914,0.0009040316799655557,0.021560078486800194,1.6583185195922852,0.015333997085690498,0.0006747289444319904,0.00061939557781443,0.03206516057252884,0.9905158281326294
36700,17,0.02231684885919094,0.0009083064505830407,0.02140854299068451,1.4952449798583984,0.015434855595231056,0.0006710649468004704,0.0006185766542330384,0.031098149716854095,0.9902759790420532
36750,17,0.022132955491542816,0.0006560290930792689,0.021476926282048225,1.5724351406097412,0.015342632308602333,0.0005778966587968171,0.0005471399053931236,0.03113551065325737,0.9884403944015503
36800,17,0.022458523511886597,0.0007750725490041077,0.021683450788259506,1.4643306732177734,0.015397245064377785,0.000767588964663446,0.0006944779306650162,0.031257640570402145,0.9930663704872131
36850,17,0.022013584151864052,0.0008830648148432374,0.02113051898777485,1.606691598892212,0.015388887375593185,0.0007913634181022644,0.000758675392717123,0.031612470746040344,0.990772008895874
36900,17,0.02324896864593029,0.000918325618840754,0.022330643609166145,1.5090398788452148,0.015335763804614544,0.0008425289997830987,0.0008012292673811316,0.0324532613158226,0.9885199666023254
36950,17,0.02199125662446022,0.0008676667930558324,0.02112358994781971,1.5232300758361816,0.015308262780308723,0.000886697496753186,0.0008569203200750053,0.03136633336544037,0.9892422556877136
37000,17,0.022859487682580948,0.0008267799275927246,0.022032707929611206,1.574211835861206,0.015117439441382885,0.0009192517027258873,0.0008767861290834844,0.03254169970750809,0.9890111684799194
37050,17,0.020219387486577034,0.0006486860802397132,0.01957070082426071,1.5173499584197998,0.015091020613908768,0.0006326353177428246,0.0006224210956133902,0.029076283797621727,0.9893783330917358
37100,17,0.02219829149544239,0.0007974901236593723,0.021400801837444305,1.5501381158828735,0.015233486890792847,0.0006200798088684678,0.0005763906519860029,0.031160684302449226,0.9889030456542969
37150,17,0.02264801226556301,0.0007884282385930419,0.021859584376215935,1.6245298385620117,0.015078946016728878,0.0007523530512116849,0.0007269514608196914,0.03226504474878311,0.9898910522460938
37200,17,0.023850958794355392,0.0014056009240448475,0.022445358335971832,1.5534946918487549,0.015073180198669434,0.000878102786373347,0.0007528954301960766,0.03326450288295746,0.9900223016738892
37250,17,0.023832492530345917,0.0010575837222859263,0.02277490869164467,1.5720933675765991,0.015164916403591633,0.0006173092406243086,0.0005616866983473301,0.03288711979985237,0.9893709421157837
37300,17,0.02313287742435932,0.0010088994167745113,0.022123977541923523,1.5537406206130981,0.015039058402180672,0.0008240712922997773,0.0007956721819937229,0.03253636509180069,0.9909530878067017
37350,17,0.022152094170451164,0.0007182006957009435,0.021433893591165543,1.4470319747924805,0.015104065649211407,0.0006156868184916675,0.0005930361221544445,0.030611081048846245,0.9887837171554565
37400,17,0.02340860106050968,0.0007943663513287902,0.022614235058426857,1.5710914134979248,0.01522062812000513,0.0008043837733566761,0.0007765066111460328,0.0328601710498333,0.9886049032211304
37450,17,0.022415073588490486,0.0006828218465670943,0.021732252091169357,1.5602927207946777,0.015070650726556778,0.0007146323332563043,0.0006884816102683544,0.03163472190499306,0.9892304539680481
37500,17,0.023696793243288994,0.0008188387146219611,0.022877953946590424,1.6404929161071777,0.014977339655160904,0.0007490775315091014,0.0007102872477844357,0.033373598009347916,0.9891794323921204
37550,17,0.020361999049782753,0.0007486300310119987,0.019613368436694145,1.4027128219604492,0.015003194101154804,0.0005858878139406443,0.0005598819116130471,0.02853633649647236,0.9904111623764038
37600,17,0.021349601447582245,0.0007643551798537374,0.02058524638414383,1.4784939289093018,0.01489877887070179,0.0007350847590714693,0.0006510071689262986,0.03014306165277958,0.9904298782348633
37650,17,0.02195112779736519,0.0008398471400141716,0.02111128158867359,1.5491750240325928,0.014904789626598358,0.0006935325218364596,0.0006461671437136829,0.03105160780251026,0.990513265132904
37700,17,0.02077925205230713,0.0007671803468838334,0.02001207135617733,1.5526702404022217,0.014888441190123558,0.0007411722908727825,0.0007094878237694502,0.03000815026462078,0.9896454811096191
37750,17,0.019908014684915543,0.0007911975844763219,0.01911681704223156,1.4468592405319214,0.014831979759037495,0.0006518434965983033,0.0006105550564825535,0.02841954119503498,0.9905068278312683
37800,17,0.02040359377861023,0.0007466697134077549,0.019656924530863762,1.5138039588928223,0.014991582371294498,0.0007712815422564745,0.0007375450804829597,0.029496431350708008,0.9915993809700012
37850,17,0.021558649837970734,0.0008131586946547031,0.020745491608977318,1.5382335186004639,0.014974741265177727,0.0005805415567010641,0.0005280945915728807,0.030373428016901016,0.9918763637542725
37900,17,0.022644054144620895,0.0008524964796379209,0.021791556850075722,1.5820989608764648,0.014983103610575199,0.0006599904736503959,0.0006592582794837654,0.03188877925276756,0.9917740821838379
37950,17,0.023100655525922775,0.0007627991726621985,0.022337855771183968,1.61119544506073,0.014742445200681686,0.0006736936047673225,0.0006738707888871431,0.03251894190907478,0.9902698397636414
38000,17,0.02120344340801239,0.0008368496783077717,0.020366594195365906,1.471557855606079,0.014803450554609299,0.0007402122719213367,0.0006760626565665007,0.02999231219291687,0.9896018505096436
38050,17,0.022741956636309624,0.0007545620901510119,0.021987395361065865,1.5872037410736084,0.01467050053179264,0.0006898779538460076,0.0006670248694717884,0.032049547880887985,0.9901306629180908
38100,17,0.021449506282806396,0.000853405799716711,0.020596100017428398,1.4900615215301514,0.014749540947377682,0.0007514464086852968,0.0007299259305000305,0.030395936220884323,0.9903482794761658
38150,17,0.02449227124452591,0.0007404790376313031,0.023751791566610336,1.5279595851898193,0.01462360005825758,0.0005760101485066116,0.0005317089380696416,0.033254411071538925,0.990241527557373
38200,18,0.022361112758517265,0.0007885617669671774,0.021572550758719444,1.4509408473968506,0.014675885438919067,0.0006232804153114557,0.0005922277923673391,0.030845999717712402,0.9899473190307617
38250,18,0.022270385175943375,0.0006927397334948182,0.02157764509320259,1.597904920578003,0.014647969976067543,0.0006105748470872641,0.0005999468849040568,0.03148508071899414,0.9915014505386353
38300,18,0.0205230750143528,0.0007274396484717727,0.01979563571512699,1.399796962738037,0.014616888016462326,0.0007119880174286664,0.0006624917732551694,0.028911154717206955,0.9896356463432312
38350,18,0.022553378716111183,0.001002542907372117,0.02155083604156971,1.5166075229644775,0.014697826467454433,0.0007222186541184783,0.000680647324770689,0.031553979963064194,0.9912735223770142
38400,18,0.022839227691292763,0.0008055740036070347,0.022033654153347015,1.4154736995697021,0.014744367450475693,0.0008301287889480591,0.000789332902058959,0.031550802290439606,0.9895119667053223
38450,18,0.02099563367664814,0.000702850054949522,0.02029278315603733,1.523842453956604,0.014746144413948059,0.0005883791018277407,0.0005580426077358425,0.029776014387607574,0.9909572601318359
38500,18,0.021378032863140106,0.0010336777195334435,0.020344354212284088,1.4723408222198486,0.014815153554081917,0.0008444309351034462,0.0007861544145271182,0.03038513846695423,0.9908823370933533
38550,18,0.023637942969799042,0.0009142615599557757,0.02272368222475052,1.555063009262085,0.01491454616189003,0.000837092287838459,0.0007895440794527531,0.033054810017347336,0.9897277355194092
38600,18,0.022525424137711525,0.000879891449585557,0.02164553292095661,1.6297106742858887,0.014821033924818039,0.0007484011584892869,0.0006721774116158485,0.032109376043081284,0.9895005822181702
38650,18,0.020486660301685333,0.0006763860583305359,0.019810274243354797,1.606518030166626,0.014729412272572517,0.0006503617623820901,0.0006486666388809681,0.029833009466528893,0.9906883835792542
38700,18,0.021007144823670387,0.0009095171699300408,0.020097628235816956,1.4569790363311768,0.0147740188986063,0.0007936975453048944,0.0007866156520321965,0.02988712675869465,0.990877628326416
38750,18,0.0222355704754591,0.0007207931485027075,0.021514777094125748,1.4649114608764648,0.014731529168784618,0.0006066800560802221,0.0005751977441832423,0.030756738036870956,0.9893794059753418
38800,18,0.0208712387830019,0.0007447265088558197,0.02012651227414608,1.5188274383544922,0.014633889310061932,0.0008129020570777357,0.0007911900174804032,0.030084101483225822,0.9895414113998413
38850,18,0.020972993224859238,0.0007984498515725136,0.0201745443046093,1.4315531253814697,0.014746000990271568,0.0007183667621575296,0.0006676845951005816,0.029531557112932205,0.990961492061615
38900,18,0.02119116112589836,0.0008188508218154311,0.020372310653328896,1.515129566192627,0.014674769714474678,0.0007314818794839084,0.0006942969048395753,0.030207261443138123,0.9902468919754028
38950,18,0.022114569321274757,0.0007998548098839819,0.02131471410393715,1.4232079982757568,0.014720559120178223,0.0006555817672051489,0.0006238205824047327,0.030524732545018196,0.9905308485031128
39000,18,0.021593138575553894,0.0008122418657876551,0.0207808967679739,1.5040662288665771,0.014799384400248528,0.0007992236642166972,0.0007733642123639584,0.03070085681974888,0.9906015396118164
39050,18,0.021660901606082916,0.0008070268086157739,0.02085387520492077,1.5155460834503174,0.014579232782125473,0.0007622778648510575,0.0007214384386315942,0.030736926943063736,0.9898626804351807
39100,18,0.019917858764529228,0.0007184935384429991,0.019199365749955177,1.5819566249847412,0.014787932857871056,0.0006486371858045459,0.0006005148752592504,0.02909158170223236,0.9903722405433655
39150,18,0.021474791690707207,0.0007158709340728819,0.020758921280503273,1.4633746147155762,0.014661296270787716,0.0005854028277099133,0.000553832040168345,0.029945559799671173,0.9915624856948853
39200,18,0.02023652195930481,0.0006923920009285212,0.019544130191206932,1.5560873746871948,0.014616287313401699,0.0006696215132251382,0.000622392981313169,0.02932358905673027,0.9911498427391052
39250,18,0.020818529650568962,0.0006999362376518548,0.0201185941696167,1.5232055187225342,0.014780308119952679,0.000568877556361258,0.0005565996398217976,0.029574813321232796,0.9878845810890198
39300,18,0.021408353000879288,0.0007747163763269782,0.0206336360424757,1.3322300910949707,0.014683498069643974,0.0006538808811455965,0.000622340536210686,0.02936040796339512,0.9918144345283508
39350,18,0.02077576518058777,0.0006786860758438706,0.020097078755497932,1.5713000297546387,0.014689836651086807,0.0006621275679208338,0.0006348980241455138,0.029943980276584625,0.9913650751113892
39400,18,0.022739076986908913,0.000894100870937109,0.021844975650310516,1.5014245510101318,0.014756177552044392,0.00085695821326226,0.0007914113812148571,0.03190932422876358,0.9894387722015381
39450,18,0.023300468921661377,0.0007993091130629182,0.022501159459352493,1.4521368741989136,0.014562413096427917,0.0007856644806452096,0.0007355967536568642,0.032096974551677704,0.9892663955688477
39500,18,0.020582260563969612,0.0009291247697547078,0.019653135910630226,1.536555528640747,0.014567667618393898,0.0007250725757330656,0.0006508141523227096,0.029655493795871735,0.9899057149887085
39550,18,0.020610960200428963,0.0008338183397427201,0.019777141511440277,1.552751064300537,0.014641603454947472,0.000907032866962254,0.0008394275791943073,0.03013581782579422,0.9905685782432556
39600,18,0.02167978323996067,0.0008559321868233383,0.020823851227760315,1.691835641860962,0.0146087147295475,0.0008723583305254579,0.000781537382863462,0.031807467341423035,0.9906870126724243
39650,18,0.02177518419921398,0.0008127560140565038,0.0209624283015728,1.5481524467468262,0.014696757309138775,0.0007276577525772154,0.0007117330678738654,0.030970033258199692,0.9909257292747498
39700,18,0.021650543436408043,0.0007691596983931959,0.02088138461112976,1.5502091646194458,0.014704621396958828,0.000800947193056345,0.0007693048100918531,0.030986545607447624,0.9915774464607239
39750,18,0.02198568359017372,0.0008673022384755313,0.02111838199198246,1.5590283870697021,0.014719820581376553,0.0007067854166962206,0.0006616587052121758,0.03116399049758911,0.9906118512153625
39800,18,0.020218392834067345,0.0007509413408115506,0.01946745067834854,1.5603978633880615,0.01464791689068079,0.0007368612568825483,0.0006911485688760877,0.029463039711117744,0.9902214407920837
39850,18,0.0221704188734293,0.000713544781319797,0.021456874907016754,1.506425380706787,0.014739888720214367,0.0006420763093046844,0.0006262900424189866,0.030985651537775993,0.9882863759994507
39900,18,0.021915065124630928,0.0007503727683797479,0.02116469293832779,1.5020166635513306,0.014619411900639534,0.0007085895631462336,0.0006866774056106806,0.03083503432571888,0.9906836152076721
39950,18,0.02185472846031189,0.0006397361867129803,0.021214991807937622,1.5002024173736572,0.014656378887593746,0.0005981989670544863,0.0005594890099018812,0.030528085306286812,0.99113929271698
40000,18,0.02208692394196987,0.0007730702636763453,0.021313853561878204,1.4725117683410645,0.014548216015100479,0.0007144523551687598,0.0006965826032683253,0.03087506629526615,0.9901720285415649
40050,18,0.02133996970951557,0.0007328049978241324,0.02060716412961483,1.4831535816192627,0.014672151766717434,0.0007848279783502221,0.0007437497843056917,0.030298987403512,0.9905068874359131
40100,18,0.02379610203206539,0.0009926216444000602,0.022803479805588722,1.5576910972595215,0.014522548764944077,0.0006833856459707022,0.0006246207049116492,0.03290708363056183,0.9897032380104065
40150,18,0.022759869694709778,0.0007919785566627979,0.021967891603708267,1.618449091911316,0.014472253620624542,0.000726780213881284,0.0006921730237081647,0.03228554129600525,0.9911813735961914
40200,18,0.02224525809288025,0.0008829701691865921,0.021362287923693657,1.5065348148345947,0.014513169415295124,0.000704691803548485,0.0006707091815769672,0.03116784803569317,0.9907645583152771
40250,18,0.02113902010023594,0.0007425493095070124,0.02039647102355957,1.4479765892028809,0.014488399028778076,0.000618262100033462,0.000550989294424653,0.02956264279782772,0.9899777173995972
40300,18,0.021084871143102646,0.0008082899730652571,0.02027658186852932,1.448431372642517,0.01461973786354065,0.0006742754485458136,0.0006177799659781158,0.02963370271027088,0.9909673929214478
40350,18,0.02270035445690155,0.0007595810457132757,0.021940773352980614,1.5134804248809814,0.014770898036658764,0.0007090786239132285,0.0006644875393249094,0.03165609389543533,0.9916237592697144
40400,18,0.021938147023320198,0.0007482462679035962,0.021189900115132332,1.453122854232788,0.014718115329742432,0.0006338181556202471,0.0006229567225091159,0.030475255101919174,0.9902240037918091
40450,19,0.02057204581797123,0.0007265877211466432,0.01984545774757862,1.5903358459472656,0.014731629751622677,0.0005992129445075989,0.0005494063952937722,0.029687074944376945,0.9897736310958862
40500,19,0.019693270325660706,0.0007312609814107418,0.018962008878588676,1.375274658203125,0.014768531545996666,0.0007527522975578904,0.0006694565527141094,0.028006622567772865,0.9907525777816772
40550,19,0.02107340469956398,0.0006568948738276958,0.020416509360074997,1.4440727233886719,0.014795269817113876,0.0005552438087761402,0.0005338933551684022,0.02939769998192787,0.9912104606628418
40600,19,0.021690484136343002,0.0007303592283278704,0.0209601242095232,1.6574881076812744,0.014771212823688984,0.0006926259957253933,0.000642803031951189,0.03132812678813934,0.9911264181137085
40650,19,0.020707499235868454,0.0008923065033741295,0.019815193489193916,1.5418508052825928,0.01474766992032528,0.0007367360522039235,0.0006834791274741292,0.02985171601176262,0.9886120557785034
40700,19,0.01944940723478794,0.0006938335136510432,0.01875557377934456,1.4429452419281006,0.014635806903243065,0.0007437366293743253,0.0006999440956860781,0.028122451156377792,0.9908024072647095
40750,19,0.0219262782484293,0.0007520655053667724,0.02117421291768551,1.5265049934387207,0.014637835323810577,0.0006570024997927248,0.0006361025152727962,0.030866548418998718,0.9907172918319702
40800,19,0.020133141428232193,0.000675874762237072,0.019457265734672546,1.5143721103668213,0.0145828016102314,0.0007741003064438701,0.0007430960540659726,0.02923678234219551,0.9909769892692566
40850,19,0.019136931747198105,0.000926935113966465,0.018209995701909065,1.602814793586731,0.014652448706328869,0.0008440066012553871,0.0007868249667808414,0.028796488419175148,0.987866222858429
40900,19,0.0195242278277874,0.0007235468365252018,0.018800681456923485,1.556621789932251,0.014608275145292282,0.0007569640292786062,0.00072762172203511,0.0288065318018198,0.9898034334182739
40950,19,0.02126823179423809,0.0007178536616265774,0.020550377666950226,1.5171246528625488,0.014528855681419373,0.0007346548372879624,0.0006901265005581081,0.030293166637420654,0.9903316497802734
41000,19,0.021190831437706947,0.0008264917996712029,0.020364340394735336,1.5285046100616455,0.014425242319703102,0.0007402196060866117,0.0007166006253100932,0.030304597690701485,0.9900118112564087
41050,19,0.020748766139149666,0.0007874633301980793,0.01996130309998989,1.4025001525878906,0.01439619343727827,0.0007301602745428681,0.0007063659722916782,0.029212187975645065,0.9879017472267151
41100,19,0.021596170961856842,0.0008436362841166556,0.02075253427028656,1.5132778882980347,0.014489546418190002,0.0008508960017934442,0.0008299857727251947,0.030857931822538376,0.9890735149383545
41150,19,0.021503742784261703,0.0007455908344127238,0.02075815200805664,1.5123096704483032,0.014511259272694588,0.0007648809114471078,0.0007283299928531051,0.030573014169931412,0.9905250668525696
41200,19,0.021701285615563393,0.0008271635742858052,0.02087412215769291,1.6422367095947266,0.01438363641500473,0.0007021503988653421,0.0006806880701333284,0.031309690326452255,0.9906312823295593
41250,19,0.02136506885290146,0.0007026678649708629,0.020662400871515274,1.6722378730773926,0.014323444105684757,0.000670477922540158,0.0006478042923845351,0.031058864668011665,0.989810585975647
41300,19,0.02149893343448639,0.0007742711459286511,0.020724661648273468,1.6664726734161377,0.014344057068228722,0.0005609579966403544,0.000529223820194602,0.030935823917388916,0.9891557097434998
41350,19,0.021005969494581223,0.0007973562460392714,0.020208613947033882,1.539971113204956,0.014345118775963783,0.0006008369382470846,0.0005613492103293538,0.02988235466182232,0.9906215667724609
41400,19,0.021474171429872513,0.0007807350484654307,0.02069343626499176,1.4610004425048828,0.014498120173811913,0.0010426605585962534,0.000993618043139577,0.03082995116710663,0.9904893636703491
41450,19,0.021590739488601685,0.0009934896370396018,0.020597249269485474,1.5096529722213745,0.014491637237370014,0.0006747862789779902,0.0005721899797208607,0.0304004717618227,0.9902825355529785
41500,19,0.023300010710954666,0.0009600287303328514,0.02233998104929924,1.5581973791122437,0.014544283971190453,0.0005960080306977034,0.0005146707408130169,0.03221622109413147,0.9902228713035583
41550,19,0.02028357982635498,0.0008698296151123941,0.019413750618696213,1.492645263671875,0.014599492773413658,0.0007664711447432637,0.0006640839856117964,0.029191959649324417,0.992241621017456
41600,19,0.022512957453727722,0.0007749007781967521,0.02173805609345436,1.4806594848632812,0.014459524303674698,0.0006540635949932039,0.0006401686696335673,0.031224947422742844,0.9885331988334656
41650,19,0.01919456012547016,0.0008395479526370764,0.01835501194000244,1.494580626487732,0.014381231740117073,0.0007041712524369359,0.0006382634746842086,0.028024278581142426,0.9898803234100342
41700,19,0.02429846301674843,0.000958638614974916,0.023339824751019478,1.5617423057556152,0.014484616927802563,0.0006087151705287397,0.0005941520212218165,0.03332452476024628,0.9916298389434814
41750,19,0.0221934262663126,0.0007359011797234416,0.021457524970173836,1.516209602355957,0.014535551890730858,0.0007138639921322465,0.000629254849627614,0.031132128089666367,0.989997148513794
41800,19,0.02194409817457199,0.0008291793055832386,0.02111491933465004,1.4805762767791748,0.014487562701106071,0.0007069336134009063,0.0006358028622344136,0.030704203993082047,0.9898868799209595
41850,19,0.020334187895059586,0.0007742466987110674,0.019559940323233604,1.5774919986724854,0.014512812718749046,0.0005221749888733029,0.0005159770371392369,0.029274314641952515,0.9896910190582275
41900,19,0.024202192202210426,0.0007933945162221789,0.0234087985008955,1.5401549339294434,0.014499220997095108,0.0007151560857892036,0.000649920548312366,0.03328254073858261,0.9894735813140869
41950,19,0.02117256075143814,0.0006093750707805157,0.020563185214996338,1.453175663948059,0.014479639008641243,0.00047566063585691154,0.0004428130341693759,0.029371393844485283,0.9885344505310059
42000,19,0.01949911005795002,0.0007365788915194571,0.018762530758976936,1.5334594249725342,0.01451974455267191,0.00064871646463871,0.0006084773922339082,0.02843812108039856,0.9897739887237549
42050,19,0.0209369920194149,0.0008840953232720494,0.020052896812558174,1.521119475364685,0.014487010426819324,0.0006567966192960739,0.0006072318647056818,0.029821105301380157,0.9895433187484741
42100,19,0.021690061315894127,0.0009615104645490646,0.020728550851345062,1.5718607902526855,0.014408482238650322,0.0007186990696936846,0.0006549663376063108,0.03093743696808815,0.9902727603912354
42150,19,0.021023105829954147,0.0007697915425524116,0.020253313705325127,1.6346442699432373,0.014421684667468071,0.0008281022892333567,0.0007943991804495454,0.030833249911665916,0.9895875453948975
42200,19,0.019526898860931396,0.0009515776764601469,0.01857532188296318,1.545753002166748,0.014407222159206867,0.0007510888972319663,0.0006797459209337831,0.02870090678334236,0.9919800758361816
42250,19,0.021272771060466766,0.0007763099856674671,0.020496461540460587,1.5093268156051636,0.014382971450686455,0.0006906005437485874,0.0006685034604743123,0.030192891135811806,0.9899468421936035
42300,19,0.02093547396361828,0.000708484323695302,0.020226988941431046,1.5752649307250977,0.014367102645337582,0.0008025008719414473,0.0007060793577693403,0.030334744602441788,0.9902037382125854
42350,19,0.022177578881382942,0.0007893143338151276,0.021388264372944832,1.604508638381958,0.014402231201529503,0.0005629633669741452,0.0005314538138918579,0.031308941543102264,0.9908502101898193
42400,19,0.020892202854156494,0.000738578150048852,0.020153624936938286,1.4140764474868774,0.01444903016090393,0.0007169449818320572,0.0006764632998965681,0.029370440170168877,0.9885686039924622
42450,19,0.020728103816509247,0.0007516233599744737,0.019976479932665825,1.5583183765411377,0.01436094380915165,0.000578908424358815,0.0005241978215053678,0.029637163504958153,0.9896633625030518
42500,19,0.019849836826324463,0.0007530681323260069,0.019096769392490387,1.507061243057251,0.01446952298283577,0.0005417858483269811,0.0004951675655320287,0.02843656577169895,0.9912257790565491
42550,19,0.020356612280011177,0.0007425168296322227,0.019614094868302345,1.521435260772705,0.01446525752544403,0.000714321038685739,0.0006708383443765342,0.029363412410020828,0.990975558757782
42600,19,0.021520201116800308,0.000734201108571142,0.020786000415682793,1.4766517877578735,0.014452708885073662,0.0006123339990153909,0.0005691948463208973,0.03009944036602974,0.9891279935836792
42650,19,0.0205259770154953,0.0008212560787796974,0.019704721868038177,1.5582847595214844,0.014494797214865685,0.0007088428246788681,0.0006740441895090044,0.029714783653616905,0.9901523590087891
42700,20,0.02205010876059532,0.000753053231164813,0.02129705622792244,1.577630877494812,0.014369452372193336,0.0005968838231638074,0.0005572212394326925,0.03110673651099205,0.9904472231864929
42750,20,0.020499004051089287,0.0006037420826032758,0.019895261153578758,1.464998483657837,0.014487221837043762,0.0006733552436344326,0.0005956076784059405,0.02910744585096836,0.991584837436676
42800,20,0.021323055028915405,0.0006760497926734388,0.02064700610935688,1.5150500535964966,0.014453300274908543,0.0006317399675026536,0.0005983252776786685,0.030142825096845627,0.9899616837501526
42850,20,0.020828336477279663,0.0008017576183192432,0.02002657949924469,1.4829778671264648,0.014496359042823315,0.0006793076172471046,0.0006544452626258135,0.029591474682092667,0.9900779128074646
42900,20,0.019657988101243973,0.0009579799370840192,0.0187000073492527,1.4962259531021118,0.01443775836378336,0.0006608531111851335,0.0006388576002791524,0.028453266248106956,0.9895164966583252
42950,20,0.02153705433011055,0.0007765617920085788,0.020760493353009224,1.553821325302124,0.014359050430357456,0.0006851215148344636,0.0006521523464471102,0.03065779246389866,0.9900051355361938
43000,20,0.021888865157961845,0.0007710849167779088,0.02111778035759926,1.4272083044052124,0.014277598820626736,0.0006687870481982827,0.0006330738542601466,0.030341044068336487,0.9903320670127869
43050,20,0.020951414480805397,0.0006678667850792408,0.020283548161387444,1.5523375272750854,0.014361998997628689,0.0005825720727443695,0.0005606347694993019,0.029870670288801193,0.9909289479255676
43100,20,0.020782675594091415,0.000827718642540276,0.01995495706796646,1.544433832168579,0.014424186199903488,0.0007080411305651069,0.000676262890920043,0.029903573915362358,0.9914983510971069
43150,20,0.021324722096323967,0.000977184041403234,0.020347537472844124,1.4950790405273438,0.014373045414686203,0.0007080755312927067,0.0006681473460048437,0.030190711840987206,0.9900119304656982
43200,20,0.021507317200303078,0.0007264394662342966,0.020780878141522408,1.5837032794952393,0.014440721832215786,0.0006406184402294457,0.0005968213081359863,0.030677713453769684,0.9901162385940552
43250,20,0.021642958745360374,0.0007874208968132734,0.020855538547039032,1.49064040184021,0.014403857290744781,0.0007116209017112851,0.0006797441747039557,0.03050192818045616,0.9904664754867554
43300,20,0.020900972187519073,0.0007200287654995918,0.020180944353342056,1.5628894567489624,0.014419883489608765,0.0006486121565103531,0.0006126416847109795,0.029991094022989273,0.9914916753768921
43350,20,0.02126818336546421,0.0007455484592355788,0.02052263543009758,1.56281316280365,0.014364083297550678,0.0007612425251863897,0.000702938879840076,0.030560795217752457,0.990403950214386
43400,20,0.020736951380968094,0.0008635884150862694,0.0198733638972044,1.5053882598876953,0.014338155277073383,0.0008531170315109193,0.0007749352371320128,0.02990628406405449,0.9888210892677307
43450,20,0.020194098353385925,0.0007190031465142965,0.019475094974040985,1.5413177013397217,0.014316358603537083,0.0008381329826079309,0.0007909702835604548,0.029544105753302574,0.989508330821991
43500,20,0.018738480284810066,0.0008492446504533291,0.01788923516869545,1.6490888595581055,0.014332734979689121,0.0007362734177149832,0.000706045888364315,0.028440576046705246,0.9905139207839966
43550,20,0.02221163548529148,0.0008547267643734813,0.021356908604502678,1.48249089717865,0.014339210465550423,0.0008496888913214207,0.0007945782272145152,0.0312826968729496,0.9912514090538025
43600,20,0.02046241983771324,0.0007181462133303285,0.019744273275136948,1.5983200073242188,0.014248143881559372,0.0007172111072577536,0.0006886062910780311,0.029874086380004883,0.9904537200927734
43650,20,0.02103898860514164,0.0007240433478727937,0.02031494490802288,1.5363765954971313,0.014417601749300957,0.000655203650239855,0.0006015701219439507,0.029992060735821724,0.9893834590911865
43700,20,0.022512421011924744,0.000836006598547101,0.02167641371488571,1.5885502099990845,0.014293091371655464,0.0005838463548570871,0.0005314189475029707,0.031584732234478,0.9901952743530273
43750,20,0.020677706226706505,0.0007782612810842693,0.01989944465458393,1.4412460327148438,0.014323507435619831,0.000671304005663842,0.0006357838283292949,0.02920534648001194,0.9909791946411133
43800,20,0.02137405425310135,0.0007849765243008733,0.020589077845215797,1.4611599445343018,0.01439841091632843,0.0006929093506187201,0.0006604293594136834,0.030047589913010597,0.9891629815101624
43850,20,0.021285008639097214,0.0007341175805777311,0.020550891757011414,1.5620732307434082,0.014351028017699718,0.0007627368904650211,0.0007179681560955942,0.03059042990207672,0.9895473718643188
43900,20,0.01914602890610695,0.0006844483432359993,0.01846158131957054,1.5536255836486816,0.014227354899048805,0.0006362994317896664,0.0005965861491858959,0.028161268681287766,0.9889083504676819
43950,20,0.020558824762701988,0.0008098395774140954,0.019748985767364502,1.404463291168213,0.014279632829129696,0.0008287569507956505,0.000791694619692862,0.029215870425105095,0.9900972843170166
44000,20,0.02216327376663685,0.0006939418381080031,0.02146933227777481,1.6809898614883423,0.014106466434895992,0.0007057590992189944,0.0006465007900260389,0.03193458914756775,0.9899718761444092
44050,20,0.020822744816541672,0.0007452786085195839,0.02007746696472168,1.5650079250335693,0.01422111876308918,0.0006017909618094563,0.000568441697396338,0.02983223833143711,0.9906784296035767
44100,20,0.02024804800748825,0.0009444508468732238,0.019303597509860992,1.5569263696670532,0.014283375814557076,0.0007500534411519766,0.0006945825880393386,0.029491597786545753,0.9904680252075195
44150,20,0.01945965364575386,0.0006940537714399397,0.01876560039818287,1.5638039112091064,0.014100998640060425,0.0005697449669241905,0.0005638350266963243,0.02842635288834572,0.9908022880554199
44200,20,0.023326857015490532,0.0009732987964525819,0.022353557869791985,1.4826083183288574,0.014076996594667435,0.0008760564960539341,0.0008091118652373552,0.03243914246559143,0.9905665516853333
44250,20,0.021111667156219482,0.0008429800509475172,0.02026868797838688,1.4874731302261353,0.014150889590382576,0.0006460855947807431,0.0005824360414408147,0.029791705310344696,0.9906635284423828
44300,20,0.021463852375745773,0.0008569762576371431,0.0206068754196167,1.6053627729415894,0.014135212637484074,0.0007819144520908594,0.0007329308427870274,0.031019646674394608,0.9894679188728333
44350,20,0.022382685914635658,0.0008082829881459475,0.02157440222799778,1.5988414287567139,0.014160513877868652,0.0006180151831358671,0.0005901738768443465,0.031599242240190506,0.9897034168243408
44400,20,0.020188508555293083,0.000820216431748122,0.01936829276382923,1.3660523891448975,0.014175663702189922,0.0006312267505563796,0.0005937438691034913,0.02825791761279106,0.9897518157958984
44450,20,0.020925115793943405,0.0007127815624698997,0.020212333649396896,1.4612276554107666,0.014087922871112823,0.0006877857958897948,0.0006234851898625493,0.02955661155283451,0.9896589517593384
44500,20,0.020666876807808876,0.0007330634398385882,0.01993381418287754,1.5846046209335327,0.014046248979866505,0.0006808601319789886,0.0006303108530119061,0.02991511858999729,0.9902006387710571
44550,20,0.02066739834845066,0.0007294922252185643,0.0199379064142704,1.5507678985595703,0.014112009666860104,0.0005969436606392264,0.0005591789958998561,0.029591472819447517,0.9898372292518616
44600,20,0.020403096452355385,0.0007016324670985341,0.019701464101672173,1.5665631294250488,0.014037889428436756,0.0004735133843496442,0.00047667804756201804,0.02920014224946499,0.9893919229507446
44650,20,0.018728438764810562,0.0007774733239784837,0.017950965091586113,1.4428720474243164,0.014010172337293625,0.0004926881520077586,0.00046827347250655293,0.026917770504951477,0.9903215169906616
44700,20,0.021746577695012093,0.000866639195010066,0.020879939198493958,1.5857658386230469,0.013997682370245457,0.0008153551025316119,0.0007639645482413471,0.03126872330904007,0.9886720180511475
44750,20,0.021574975922703743,0.0008816078770905733,0.02069336734712124,1.522495985031128,0.013930928893387318,0.0007905536913312972,0.0007681093411520123,0.03076004981994629,0.9894422888755798
44800,20,0.019680537283420563,0.0006742668338119984,0.01900627091526985,1.6155030727386475,0.01396014541387558,0.0005676144501194358,0.0005306570674292743,0.02887028455734253,0.9901372194290161
44850,20,0.02024412900209427,0.0008357443148270249,0.01940838433802128,1.5251977443695068,0.01400807686150074,0.0006166310049593449,0.0005959124537184834,0.02909667044878006,0.9873756170272827
44900,20,0.020343659445643425,0.0008702970808371902,0.0194733627140522,1.3040547370910645,0.01385871134698391,0.0007089940481819212,0.0006651674048043787,0.028251951560378075,0.9898936748504639
