step,epoch,pred,pred_block,pred_free,sigreg,l1,anchor,anchor_pred,total,latent_std
50,1,0.05861891433596611,0.00441299844533205,0.054205916821956635,4.395074844360352,0.011174596846103668,0.32297372817993164,0.32262468338012695,0.7262038588523865,0.9824326634407043
100,1,0.17675912380218506,0.008164875209331512,0.16859425604343414,3.695155620574951,0.011124931275844574,0.2738233208656311,0.271098792552948,0.7401681542396545,0.9853125214576721
150,1,0.10542921721935272,0.0248606838285923,0.08056853711605072,3.141418933868408,0.012071385979652405,0.1257048100233078,0.12367639690637589,0.3705295920372009,0.9953410625457764
200,1,0.11347973346710205,0.019780781120061874,0.09369895607233047,3.2234179973602295,0.012414091266691685,0.05632258206605911,0.054455552250146866,0.24038738012313843,0.9955137968063354
250,1,0.10272246599197388,0.009874872863292694,0.09284759312868118,2.503892421722412,0.01240837574005127,0.022954212501645088,0.021863296627998352,0.16007184982299805,1.0015089511871338
300,1,0.09246900677680969,0.011564447544515133,0.08090455830097198,2.7540082931518555,0.012371256947517395,0.014336897060275078,0.01343337818980217,0.13402169942855835,1.007035493850708
350,1,0.08497903496026993,0.007640123832970858,0.07733891159296036,2.4260904788970947,0.012226962484419346,0.012904716655611992,0.012053491547703743,0.12207992374897003,1.0038468837738037
400,1,0.07770425826311111,0.005737206898629665,0.07196705043315887,2.36374831199646,0.012280343100428581,0.009418610483407974,0.008581485599279404,0.10753537714481354,0.999868631362915
450,1,0.08440515398979187,0.00803536269813776,0.07636979222297668,2.482473850250244,0.012186854146420956,0.013661650009453297,0.013071775436401367,0.12356314063072205,0.992868959903717
500,1,0.09331610798835754,0.00788741186261177,0.08542869985103607,2.563565731048584,0.012179900892078876,0.014787185937166214,0.014146501198410988,0.13507980108261108,0.9885095357894897
550,1,0.09028057008981705,0.010559678077697754,0.0797208920121193,2.4796690940856934,0.012150631286203861,0.01465003751218319,0.013720565475523472,0.13106167316436768,0.9864112138748169
600,1,0.09063951671123505,0.0069901905953884125,0.08364932984113693,2.3080058097839355,0.012121722102165222,0.00907788798213005,0.008340162225067616,0.11960971355438232,0.9835934638977051
650,1,0.08994275331497192,0.0067044831812381744,0.08323827385902405,2.6999716758728027,0.012476007454097271,0.020108502358198166,0.0196992177516222,0.1432628035545349,0.98487389087677
700,1,0.09084436297416687,0.008801720105111599,0.0820426419377327,3.258146286010742,0.012794134207069874,0.016272809356451035,0.015310224145650864,0.13873091340065002,0.9805938005447388
750,1,0.12136312574148178,0.009449310600757599,0.11191381514072418,3.348252296447754,0.013419206254184246,0.0168272964656353,0.015467611141502857,0.17041271924972534,0.9731464385986328
800,1,0.1121709793806076,0.013394852168858051,0.09877612441778183,3.267113208770752,0.014603215269744396,0.018390055745840073,0.01629152148962021,0.16320271790027618,0.9836467504501343
850,1,0.11428240686655045,0.009723866358399391,0.1045585423707962,3.34647798538208,0.014852694235742092,0.012102153152227402,0.010855833068490028,0.15398763120174408,0.9829410910606384
900,1,0.12962836027145386,0.011072492226958275,0.11855586618185043,3.1269378662109375,0.014778080396354198,0.01171744056046009,0.010444470681250095,0.16743974387645721,0.9840129613876343
950,1,0.13511650264263153,0.009190141223371029,0.12592636048793793,3.0557920932769775,0.014456434175372124,0.03543204441666603,0.032992132008075714,0.21883410215377808,0.9739994406700134
1000,1,0.10565351694822311,0.007658929564058781,0.09799458831548691,3.3221137523651123,0.01403286773711443,0.01467668917030096,0.013325612992048264,0.1502804160118103,0.9804285764694214
1050,1,0.0882788896560669,0.012188363820314407,0.07609052956104279,3.8240132331848145,0.01300104334950447,0.01304512470960617,0.012137352488934994,0.13259443640708923,0.9762922525405884
1100,1,0.10180707275867462,0.01039988361299038,0.09140718728303909,4.351472854614258,0.012362678535282612,0.011859717778861523,0.011103302240371704,0.1465398222208023,0.9731208086013794
1150,1,0.08744391798973083,0.008243117481470108,0.07920080423355103,3.222170114517212,0.013508779928088188,0.011952180415391922,0.010564268566668034,0.12608473002910614,0.9779770374298096
1200,1,0.08162146806716919,0.007233509793877602,0.07438796013593674,3.4069643020629883,0.013353433459997177,0.010644453577697277,0.010040215216577053,0.11935430765151978,0.9770839214324951
1250,1,0.09550558775663376,0.009624972939491272,0.08588061481714249,2.9931702613830566,0.012552066706120968,0.012545865029096603,0.01165090873837471,0.13468077778816223,0.9716135859489441
1300,1,0.11888983845710754,0.009759435430169106,0.10913040488958359,3.352818012237549,0.012845195829868317,0.017743565142154694,0.01576254703104496,0.16917288303375244,0.9689528346061707
1350,1,0.14067690074443817,0.020383168011903763,0.12029373645782471,3.3605172634124756,0.012941242195665836,0.017824377864599228,0.015297744423151016,0.19061455130577087,0.9718443155288696
1400,2,0.15226732194423676,0.017358440905809402,0.13490888476371765,3.406167507171631,0.013025042600929737,0.014006970450282097,0.01231115497648716,0.1956292986869812,0.9810501337051392
1450,2,0.07890655845403671,0.006923085544258356,0.0719834715127945,3.3599963188171387,0.012880515307188034,0.015482190996408463,0.013600285165011883,0.12480189651250839,0.9964512586593628
1500,2,0.13224734365940094,0.00907936505973339,0.1231679767370224,3.158813714981079,0.012383795343339443,0.008195068687200546,0.0067992061376571655,0.16304807364940643,0.9871796369552612
1550,2,0.1209476888179779,0.0066544488072395325,0.11429324001073837,4.316469192504883,0.012632734142243862,0.009272988885641098,0.0076715885661542416,0.15948724746704102,0.9814528226852417
1600,2,0.07998161762952805,0.008065866306424141,0.07191575318574905,3.478621482849121,0.012617979198694229,0.01141994446516037,0.009776150807738304,0.11858344078063965,0.990333080291748
1650,2,0.11093995720148087,0.010704605840146542,0.10023535043001175,3.2780728340148926,0.012319767847657204,0.010979032143950462,0.009809230454266071,0.14813090860843658,0.9845696687698364
1700,2,0.1169450581073761,0.010043183341622353,0.1069018766283989,3.3322720527648926,0.012213346548378468,0.015465891920030117,0.013320842757821083,0.1624053716659546,0.9739826321601868
1750,2,0.11099445819854736,0.005999695509672165,0.1049947589635849,3.1974849700927734,0.012010333128273487,0.009401790797710419,0.008045783266425133,0.14444147050380707,0.9821447134017944
1800,2,0.10528014600276947,0.008309813216328621,0.096970334649086,3.235949993133545,0.012066032737493515,0.009170373901724815,0.00807507336139679,0.1387173980474472,0.9866676926612854
1850,2,0.1110214963555336,0.00845230370759964,0.10256919264793396,3.1423916816711426,0.012292444705963135,0.008375270292162895,0.007386388257145882,0.142507404088974,0.9786537289619446
1900,2,0.12725624442100525,0.015522470697760582,0.11173377931118011,3.3625686168670654,0.012171159498393536,0.015257379040122032,0.014072845689952374,0.17341148853302002,0.984332263469696
1950,2,0.10729984194040298,0.007951514795422554,0.09934832900762558,3.1737186908721924,0.01222195103764534,0.00875410158187151,0.007935164496302605,0.13986992835998535,0.9873483180999756
2000,2,0.11008910834789276,0.006216408684849739,0.10387270152568817,3.0682051181793213,0.012388309463858604,0.007189975120127201,0.006379531696438789,0.13901202380657196,1.002901315689087
2050,2,0.10223469138145447,0.005213908385485411,0.09702078253030777,2.9932339191436768,0.012352390214800835,0.0073508876375854015,0.00660816952586174,0.1311722695827484,1.0064427852630615
2100,2,0.08765110373497009,0.004970157518982887,0.08268094807863235,2.8700928688049316,0.012199632823467255,0.005339392460882664,0.004665717948228121,0.1120188757777214,1.0023211240768433
2150,2,0.08379414677619934,0.004855586215853691,0.0789385586977005,2.8856687545776367,0.012063419446349144,0.006326446309685707,0.005585291888564825,0.11014629900455475,1.003395676612854
2200,2,0.07618263363838196,0.004559104330837727,0.07162352651357651,2.9716391563415527,0.011987011879682541,0.004620878491550684,0.004155273083597422,0.09982896596193314,1.004685640335083
2250,2,0.07550732791423798,0.004432396963238716,0.07107493281364441,2.708555221557617,0.011799545027315617,0.004960247315466404,0.004485108889639378,0.09850726276636124,1.0035667419433594
2300,2,0.06808791309595108,0.0038223573938012123,0.06426555663347244,2.7150940895080566,0.011486614122986794,0.005423606373369694,0.005034707486629486,0.09213318675756454,0.9999872446060181
2350,2,0.06537044793367386,0.003864286234602332,0.06150616332888603,2.56050968170166,0.01147406455129385,0.004412147216498852,0.004045503679662943,0.08664212375879288,0.9985694885253906
2400,2,0.06046375259757042,0.003716303501278162,0.056747447699308395,2.735283613204956,0.011141609400510788,0.003960237372666597,0.0035751655232161283,0.08168671280145645,0.9972345232963562
2450,2,0.06124270707368851,0.0044330102391541,0.056809697300195694,2.7055418491363525,0.01085374690592289,0.004271740093827248,0.003845921717584133,0.08289892971515656,0.9974057674407959
2500,2,0.05822744965553284,0.0038783904165029526,0.054349061101675034,2.562710762023926,0.010896534658968449,0.004179998300969601,0.0039028774481266737,0.07913477718830109,0.9952855110168457
2550,2,0.05118781700730324,0.0033887838944792747,0.04779903218150139,2.4786088466644287,0.010757393203675747,0.0029873200692236423,0.0026937786024063826,0.0692727193236351,0.9961392283439636
2600,2,0.05438637360930443,0.0033261128701269627,0.051060259342193604,2.471497058868408,0.010601110756397247,0.003246075240895152,0.0030405945144593716,0.07304112613201141,0.9945601224899292
2650,2,0.05114681273698807,0.0033310747239738703,0.04781573638319969,2.6491105556488037,0.01052787434309721,0.0033343627583235502,0.003061822382733226,0.0707990750670433,0.9950584173202515
2700,2,0.05340363457798958,0.0034859743900597095,0.049917660653591156,2.476557970046997,0.010551327839493752,0.004043119493871927,0.003801630809903145,0.07364171743392944,0.9951061010360718
2750,3,0.05519041046500206,0.002934117801487446,0.05225629359483719,2.577833652496338,0.010504800826311111,0.0028088889084756374,0.0026355856098234653,0.07353455573320389,0.9964361786842346
2800,3,0.051779527217149734,0.003174510085955262,0.048605017364025116,2.489196300506592,0.0103708291426301,0.003016104456037283,0.002806653268635273,0.07005863636732101,0.9964693784713745
2850,3,0.047742560505867004,0.003746424335986376,0.043996136635541916,2.4630770683288574,0.010257755406200886,0.004310236778110266,0.003947074990719557,0.06832551956176758,0.9951809644699097
2900,3,0.04907550662755966,0.0029281070455908775,0.04614739865064621,2.5238730907440186,0.01018678117543459,0.002842649584636092,0.0026381630450487137,0.06718587130308151,0.9941365718841553
2950,3,0.046338025480508804,0.0022460329346358776,0.04409199208021164,2.654632568359375,0.010067387484014034,0.002111372072249651,0.0019509010016918182,0.06368352472782135,0.9935415387153625
3000,3,0.04262827709317207,0.0027430609334260225,0.03988521546125412,2.560508966445923,0.009989519603550434,0.0026393323205411434,0.002443179488182068,0.060523323714733124,0.9927531480789185
3050,3,0.04215192794799805,0.002490983111783862,0.039660945534706116,2.515995740890503,0.009872501716017723,0.002317288890480995,0.0021601365879178047,0.059219203889369965,0.9930712580680847
3100,3,0.04346146434545517,0.0024443799629807472,0.041017085313797,2.502171754837036,0.009793576784431934,0.0034691807813942432,0.0031783776357769966,0.06262967735528946,0.9942259192466736
3150,3,0.043415363878011703,0.0026349122636020184,0.0407804511487484,2.380025863647461,0.009697392582893372,0.0026741954497992992,0.0024192265700548887,0.060418613255023956,0.9937496185302734
3200,3,0.04446528106927872,0.0023707901127636433,0.04209449142217636,2.3280410766601562,0.00965694710612297,0.0029473453760147095,0.002779892645776272,0.061842381954193115,0.9944730997085571
3250,3,0.04365980252623558,0.0027136513963341713,0.040946152061223984,2.4992547035217285,0.00971982255578041,0.0022915583103895187,0.002133715897798538,0.06059107184410095,0.993991494178772
3300,3,0.04146922752261162,0.0023809135891497135,0.03908831253647804,2.2360177040100098,0.009583558887243271,0.0024554128758609295,0.0022855447605252266,0.05739985778927803,0.9919224977493286
3350,3,0.039754338562488556,0.0025884739588946104,0.037165865302085876,2.474193811416626,0.00941652525216341,0.0020482931286096573,0.0019429584499448538,0.05612597614526749,0.9921184182167053
3400,3,0.039505764842033386,0.00229869456961751,0.037207070738077164,2.376831293106079,0.00934281013906002,0.002492854604497552,0.0023168413899838924,0.056208960711956024,0.9919171333312988
3450,3,0.03708662837743759,0.0021452768705785275,0.034941352903842926,2.3427927494049072,0.009339781478047371,0.001868046703748405,0.0017786654643714428,0.05245664343237877,0.9912581443786621
3500,3,0.03759906068444252,0.0022660403046756983,0.035333018749952316,2.3347482681274414,0.009222298860549927,0.0024784833658486605,0.0023161512799561024,0.0540766604244709,0.9907139539718628
3550,3,0.03786580637097359,0.0032470005098730326,0.0346188060939312,2.2675392627716064,0.009191242977976799,0.00247190217487514,0.0022989504504948854,0.05398354306817055,0.9910722374916077
3600,3,0.03648072108626366,0.002254728227853775,0.03422599285840988,2.242342948913574,0.009222208522260189,0.0033295503817498684,0.0032846322283148766,0.05431584268808365,0.9910732507705688
3650,3,0.040484800934791565,0.0024946988560259342,0.03799010068178177,2.308399200439453,0.009099726565182209,0.002319855149835348,0.0022002719342708588,0.05655602365732193,0.990440845489502
3700,3,0.04155806824564934,0.0024011931382119656,0.039156876504421234,2.284097671508789,0.008966822177171707,0.0024933547247201204,0.0022996384650468826,0.057780515402555466,0.9897292852401733
3750,3,0.03821301460266113,0.002414640737697482,0.03579837456345558,2.3531861305236816,0.00883767381310463,0.002527487464249134,0.0023518730886280537,0.05486714094877243,0.9882878661155701
3800,3,0.03801456466317177,0.002200567629188299,0.03581399843096733,2.4052581787109375,0.00879836268723011,0.0018510720692574978,0.0017605661414563656,0.0536612942814827,0.9901598691940308
3850,3,0.03536734730005264,0.0021848338656127453,0.03318251296877861,2.441758632659912,0.008825852535665035,0.0018710853764787316,0.001740733627229929,0.051196783781051636,0.9899395704269409
3900,3,0.038733936846256256,0.0017041636165231466,0.037029772996902466,2.120776891708374,0.008776109665632248,0.0016886198427528143,0.0016280777053907514,0.05266329273581505,0.9882767796516418
3950,3,0.03562811762094498,0.002079955767840147,0.03354816138744354,2.279297351837158,0.008672330528497696,0.0018054679967463017,0.0016982287634164095,0.05053697153925896,0.9900687336921692
4000,3,0.038371771574020386,0.0023407326079905033,0.03603103756904602,2.2017199993133545,0.00868313480168581,0.002277570776641369,0.0021343473345041275,0.05380097031593323,0.9874235987663269
4050,3,0.03611648827791214,0.0021659841295331717,0.033950503915548325,2.2220659255981445,0.008803543634712696,0.002303868532180786,0.0021509085781872272,0.051690395921468735,0.9903646111488342
4100,4,0.03291301056742668,0.0020300191827118397,0.03088299185037613,2.2939839363098145,0.008844420313835144,0.0026558551471680403,0.002450115978717804,0.04949774593114853,0.9883397817611694
4150,4,0.035697732120752335,0.0019797002896666527,0.03371803089976311,2.0998342037200928,0.008644606918096542,0.002217488596215844,0.0020623449236154556,0.050485383719205856,0.9885050058364868
4200,4,0.034714192152023315,0.0020554172806441784,0.03265877440571785,2.281747341156006,0.008655459620058537,0.0017220189329236746,0.0016465384978801012,0.04950013756752014,0.9865120053291321
4250,4,0.03500185161828995,0.002127376152202487,0.03287447616457939,2.2331631183624268,0.008639046922326088,0.00201096897944808,0.0019095768220722675,0.05009685456752777,0.9871730804443359
4300,4,0.03832666948437691,0.002573997713625431,0.03575267270207405,2.1131505966186523,0.008656831458210945,0.002326007466763258,0.002235323889181018,0.05346241220831871,0.9873828887939453
4350,4,0.03997090458869934,0.0024121974129229784,0.03755870833992958,2.2788314819335938,0.008547378703951836,0.002474631182849407,0.00235691643320024,0.056205157190561295,0.9871952533721924
4400,4,0.03592076525092125,0.0019573562312871218,0.0339634083211422,2.2338218688964844,0.008553520776331425,0.0017490811878815293,0.001625186763703823,0.050472695380449295,0.987998366355896
4450,4,0.03412051498889923,0.0020060688257217407,0.03211444616317749,2.150806427001953,0.008458009921014309,0.0013783087488263845,0.0012961701722815633,0.04755748435854912,0.9885334968566895
4500,4,0.03364545851945877,0.002030049217864871,0.03161541000008583,2.0627474784851074,0.008292035199701786,0.002202412346377969,0.0020093414932489395,0.04817924275994301,0.9885005950927734
4550,4,0.03371431678533554,0.002000066451728344,0.03171424940228462,2.048706531524658,0.008327902294695377,0.0018104789778590202,0.0017315654549747705,0.04750822111964226,0.9873950481414795
4600,4,0.0345335453748703,0.0018238708144053817,0.032709673047065735,2.1288342475891113,0.008242463693022728,0.001868958817794919,0.0017760011833161116,0.048830918967723846,0.9861599206924438
4650,4,0.035981837660074234,0.002207463141530752,0.033774375915527344,2.1998538970947266,0.008112384006381035,0.002329340437427163,0.0022051665000617504,0.05152373015880585,0.9878010749816895
4700,4,0.031976353377103806,0.0018012137152254581,0.030175140127539635,2.063479423522949,0.008250548504292965,0.001608455553650856,0.0014912137994542718,0.045401670038700104,0.9883260726928711
4750,4,0.030427657067775726,0.00231534568592906,0.02811231091618538,2.1287500858306885,0.008297231048345566,0.001797339180484414,0.0016621226677671075,0.04453916475176811,0.9873289465904236
4800,4,0.035742465406656265,0.002648982685059309,0.03309348225593567,2.107789993286133,0.008141926489770412,0.0022670631296932697,0.0021829945035278797,0.05073961615562439,0.986183226108551
4850,4,0.031972017139196396,0.0020072446204721928,0.02996477298438549,2.262669563293457,0.008127682842314243,0.0019099514465779066,0.0018188640242442489,0.04702230542898178,0.9882473945617676
4900,4,0.030410030856728554,0.001722158631309867,0.028687871992588043,2.141604423522949,0.008053306490182877,0.0020292596891522408,0.001936723361723125,0.04509209096431732,0.9861971735954285
4950,4,0.03116074949502945,0.0020808661356568336,0.02907988429069519,2.1309313774108887,0.00785671267658472,0.0024364907294511795,0.002340029925107956,0.04659978300333023,0.9867002964019775
5000,4,0.03957347199320793,0.0025433143600821495,0.03703015670180321,2.1167492866516113,0.008141699247062206,0.002729495521634817,0.002648196881636977,0.05554305389523506,0.9859945178031921
5050,4,0.03524208441376686,0.002473604865372181,0.032768480479717255,2.0735561847686768,0.008178585208952427,0.00219073798507452,0.0021255495958030224,0.04993433132767677,0.9853440523147583
5100,4,0.03096793405711651,0.0022377893328666687,0.02873014472424984,2.193084716796875,0.008090193383395672,0.0020462432876229286,0.0019487200770527124,0.04593641310930252,0.9864494800567627
5150,4,0.034100648015737534,0.001957359490916133,0.03214328736066818,2.084961414337158,0.007954901084303856,0.0018951977835968137,0.0018378422828391194,0.0482664480805397,0.985371470451355
5200,4,0.033928871154785156,0.0023157945834100246,0.031613077968358994,2.1177449226379395,0.007879044860601425,0.0016088278498500586,0.0015127320075407624,0.047647032886743546,0.98639976978302
5250,4,0.030662672594189644,0.0016977372579276562,0.0289649348706007,2.006023406982422,0.007833689451217651,0.001176685793325305,0.0011499517131596804,0.04302726313471794,0.9866217374801636
5300,4,0.0311164241284132,0.0020140805281698704,0.029102344065904617,2.136819362640381,0.0076668704859912395,0.0016369599616155028,0.0015350528992712498,0.04498020187020302,0.9874753355979919
5350,4,0.0315171480178833,0.0017690927488729358,0.02974805422127247,2.1230578422546387,0.007533786818385124,0.001602001953870058,0.0015199851477518678,0.04526195675134659,0.9882707595825195
5400,4,0.031096503138542175,0.0014634360559284687,0.029633067548274994,2.196889638900757,0.007458176463842392,0.0014000388327986002,0.001365162432193756,0.044853609055280685,0.9879407286643982
5450,4,0.03014489822089672,0.001778183737769723,0.02836671471595764,2.1557650566101074,0.00740799168124795,0.001374408369883895,0.0013395613059401512,0.04364510253071785,0.9861968755722046
5500,5,0.030919793993234634,0.0020450789015740156,0.02887471579015255,2.0956594944000244,0.007498804479837418,0.0021126060746610165,0.002062996383756399,0.04558119550347328,0.9857370257377625
5550,5,0.030846036970615387,0.002305711153894663,0.02854032628238201,1.9898909330368042,0.007590780034661293,0.0018406764138489962,0.001748755108565092,0.04439251497387886,0.9866375923156738
5600,5,0.031518444418907166,0.0016973409801721573,0.029821105301380157,2.1553955078125,0.007562326267361641,0.0020821120124310255,0.002045798348262906,0.04643089324235916,0.9873129725456238
5650,5,0.03162246197462082,0.0023503378033638,0.02927212417125702,2.031090259552002,0.007593478541821241,0.0016081106150522828,0.0015491587109863758,0.04494277387857437,0.9856131076812744
5700,5,0.03156077489256859,0.0018056905828416348,0.029755083844065666,1.9343198537826538,0.007473838049918413,0.001802846323698759,0.0017071274342015386,0.04474981874227524,0.985120415687561
5750,5,0.03113440051674843,0.001628100173547864,0.029506299644708633,2.025820732116699,0.007389864884316921,0.0015563745982944965,0.0014977611135691404,0.04432503134012222,0.9854901432991028
5800,5,0.030672283843159676,0.0017759873298928142,0.02889629639685154,2.0322673320770264,0.007366141304373741,0.001714044250547886,0.0016614869236946106,0.044216517359018326,0.9860142469406128
5850,5,0.03190287947654724,0.0017151590436697006,0.03018771857023239,2.033376932144165,0.007468164432793856,0.001962925074622035,0.0018640593625605106,0.045904215425252914,0.9861940145492554
5900,5,0.03246832638978958,0.0017986245220527053,0.03066970221698284,2.1518239974975586,0.007290625479072332,0.0013401138130575418,0.0013060590717941523,0.04588091000914574,0.9859576225280762
5950,5,0.029725056141614914,0.0016109615098685026,0.028114095330238342,2.190743923187256,0.007194620091468096,0.0016513292212039232,0.001593157765455544,0.043930456042289734,0.9849927425384521
6000,5,0.02785586006939411,0.0015447725309059024,0.026311088353395462,2.0875134468078613,0.007103916723281145,0.0013824687339365482,0.0013462348142638803,0.04102923721075058,0.9861392974853516
6050,5,0.032352056354284286,0.0016793892718851566,0.030672665685415268,1.925586223602295,0.0072019645012915134,0.0016786542255431414,0.0015893455129116774,0.04525518789887428,0.9856598377227783
6100,5,0.030801493674516678,0.0014835644979029894,0.029317928478121758,1.9742000102996826,0.0072897328063845634,0.0012593615101650357,0.0012132202973589301,0.04315236583352089,0.9855713844299316
6150,5,0.026916204020380974,0.0014952588826417923,0.02542094513773918,2.0501415729522705,0.007058984600007534,0.0013957464834675193,0.0013371988898143172,0.03990691527724266,0.9859253764152527
6200,5,0.030666574835777283,0.0015463540330529213,0.029120221734046936,2.0183684825897217,0.007025493308901787,0.0016295028617605567,0.0015789762837812304,0.04397392272949219,0.9851250648498535
6250,5,0.02955877222120762,0.0016845243517309427,0.02787424810230732,1.8529722690582275,0.006898832973092794,0.001282661803998053,0.001252827700227499,0.04136602208018303,0.9854255318641663
6300,5,0.02870888076722622,0.001701651024632156,0.02700722962617874,2.0411977767944336,0.006779090501368046,0.001113219652324915,0.0010634000645950437,0.04109827056527138,0.9867113828659058
6350,5,0.02899566851556301,0.00188513845205307,0.02711053006350994,2.0100319385528564,0.006685968022793531,0.001475776545703411,0.0014244236517697573,0.041952718049287796,0.9846699833869934
6400,5,0.028227172791957855,0.0013040238991379738,0.026923147961497307,2.032736301422119,0.006711162161082029,0.0013906147796660662,0.0013536389451473951,0.0411418192088604,0.9844632148742676
6450,5,0.02736470103263855,0.001507959677837789,0.02585674077272415,2.1038272380828857,0.0067590526305139065,0.0012618990149348974,0.0012300409143790603,0.04038253426551819,0.9840719699859619
6500,5,0.030877143144607544,0.001613154774531722,0.029263988137245178,1.9602386951446533,0.0065717631950974464,0.0013419673778116703,0.001274057081900537,0.04330093413591385,0.985131025314331
6550,5,0.026939120143651962,0.00150582124479115,0.02543329820036888,2.033888816833496,0.006519697140902281,0.0013885903172194958,0.0013429034734144807,0.03984657675027847,0.9843615293502808
6600,5,0.028489651158452034,0.0016268347389996052,0.026862816885113716,2.108889102935791,0.006406542845070362,0.0013484996743500233,0.001284437021240592,0.041673444211483,0.9830669164657593
6650,5,0.028635527938604355,0.0013240738771855831,0.027311453595757484,2.078211784362793,0.006539973430335522,0.0014527662424370646,0.0014119166880846024,0.041897810995578766,0.9843060970306396
6700,5,0.027865029871463776,0.0016486055683344603,0.026216425001621246,1.948962926864624,0.006456461269408464,0.0012051613302901387,0.0011554823722690344,0.039976947009563446,0.9839031100273132
6750,5,0.028575928881764412,0.001941521419212222,0.02663440816104412,2.15976619720459,0.006471149157732725,0.0014621298760175705,0.0014093299396336079,0.04225269332528114,0.9843713045120239
6800,5,0.026151074096560478,0.0013542866799980402,0.02479678764939308,1.8845919370651245,0.0063936770893633366,0.001498006284236908,0.0014327331446111202,0.038511164486408234,0.9837783575057983
6850,6,0.02988634631037712,0.0015689823776483536,0.028317363932728767,1.9022068977355957,0.006406503263860941,0.0011591503862291574,0.0011218474246561527,0.04168478772044182,0.9833309650421143
6900,6,0.028446322306990623,0.0017534286016598344,0.026692893356084824,2.034485101699829,0.006354772951453924,0.0012138626771047711,0.0011730568949133158,0.04101202264428139,0.9840851426124573
6950,6,0.028027374297380447,0.0014384739333763719,0.02658890001475811,2.0635547637939453,0.006553961895406246,0.0012918357970193028,0.0012540004681795835,0.040897537022829056,0.9837685823440552
7000,6,0.0274929478764534,0.0014879864174872637,0.026004960760474205,1.96571683883667,0.006380480248481035,0.001174418837763369,0.001127186231315136,0.03962951526045799,0.9828640222549438
7050,6,0.028125332668423653,0.0013854093849658966,0.026739923283457756,1.9370338916778564,0.00623347470536828,0.0012265583500266075,0.0011785035021603107,0.040221795439720154,0.9841902256011963
7100,6,0.027450157329440117,0.001434116275049746,0.02601604163646698,2.0083298683166504,0.006353337317705154,0.001370321144349873,0.0013361037708818913,0.04020458087325096,0.9831812977790833
7150,6,0.02912140265107155,0.0016569364815950394,0.02746446616947651,1.9751341342926025,0.006408095359802246,0.0012179322075098753,0.0011907637817785144,0.041412174701690674,0.9825733304023743
7200,6,0.02765914425253868,0.0014457335928454995,0.02621341124176979,1.8371524810791016,0.006422914564609528,0.0009811539202928543,0.0009689462021924555,0.03880142793059349,0.9824315309524536
7250,6,0.024995040148496628,0.001309524173848331,0.02368551678955555,1.7942510843276978,0.006407891400158405,0.0012689176946878433,0.0012150679249316454,0.03645668923854828,0.984020471572876
7300,6,0.02882714569568634,0.0016051942948251963,0.027221951633691788,1.8545466661453247,0.006211801432073116,0.001158899161964655,0.0011657881550490856,0.04043077677488327,0.9841889142990112
7350,6,0.0276138037443161,0.0015957904979586601,0.026018014177680016,1.9448069334030151,0.00624467059969902,0.001634049927815795,0.0016354193212464452,0.040613554418087006,0.9818806648254395
7400,6,0.02865060232579708,0.0015985823702067137,0.0270520206540823,2.022263765335083,0.006178946699947119,0.0014530522748827934,0.001420256681740284,0.04164141044020653,0.9831865429878235
7450,6,0.028355315327644348,0.0015106573700904846,0.026844657957553864,1.8788009881973267,0.0062353056855499744,0.0010522189550101757,0.0010350309312343597,0.03984280675649643,0.982817530632019
7500,6,0.029670804738998413,0.001477773766964674,0.028193030506372452,1.8772817850112915,0.006091570947319269,0.001020482275635004,0.001004830002784729,0.04108861833810806,0.9829174876213074
7550,6,0.028470544144511223,0.0014737488236278296,0.02699679508805275,1.8789396286010742,0.006136157549917698,0.0013286062749102712,0.0012879491550847888,0.04048793390393257,0.9831928610801697
7600,6,0.026747295632958412,0.0013379710726439953,0.02540932409465313,1.864625334739685,0.005982396192848682,0.0012554298155009747,0.0012392861535772681,0.03857111930847168,0.9814000129699707
7650,6,0.028657717630267143,0.0011024671839550138,0.027555249631404877,1.8260300159454346,0.006089462898671627,0.001272897352464497,0.001254286733455956,0.040321145206689835,0.9823724031448364
7700,6,0.030024416744709015,0.0015006916364654899,0.028523724526166916,1.8055169582366943,0.006149194203317165,0.0014005418634042144,0.0013870431575924158,0.041845738887786865,0.9820328950881958
7750,6,0.02714489959180355,0.0013674725778400898,0.025777427479624748,1.8729963302612305,0.006025336682796478,0.0010997754288837314,0.0010739571880549192,0.03868963569402695,0.9814576506614685
7800,6,0.0273292176425457,0.0016047598328441381,0.02572445757687092,1.7496695518493652,0.005960473790764809,0.0015474179526790977,0.0015650743152946234,0.03919601812958717,0.982292890548706
7850,6,0.028221260756254196,0.0013605470303446054,0.026860713958740234,1.9358606338500977,0.005961329210549593,0.0012626673560589552,0.0012636573519557714,0.040432848036289215,0.9828286170959473
7900,6,0.03127891197800636,0.0015767279546707869,0.029702182859182358,1.7891597747802734,0.005994156002998352,0.0015041744336485863,0.0014974047662690282,0.043232280761003494,0.9833414554595947
7950,6,0.027779381722211838,0.0014988603070378304,0.026280522346496582,1.9034323692321777,0.006095932796597481,0.0014221800956875086,0.0013905658852308989,0.04011538252234459,0.9821637272834778
8000,6,0.027007151395082474,0.0014273091219365597,0.025579841807484627,1.8575341701507568,0.005967237986624241,0.0013471907004714012,0.001351765007711947,0.03899974375963211,0.9817200303077698
8050,6,0.028260190039873123,0.001580885611474514,0.026679303497076035,1.9807379245758057,0.005998358596116304,0.0016516160685569048,0.001618110341951251,0.04143960028886795,0.9830944538116455
8100,6,0.029005415737628937,0.0017247186042368412,0.027280697599053383,1.8828771114349365,0.00604110537096858,0.0013475455343723297,0.001341074239462614,0.04111446440219879,0.9818479418754578
8150,6,0.028102582320570946,0.0015421697171404958,0.026560412719845772,1.6714441776275635,0.006012128200381994,0.0010754336835816503,0.0010498317424207926,0.03859108313918114,0.982636570930481
8200,7,0.028500709682703018,0.001613885280676186,0.026886824518442154,1.8751529455184937,0.005786458030343056,0.0015090156812220812,0.001490123220719397,0.04088139533996582,0.9829564094543457
8250,7,0.02802344039082527,0.0016688782488927245,0.026354562491178513,1.8419479131698608,0.0057084690779447556,0.0011656424030661583,0.0011538488324731588,0.03955838084220886,0.9828822612762451
8300,7,0.02715451456606388,0.00164590566419065,0.025508608669042587,1.9585652351379395,0.005926820915192366,0.0010856582084670663,0.0010792817920446396,0.0391182079911232,0.9820747375488281
8350,7,0.029236041009426117,0.0014054804341867566,0.027830559760332108,1.9150121212005615,0.005885101854801178,0.001097734086215496,0.0010905792005360126,0.04100530222058296,0.9821197390556335
8400,7,0.027265304699540138,0.0012985074426978827,0.025966797024011612,1.8941476345062256,0.00577912712469697,0.0015095695853233337,0.0015265594702214003,0.03977794945240021,0.9824787378311157
8450,7,0.027220016345381737,0.0013924374943599105,0.025827579200267792,1.8496437072753906,0.005848470143973827,0.0014354727463796735,0.0014112292556092143,0.03932078555226326,0.9836935997009277
8500,7,0.02972635254263878,0.0014924558345228434,0.02823389694094658,1.813964605331421,0.005645938217639923,0.0014063300332054496,0.0014002913376316428,0.04160844534635544,0.983925461769104
8550,7,0.02695392817258835,0.001553674228489399,0.025400253012776375,1.8863027095794678,0.005576280876994133,0.0011843516258522868,0.0011575657408684492,0.03873293474316597,0.981735110282898
8600,7,0.027991026639938354,0.0015230169519782066,0.026468010619282722,2.0587077140808105,0.005550257861614227,0.0013444428332149982,0.0013248699251562357,0.0409594289958477,0.9830130934715271
8650,7,0.027035383507609367,0.0013135734479874372,0.02572181075811386,1.782076358795166,0.0056596603244543076,0.0011073643108829856,0.0010804533958435059,0.03813924267888069,0.9832674264907837
8700,7,0.027921466156840324,0.00110907934140414,0.026812387630343437,1.8208447694778442,0.005669689737260342,0.0010612498736009002,0.0010441660415381193,0.039136774837970734,0.9837236404418945
8750,7,0.02380061149597168,0.001233638497069478,0.02256697230041027,1.8141556978225708,0.005700424779206514,0.0011579926358535886,0.001135469414293766,0.0351705476641655,0.9841322302818298
8800,7,0.026821207255125046,0.0015185329830273986,0.025302674621343613,1.9063174724578857,0.005410709418356419,0.0014501608675345778,0.001414232887327671,0.0392225980758667,0.9835376739501953
8850,7,0.028011655434966087,0.0013135229237377644,0.02669813297688961,1.6928108930587769,0.005396401509642601,0.0009672226151451468,0.0009530160459689796,0.038401346653699875,0.9844061136245728
8900,7,0.02918962761759758,0.0010515591129660606,0.028138067573308945,1.875469446182251,0.005321910604834557,0.001216328120790422,0.0011979572009295225,0.04098658636212349,0.9836342930793762
8950,7,0.02744142711162567,0.0013488901313394308,0.026092536747455597,1.826204776763916,0.005396823864430189,0.001027118181809783,0.0009844996966421604,0.038589466363191605,0.9831209182739258
9000,7,0.029291916638612747,0.001367468386888504,0.027924448251724243,1.8046923875808716,0.005364201497286558,0.0011768338736146688,0.0011814942117780447,0.040679071098566055,0.9843780994415283
9050,7,0.02995619736611843,0.0017554289661347866,0.028200767934322357,1.862007737159729,0.0054270075634121895,0.0016933559672906995,0.0017031391616910696,0.04266816005110741,0.983493447303772
9100,7,0.02753453515470028,0.0011904343264177442,0.026344100013375282,2.029451370239258,0.005256542470306158,0.0010302099399268627,0.0010257838293910027,0.03974304348230362,0.9842905402183533
9150,7,0.03634732961654663,0.0026637520641088486,0.03368357568979263,1.8155217170715332,0.005915775895118713,0.0038276331033557653,0.003910810220986605,0.05316929519176483,0.9827566146850586
9200,7,0.033337898552417755,0.0018348234007135034,0.03150307387113571,1.8334064483642578,0.006276050116866827,0.0017109630862250924,0.001753161195665598,0.04597533121705055,0.9837550520896912
9250,7,0.030118098482489586,0.001568542793393135,0.02854955568909645,1.9915015697479248,0.005796460900455713,0.001298963325098157,0.0012983919586986303,0.04267875850200653,0.9833461046218872
9300,7,0.030092474073171616,0.001719011808745563,0.028373463079333305,1.959719181060791,0.005774485878646374,0.0015234164893627167,0.0015127916121855378,0.04293305426836014,0.9858987331390381
9350,7,0.028492553159594536,0.0012670569121837616,0.027225496247410774,1.95060133934021,0.005689952522516251,0.0013026066590100527,0.0012808118481189013,0.040834665298461914,0.9849152565002441
9400,7,0.02645915560424328,0.0013404206838458776,0.025118734687566757,1.7831095457077026,0.005730920005589724,0.0011508316965773702,0.0011234015692025423,0.03765466436743736,0.9851675033569336
9450,7,0.025730375200510025,0.0011932216584682465,0.02453715354204178,1.77055025100708,0.005568997003138065,0.0009930365486070514,0.0009718685760162771,0.03655359894037247,0.9848375916481018
9500,7,0.026922520250082016,0.0013285242021083832,0.025593996047973633,1.9136011600494385,0.005372478626668453,0.0011149321217089891,0.0011037795338779688,0.038714610040187836,0.9851139783859253
9550,8,0.02677083946764469,0.0014475365169346333,0.025323303416371346,1.856644868850708,0.005419626832008362,0.0012770777102559805,0.0012596312444657087,0.03859619423747063,0.9838792085647583
9600,8,0.028530718758702278,0.0012938978616148233,0.0272368211299181,1.776795506477356,0.0052930740639567375,0.001343853771686554,0.0013376728165894747,0.040101516991853714,0.9856367111206055
9650,8,0.028324777260422707,0.0015056828269734979,0.026819095015525818,1.694921612739563,0.005396304652094841,0.0010603030677884817,0.0010668172035366297,0.03893190622329712,0.9848554134368896
9700,8,0.025322146713733673,0.0012849548365920782,0.02403719164431095,1.824871301651001,0.005404544994235039,0.0009526889771223068,0.0009441834990866482,0.03634878247976303,0.9845719337463379
9750,8,0.025431901216506958,0.0012412170181050897,0.024190684780478477,1.8715413808822632,0.00533707719296217,0.0009400502312928438,0.0009053220856003463,0.036640316247940063,0.9849790334701538
9800,8,0.026089070364832878,0.0013926358660683036,0.024696433916687965,1.847273826599121,0.005331783089786768,0.001103124930523336,0.0010953088058158755,0.03752920404076576,0.9866546988487244
9850,8,0.026172740384936333,0.001364127965644002,0.0248086117208004,1.9020049571990967,0.00529903220012784,0.0011021902319043875,0.001103235874325037,0.03789348900318146,0.9847190380096436
9900,8,0.027015546336770058,0.0016134592005982995,0.025402087718248367,1.802945852279663,0.0052594649605453014,0.0011209523072466254,0.0011100510600954294,0.038266539573669434,0.9840243458747864
9950,8,0.027577251195907593,0.0013778458815068007,0.026199406012892723,1.9029903411865234,0.005310541484504938,0.0009657395421527326,0.0009613083675503731,0.039024561643600464,0.9840704202651978
10000,8,0.0282196793705225,0.001640652772039175,0.026579026132822037,1.8073079586029053,0.0053042019717395306,0.0011645855847746134,0.0011798073537647724,0.039605915546417236,0.984351396560669
10050,8,0.026046186685562134,0.0010281961876899004,0.025017989799380302,1.8463587760925293,0.005254924762994051,0.0008871246827766299,0.0008874606573954225,0.037057824432849884,0.98417067527771
10100,8,0.02574946917593479,0.001226981868967414,0.024522487074136734,1.7868015766143799,0.0051292735151946545,0.0011511489283293486,0.0011431403690949082,0.03698289766907692,0.9831851720809937
10150,8,0.026352815330028534,0.0012380984844639897,0.025114716961979866,1.760695457458496,0.005146201699972153,0.0010236611124128103,0.0010265158489346504,0.03721161559224129,0.983237624168396
10200,8,0.027723336592316628,0.0012457375414669514,0.026477599516510963,1.7955563068389893,0.005130276549607515,0.001546280924230814,0.0015390635235235095,0.039791591465473175,0.9823851585388184
10250,8,0.027164224535226822,0.0014258873416110873,0.025738338008522987,1.870691180229187,0.005168542265892029,0.0008463264675810933,0.0008335030288435519,0.0382026769220829,0.9840132594108582
10300,8,0.0279578547924757,0.0013890585396438837,0.02656879648566246,1.8940752744674683,0.005154530983418226,0.0010728349443525076,0.0010743043385446072,0.03958052396774292,0.9833853840827942
10350,8,0.026676421985030174,0.0013371005188673735,0.025339322164654732,1.793602466583252,0.005151553079485893,0.0012461601290851831,0.0012536882422864437,0.03814943507313728,0.9845246076583862
10400,8,0.024969136342406273,0.0011521517299115658,0.02381698414683342,1.7551642656326294,0.005095198284834623,0.0010772155364975333,0.0010791693348437548,0.035906437784433365,0.9840384721755981
10450,8,0.027351872995495796,0.0016615185886621475,0.02569035440683365,1.8193261623382568,0.00507243862375617,0.0011710564140230417,0.0011634763795882463,0.03878811001777649,0.9847477674484253
10500,8,0.025706930086016655,0.0013155029155313969,0.024391427636146545,1.865880012512207,0.004984274972230196,0.0009252786403521895,0.0009135794825851917,0.03688017278909683,0.982810914516449
10550,8,0.026495035737752914,0.0011624901089817286,0.02533254586160183,1.7747457027435303,0.0049928417429327965,0.0008843721589073539,0.0008820187067613006,0.037140145897865295,0.9849803447723389
10600,8,0.024555226787924767,0.0009691008599475026,0.023586126044392586,1.6946663856506348,0.004940306767821312,0.0011469577439129353,0.0011508571915328503,0.03533131256699562,0.9850807189941406
10650,8,0.026982028037309647,0.0014150210190564394,0.025567006319761276,1.8818312883377075,0.004930077586323023,0.0011060619726777077,0.0011042308760806918,0.03860640525817871,0.9843419790267944
10700,8,0.028345296159386635,0.0014630644582211971,0.02688223123550415,1.8008092641830444,0.005032281391322613,0.0011527934111654758,0.0011770027922466397,0.039684172719717026,0.9842860698699951
10750,8,0.027154162526130676,0.0012826756574213505,0.025871487334370613,1.7205570936203003,0.004965571686625481,0.0009242810192517936,0.0009268280118703842,0.03761301934719086,0.9834590554237366
10800,8,0.024803372099995613,0.001236719312146306,0.023566652089357376,1.965208888053894,0.004853957798331976,0.0008868920849636197,0.0008826084085740149,0.03640377148985863,0.9834157228469849
10850,8,0.02478252351284027,0.0011335012968629599,0.023649021983146667,1.8147897720336914,0.004921451210975647,0.0011471322504803538,0.0011388628045096993,0.03614738956093788,0.9821863174438477
10900,8,0.02791532874107361,0.0014353537699207664,0.026479974389076233,1.7971956729888916,0.0050368239171803,0.0011138434056192636,0.001119278953410685,0.03913946449756622,0.9822485446929932
10950,9,0.02529664896428585,0.0012442085426300764,0.024052441120147705,1.764319896697998,0.004849093966186047,0.0008294785511679947,0.000819577369838953,0.03577215597033501,0.9830362796783447
11000,9,0.02529192343354225,0.0010406502988189459,0.024251272901892662,1.8445298671722412,0.0048174308612942696,0.0008724034414626658,0.0008580225403420627,0.03624981641769409,0.9834218621253967
11050,9,0.02618936449289322,0.0012657102197408676,0.02492365427315235,1.7595982551574707,0.004777226597070694,0.001155713340267539,0.0011316450545564294,0.03727949038147926,0.9834774136543274
11100,9,0.02611277438700199,0.0013393389526754618,0.024773435667157173,1.6999530792236328,0.0047870175912976265,0.0008647767826914787,0.0008534055086784065,0.03633550927042961,0.9851924180984497
11150,9,0.026539482176303864,0.0010615396313369274,0.02547794207930565,1.7771852016448975,0.004871568642556667,0.00106069166213274,0.0010327368509024382,0.03752370923757553,0.983403205871582
11200,9,0.029143858700990677,0.0012020927388221025,0.027941765263676643,1.7682273387908936,0.0047577316872775555,0.0009982521878555417,0.0009975609136745334,0.03998556733131409,0.9843195080757141
11250,9,0.02671448141336441,0.0011664232006296515,0.02554805763065815,1.7508554458618164,0.0047309510409832,0.0010172459296882153,0.0010159877128899097,0.037506721913814545,0.9832015037536621
11300,9,0.026058083400130272,0.0013202452100813389,0.02473783865571022,1.777254581451416,0.004612393211573362,0.0013743123272433877,0.0013835644349455833,0.03770684450864792,0.9843862056732178
11350,9,0.02454320527613163,0.0011548212496563792,0.02338838391005993,1.818549633026123,0.00462004542350769,0.000983283738605678,0.001002347911708057,0.03562620282173157,0.9833335280418396
11400,9,0.027942989021539688,0.0012571979314088821,0.026685791090130806,1.7224817276000977,0.004629695788025856,0.0010984957916662097,0.00110999692697078,0.038768522441387177,0.9844917058944702
11450,9,0.02452884614467621,0.0011580245336517692,0.02337082102894783,1.6867904663085938,0.0045252107083797455,0.000892383512109518,0.0008955418597906828,0.03475525230169296,0.9853475093841553
11500,9,0.02744886465370655,0.0011015678755939007,0.026347296312451363,1.7543144226074219,0.004603481851518154,0.0009859022684395313,0.0009849357884377241,0.038195881992578506,0.9842929840087891
11550,9,0.024617739021778107,0.0011944180587306619,0.023423321545124054,1.8056111335754395,0.004506473429501057,0.0008642533794045448,0.0008716895245015621,0.03538624569773674,0.9837601184844971
11600,9,0.026157736778259277,0.0011660009622573853,0.024991735816001892,1.7726867198944092,0.0044873240403831005,0.0014334217412397265,0.0014312919229269028,0.03789037466049194,0.9825649857521057
11650,9,0.026774004101753235,0.0012192379217594862,0.02555476687848568,1.673429012298584,0.004493622574955225,0.0010872355196624994,0.0011082527926191688,0.037341129034757614,0.984310507774353
11700,9,0.026461699977517128,0.0013268664479255676,0.02513483352959156,1.783576250076294,0.004623811691999435,0.001054987427778542,0.001057353219948709,0.03749654442071915,0.9832888841629028
11750,9,0.024267639964818954,0.001043128315359354,0.023224512115120888,1.639333963394165,0.004607109818607569,0.0010058844927698374,0.0009906601626425982,0.03446546196937561,0.9826304912567139
11800,9,0.026404593139886856,0.001168874092400074,0.025235718116164207,1.866302251815796,0.004458662588149309,0.0010654202196747065,0.0010593238985165954,0.03786531090736389,0.9841231107711792
11850,9,0.02442006953060627,0.0009147130185738206,0.023505356162786484,1.720777988433838,0.004403841681778431,0.0006943595944903791,0.0006934180855751038,0.03441614285111427,0.9844720363616943
11900,9,0.02379414811730385,0.001093412982299924,0.022700734436511993,1.877128005027771,0.00438912957906723,0.0008516937959939241,0.0008353578741662204,0.03487122803926468,0.9850133657455444
11950,9,0.025801844894886017,0.0014938702806830406,0.0243079736828804,1.7630419731140137,0.004368740599602461,0.0009169884142465889,0.0009276638738811016,0.0364660769701004,0.9831961393356323
12000,9,0.026903677731752396,0.0012689295690506697,0.025634748861193657,1.842704176902771,0.004432628862559795,0.0010529363062232733,0.0010666605085134506,0.038241226226091385,0.9826667308807373
12050,9,0.025328710675239563,0.0010586874559521675,0.02427002228796482,1.64902663230896,0.004327115602791309,0.0009979904862120748,0.000993106048554182,0.035569269210100174,0.9831361174583435
12100,9,0.0256732739508152,0.0013802300672978163,0.024293044582009315,1.7412774562835693,0.004342864267528057,0.0007937974878586829,0.0007939657662063837,0.03597176820039749,0.984182596206665
12150,9,0.026665136218070984,0.0013433198910206556,0.02532181702554226,1.6428606510162354,0.004326836671680212,0.0010761984158307314,0.0010865277145057917,0.037046488374471664,0.9839881658554077
12200,9,0.024570316076278687,0.0010981080122292042,0.02347220852971077,1.8568260669708252,0.004269554745405912,0.001087027252651751,0.001085277064703405,0.03603102266788483,0.9833487272262573
12250,9,0.025752995163202286,0.0012904142495244741,0.024462580680847168,1.8871026039123535,0.004214080981910229,0.0009325050632469356,0.0009347362210974097,0.0370599627494812,0.9845461845397949
12300,10,0.024180332198739052,0.0013078656047582626,0.02287246659398079,1.7643944025039673,0.004320345353335142,0.000873045064508915,0.0008731128182262182,0.03475278243422508,0.9843635559082031
12350,10,0.02437441051006317,0.001099215354770422,0.023275194689631462,1.702815055847168,0.0042618680745363235,0.0010801901808008552,0.0011030540335923433,0.035075992345809937,0.9835465550422668
12400,10,0.024400191381573677,0.0011673260014504194,0.02323286607861519,1.54756760597229,0.004250773228704929,0.000887214089743793,0.0008926609298214316,0.03392215445637703,0.9838883876800537
12450,10,0.02651691809296608,0.001162088243290782,0.02535483054816723,1.6641881465911865,0.004314464516937733,0.0008160517318174243,0.0008136870455928147,0.036471910774707794,0.9842867851257324
12500,10,0.02416173927485943,0.0010534768225625157,0.023108262568712234,1.7009600400924683,0.004227792844176292,0.0006458746502175927,0.0006450177752412856,0.03396165743470192,0.9824572801589966
12550,10,0.02400987222790718,0.0009521960746496916,0.02305767685174942,1.7411421537399292,0.004094528499990702,0.0009485820773988962,0.0009543828782625496,0.034622639417648315,0.98271644115448
12600,10,0.024951128289103508,0.0010325419716536999,0.02391858585178852,1.7064542770385742,0.004201306030154228,0.0007773968391120434,0.0007563362014479935,0.0350213348865509,0.9840258359909058
12650,10,0.026398083195090294,0.0011935853399336338,0.025204498320817947,1.7146681547164917,0.003960566129535437,0.0010990421287715435,0.0011032733600586653,0.03717770054936409,0.9843018651008606
12700,10,0.024062899872660637,0.0012574889697134495,0.022805411368608475,1.7466764450073242,0.00399863813072443,0.0008407024433836341,0.0008475134382024407,0.034488495439291,0.9818705916404724
12750,10,0.02269771136343479,0.0009811528725549579,0.021716559305787086,1.6694023609161377,0.003995767328888178,0.0007152238395065069,0.0007194178178906441,0.032483357936143875,0.9832892417907715
12800,10,0.025444718077778816,0.001105361501686275,0.024339357390999794,1.689957618713379,0.004040030296891928,0.0007514759781770408,0.0007639148971065879,0.03541393578052521,0.9837367534637451
12850,10,0.025738690048456192,0.0010631770128384233,0.024675512686371803,1.607782244682312,0.003993324004113674,0.0009791611228138208,0.0009972651023417711,0.03575802221894264,0.9840480089187622
12900,10,0.023769879713654518,0.0010166976135224104,0.02275318279862404,1.804509162902832,0.004120157565921545,0.0007962525123730302,0.00081132777268067,0.03440412878990173,0.9825559258460999
12950,10,0.025643877685070038,0.0011566919274628162,0.02448718622326851,1.8065860271453857,0.004105813801288605,0.0008673655684106052,0.0008621083106845617,0.036410387605428696,0.9830777049064636
13000,10,0.024405721575021744,0.0011562060099095106,0.023249516263604164,1.6517642736434937,0.004185491241514683,0.0007929762359708548,0.0008200160227715969,0.03428172320127487,0.9833877682685852
13050,10,0.023357948288321495,0.0010373641271144152,0.02232058346271515,1.7281019687652588,0.004078281112015247,0.0011416852939873934,0.0011785570532083511,0.03432277962565422,0.9835470914840698
13100,10,0.025761816650629044,0.0010159001685678959,0.024745916947722435,1.8158979415893555,0.00388234737329185,0.0010035919258370996,0.0010090945288538933,0.03685787320137024,0.9823740720748901
13150,10,0.02375875599682331,0.0010244639124721289,0.02273429185152054,1.6978967189788818,0.003942629788070917,0.0007340166484937072,0.0007385560311377048,0.03372475504875183,0.9832808375358582
13200,10,0.024811184033751488,0.0010018167085945606,0.023809367790818214,1.8296804428100586,0.0038907798007130623,0.0009280776139348745,0.0009141610935330391,0.03580571338534355,0.9829952120780945
13250,10,0.023521002382040024,0.0011996915563941002,0.02232130989432335,1.6277000904083252,0.003912159241735935,0.0007940774085000157,0.0008044450078159571,0.03326193615794182,0.9826222658157349
13300,10,0.025528259575366974,0.001163744367659092,0.024364516139030457,1.7112693786621094,0.003983449190855026,0.0008970521739684045,0.0009018221753649414,0.0358874648809433,0.9830345511436462
13350,10,0.02461407706141472,0.0012530209496617317,0.023361055180430412,1.700674057006836,0.00399826979264617,0.0009319974342361093,0.0009442783193662763,0.03499772027134895,0.9823017120361328
13400,10,0.024939609691500664,0.0012334579369053245,0.02370615117251873,1.725581407546997,0.003893149783834815,0.0011349378619343042,0.0011316784657537937,0.03583802655339241,0.982135534286499
13450,10,0.025537315756082535,0.0009940692689269781,0.024543246254324913,1.7506887912750244,0.004166256636381149,0.0007889919215813279,0.0007996305939741433,0.035883549600839615,0.9831961989402771
13500,10,0.024231985211372375,0.001011447049677372,0.023220539093017578,1.7970659732818604,0.0040136040188372135,0.000833825848530978,0.0008445284911431372,0.03489968180656433,0.9833295345306396
13550,10,0.02345983125269413,0.0010390192037448287,0.022420812398195267,1.6394976377487183,0.003951629623770714,0.0012148194946348667,0.0012250414583832026,0.034101132303476334,0.9851410388946533
13600,10,0.02393234334886074,0.0011807635892182589,0.02275157906115055,1.7379684448242188,0.0038180325645953417,0.0007793973200023174,0.0007780821179039776,0.03418348357081413,0.982910692691803
13650,11,0.023685570806264877,0.0009372470085509121,0.022748323157429695,1.7379531860351562,0.0038611770141869783,0.0008906105649657547,0.0008797895861789584,0.034149594604969025,0.9832370281219482
13700,11,0.02425342984497547,0.0010491362772881985,0.023204293102025986,1.5912011861801147,0.003696529194712639,0.0008293470600619912,0.0008403153624385595,0.03388279303908348,0.9826874732971191
13750,11,0.022462280467152596,0.000919696525670588,0.021542584523558617,1.609659194946289,0.003853254485875368,0.0010723578743636608,0.0010721362195909023,0.03265892341732979,0.9835872650146484
13800,11,0.02630441263318062,0.0013359575532376766,0.024968454614281654,1.747025966644287,0.003970086108893156,0.000843004381749779,0.0008614279795438051,0.036747947335243225,0.9851483702659607
13850,11,0.024228841066360474,0.0009999456815421581,0.023228894919157028,1.656627893447876,0.003945592325180769,0.0007035572198219597,0.0007113439496606588,0.03393082693219185,0.9857277870178223
13900,11,0.022899769246578217,0.0010353517718613148,0.02186441794037819,1.5687873363494873,0.003829691093415022,0.0010311078513041139,0.0010227446909993887,0.03280138969421387,0.9831790924072266
13950,11,0.023427819833159447,0.001058813533745706,0.022369006648659706,1.664642572402954,0.003957311622798443,0.0009903199970722198,0.0010105229448527098,0.0337558314204216,0.9833358526229858
14000,11,0.022976119071245193,0.0010552454041317105,0.02192087285220623,1.5594024658203125,0.0038394834846258163,0.0007091743173077703,0.0007084341486915946,0.032194577157497406,0.9837805032730103
14050,11,0.024479195475578308,0.0009884991450235248,0.023490697145462036,1.6920959949493408,0.0037892377004027367,0.0007653406937606633,0.0007712737424299121,0.034480080008506775,0.9842719435691833
14100,11,0.02413201704621315,0.0010528586572036147,0.0230791587382555,1.5851593017578125,0.0037494704592972994,0.000777454930357635,0.0007739933207631111,0.03361301124095917,0.9829785227775574
14150,11,0.025419387966394424,0.001033618114888668,0.02438577078282833,1.846193790435791,0.0036522059235721827,0.000737538211978972,0.0007444649236276746,0.03613600879907608,0.9847831130027771
14200,11,0.02535662055015564,0.0010369764640927315,0.024319645017385483,1.6153180599212646,0.0037796928081661463,0.0008843459072522819,0.0008729068213142455,0.03519424423575401,0.9833221435546875
14250,11,0.026323430240154266,0.0009560976177453995,0.025367332622408867,1.7166259288787842,0.003824081039056182,0.0010620153043419123,0.0010831786785274744,0.03705557808279991,0.9829168319702148
14300,11,0.02634679339826107,0.0011067420709878206,0.02524005062878132,1.655697226524353,0.0037566632963716984,0.0008044700371101499,0.0008224095217883587,0.036255914717912674,0.9844488501548767
14350,11,0.02592542953789234,0.0014099560212343931,0.02451547421514988,1.6734414100646973,0.003939005546271801,0.0008334743906743824,0.0008591483347117901,0.035989198833703995,0.9842516183853149
14400,11,0.025147177278995514,0.0010046032257378101,0.02414257451891899,1.7325693368911743,0.0037437903229147196,0.0008090323535725474,0.0008132306393235922,0.035436030477285385,0.9840935468673706
14450,11,0.025750113651156425,0.0010832392144948244,0.02466687373816967,1.740972638130188,0.003719971515238285,0.0008462036494165659,0.0008542119758203626,0.03615911304950714,0.9832195043563843
14500,11,0.021522587165236473,0.0010207542218267918,0.02050183340907097,1.6204460859298706,0.0037387036718428135,0.0006746602011844516,0.0006776615628041327,0.030980875715613365,0.9836816787719727
14550,11,0.022625349462032318,0.0010427997913211584,0.021582549437880516,1.720423936843872,0.003706966992467642,0.000820098677650094,0.0008345452370122075,0.03288581967353821,0.9839317202568054
14600,11,0.023608235642313957,0.001033966662362218,0.02257426828145981,1.6308231353759766,0.003526445711031556,0.0008349004201591015,0.00084081687964499,0.03344159573316574,0.9835528135299683
14650,11,0.023672351613640785,0.0011104968143627048,0.022561855614185333,1.6613589525222778,0.0037076028529554605,0.0007514770841225982,0.0007671836647205055,0.0335015133023262,0.9838628768920898
14700,11,0.024042470380663872,0.0010041833156719804,0.023038286715745926,1.7349286079406738,0.0035952171310782433,0.0008261529728770256,0.0008319235639646649,0.0343787856400013,0.9840115904808044
14750,11,0.023277001455426216,0.0011476147919893265,0.02212938666343689,1.6023613214492798,0.0036635578144341707,0.00101556652225554,0.001044408418238163,0.03335244581103325,0.9840446710586548
14800,11,0.024726364761590958,0.0012337715597823262,0.023492593318223953,1.754284381866455,0.0037154010497033596,0.0010042143985629082,0.0010302740847691894,0.035535991191864014,0.9836975336074829
14850,11,0.024287713691592216,0.0009712115861475468,0.023316502571105957,1.6181455850601196,0.0036264320369809866,0.0009494625264778733,0.0009670555591583252,0.03429858386516571,0.9836552143096924
14900,11,0.02438383549451828,0.0011122394353151321,0.023271596059203148,1.62946355342865,0.0036666500382125378,0.0007867777021601796,0.0007911957800388336,0.03411279246211052,0.9840248227119446
14950,11,0.02278057113289833,0.0009613909642212093,0.021819179877638817,1.7647652626037598,0.003513096831738949,0.000699756434187293,0.0007010538247413933,0.033008720725774765,0.9837144017219543
15000,11,0.023953787982463837,0.0010290717473253608,0.022924715653061867,1.6526410579681396,0.0036964493338018656,0.0007470850832760334,0.000770485436078161,0.033738259226083755,0.9844304323196411
15050,12,0.023779137060046196,0.0010289171477779746,0.022750219330191612,1.6721104383468628,0.0036488142795860767,0.0007802098407410085,0.0007973767351359129,0.033720921725034714,0.9843483567237854
15100,12,0.023348312824964523,0.0008743583457544446,0.022473953664302826,1.6636672019958496,0.003667475888505578,0.000891128380317241,0.0009079102892428637,0.03346935287117958,0.9845483899116516
15150,12,0.02363254316151142,0.001444607274606824,0.022187935188412666,1.6946468353271484,0.0035152253694832325,0.0006739369127899408,0.0006893393001519144,0.03347257152199745,0.9832440614700317
15200,12,0.021385522559285164,0.0008350556017830968,0.02055046707391739,1.7043176889419556,0.003537760814651847,0.000842514680698514,0.0008444362320005894,0.031597599387168884,0.9830102324485779
15250,12,0.021837694570422173,0.0008989480556920171,0.020938746631145477,1.6992253065109253,0.003550162771716714,0.0006857430562376976,0.0006969698006287217,0.031720083206892014,0.9842243194580078
15300,12,0.022523242980241776,0.0010071431752294302,0.0215160995721817,1.7251920700073242,0.003725798800587654,0.00122870784252882,0.0012476269621402025,0.03362926468253136,0.9839282631874084
15350,12,0.02241593599319458,0.0010857887100428343,0.021330147981643677,1.584683895111084,0.003472935874015093,0.0009599410695955157,0.0009673595777712762,0.03227012977004051,0.9838261604309082
15400,12,0.023540813475847244,0.0010753117967396975,0.022465500980615616,1.5341787338256836,0.003422921057790518,0.000767018529586494,0.0007684219162911177,0.03275057300925255,0.9844892621040344
15450,12,0.02258537895977497,0.0010926597751677036,0.021492719650268555,1.6906557083129883,0.003626879071816802,0.0006931273965165019,0.000691973720677197,0.032427385449409485,0.9843320250511169
15500,12,0.023378096520900726,0.001076553133316338,0.02230154350399971,1.5826222896575928,0.003689763369038701,0.0008793576271273196,0.0008833210449665785,0.033057574182748795,0.9852195978164673
15550,12,0.02264818176627159,0.0009436588734388351,0.021704522892832756,1.759196162223816,0.003523926017805934,0.0006720253149978817,0.000668215798214078,0.032787926495075226,0.984128475189209
15600,12,0.023863038048148155,0.0014443483669310808,0.022418688982725143,1.6606773138046265,0.0036507414188236,0.0008301804773509502,0.000844916794449091,0.033845171332359314,0.9845263361930847
15650,12,0.02371271513402462,0.0010520248906686902,0.022660689428448677,1.5557568073272705,0.0036251668352633715,0.0009117461740970612,0.0009212111472152174,0.03332808241248131,0.9845226407051086
15700,12,0.02508505992591381,0.0009725402342155576,0.024112518876791,1.813354730606079,0.0035042178351432085,0.0007372991531156003,0.0007537268102169037,0.03564636409282684,0.9839465618133545
15750,12,0.023810194805264473,0.0009178235777653754,0.02289237082004547,1.6099528074264526,0.0034836595878005028,0.0007993445033207536,0.0008162807207554579,0.03347906470298767,0.984328031539917
15800,12,0.024913594126701355,0.0012373487697914243,0.023676244542002678,1.681206226348877,0.0035022201482206583,0.0009782994166016579,0.0009920471347868443,0.03529347479343414,0.9843428730964661
15850,12,0.024216078221797943,0.0011261089239269495,0.023089969530701637,1.6650909185409546,0.003464099718257785,0.0010556478518992662,0.0010872671846300364,0.03468791022896767,0.9838402271270752
15900,12,0.025509063154459,0.0011181635782122612,0.024390898644924164,1.7042555809020996,0.003529804525896907,0.0008314090664498508,0.0008536624372936785,0.03571894392371178,0.9851600527763367
15950,12,0.024733558297157288,0.0011898574884980917,0.023543700575828552,1.6470353603363037,0.0036252737045288086,0.000856920494697988,0.0008636158891022205,0.03469289839267731,0.9845090508460999
16000,12,0.02167036011815071,0.0010532638989388943,0.02061709575355053,1.6320714950561523,0.0036729134153574705,0.0008041717228479683,0.0008116038516163826,0.03145016357302666,0.9838409423828125
16050,12,0.023867515847086906,0.001085792202502489,0.022781724110245705,1.6289215087890625,0.0034824844915419817,0.0008850805461406708,0.0009007924818433821,0.03380148112773895,0.9850859045982361
16100,12,0.022488679736852646,0.0008834003238007426,0.02160527929663658,1.5756065845489502,0.0036935817915946245,0.0006915202247910202,0.000696235743816942,0.03175815939903259,0.984732985496521
16150,12,0.02446667291224003,0.0010322537273168564,0.023434419184923172,1.8605307340621948,0.003466077847406268,0.0006568621611222625,0.0006684978143312037,0.03509815037250519,0.9851404428482056
16200,12,0.023282630369067192,0.0009844743181020021,0.02229815535247326,1.7310408353805542,0.0035040443763136864,0.0009900262812152505,0.0009883063612505794,0.033919673413038254,0.9844489097595215
16250,12,0.022548332810401917,0.0009462107555009425,0.021602122113108635,1.732175350189209,0.0034376783296465874,0.0006301900139078498,0.0006242241943255067,0.032467059791088104,0.9848542213439941
16300,12,0.02337149903178215,0.001071099890395999,0.022300399839878082,1.5458431243896484,0.0034487717784941196,0.0007457284955307841,0.000766275858040899,0.03261616826057434,0.9848740696907043
16350,12,0.02301682159304619,0.0009549586684443057,0.02206186205148697,1.6163188219070435,0.0035637179389595985,0.0006993964780122042,0.0007183559937402606,0.03251973167061806,0.985937774181366
16400,13,0.02349972538650036,0.0008577916887588799,0.02264193445444107,1.543621301651001,0.0035209234338253736,0.0008360381470993161,0.0008570830686949193,0.03291447460651398,0.9856245517730713
16450,13,0.022426936775445938,0.0009366828599013388,0.021490253508090973,1.6789441108703613,0.003524072701111436,0.0008410911541432142,0.0008487722952850163,0.03251504525542259,0.9855822324752808
16500,13,0.02319149114191532,0.0009316291543655097,0.02225986123085022,1.58778977394104,0.0036041787825524807,0.0008781137876212597,0.0008853842737153172,0.03289754316210747,0.9862307906150818
16550,13,0.024023886770009995,0.0011171973310410976,0.02290668897330761,1.7005895376205444,0.0035929486621171236,0.0009369795443490148,0.0009439198183827102,0.03441132605075836,0.9851845502853394
16600,13,0.02134365402162075,0.0009868894703686237,0.020356765016913414,1.662556767463684,0.0034423836041241884,0.0006134136929176748,0.0006240780930966139,0.030897369608283043,0.9831502437591553
16650,13,0.022538146004080772,0.0008152456721290946,0.02172289974987507,1.6744588613510132,0.0035140328109264374,0.0007314420072361827,0.0007265154272317886,0.03237191215157509,0.9837759733200073
16700,13,0.022218473255634308,0.0008049655589275062,0.02141350694000721,1.6148998737335205,0.0034456343855708838,0.000683738908264786,0.0007012620335444808,0.03168141841888428,0.9841954112052917
16750,13,0.020886925980448723,0.000883780128788203,0.020003145560622215,1.5961979627609253,0.0035352674312889576,0.0007900010677985847,0.0008055821526795626,0.03046703338623047,0.9848567843437195
16800,13,0.021769637241959572,0.0008090300252661109,0.020960606634616852,1.5429946184158325,0.0034933616407215595,0.0008936618687584996,0.0008978307014331222,0.03127959743142128,0.9847319722175598
16850,13,0.022970572113990784,0.0008389260619878769,0.022131646052002907,1.6704784631729126,0.0034028682857751846,0.0005263587809167802,0.0005328928236849606,0.03238561749458313,0.9848369359970093
16900,13,0.023046525195240974,0.0010559301590546966,0.021990595385432243,1.6771581172943115,0.0034590805880725384,0.0009671887964941561,0.0009853189112618566,0.03338828310370445,0.9839673638343811
16950,13,0.025032110512256622,0.0012186893727630377,0.02381342090666294,1.5705524682998657,0.0034761300776153803,0.0009669573046267033,0.0009691978921182454,0.03482450544834137,0.9844698309898376
17000,13,0.02244890294969082,0.000850718526635319,0.02159818448126316,1.5713053941726685,0.0034308810718357563,0.0007319382857531309,0.0007402079645544291,0.03178100660443306,0.9841084480285645
17050,13,0.02235867641866207,0.0010085746180266142,0.021350102499127388,1.5886058807373047,0.0034939858596771955,0.0009477625717408955,0.0009656540933065116,0.03221861645579338,0.9845083951950073
17100,13,0.02146894484758377,0.0007452114950865507,0.02072373405098915,1.6545448303222656,0.0032960358075797558,0.0008199313306249678,0.000822867383249104,0.03138776496052742,0.9844272136688232
17150,13,0.02379789762198925,0.0009990048129111528,0.022798892110586166,1.7039949893951416,0.0032908939756453037,0.0008396235061809421,0.000844129710458219,0.03400491550564766,0.9838533401489258
17200,13,0.02501404657959938,0.0011373190209269524,0.023876728489995003,1.5936518907546997,0.0033230758272111416,0.0008904952555894852,0.0008829656871967018,0.03475908935070038,0.9844186305999756
17250,13,0.02428174950182438,0.0009384031873196363,0.023343347012996674,1.533787488937378,0.003271405817940831,0.0006828011246398091,0.0006900789448991418,0.03332683816552162,0.985325813293457
17300,13,0.025037413462996483,0.00095849868375808,0.024078914895653725,1.6959298849105835,0.003323341254144907,0.0008754018344916403,0.0008922119159251451,0.035287998616695404,0.9845772981643677
17350,13,0.02247348427772522,0.0009572385461069643,0.02151624485850334,1.5637716054916382,0.0032767318189144135,0.0008423986146226525,0.0008509533945471048,0.031988970935344696,0.9842244386672974
17400,13,0.021832004189491272,0.0010373375844210386,0.020794667303562164,1.573188066482544,0.003310312982648611,0.0008517773821949959,0.0008644732879474759,0.03141750395298004,0.9831418395042419
17450,13,0.023211875930428505,0.0009059585863724351,0.022305916994810104,1.6418678760528564,0.003512935247272253,0.0007750887307338417,0.0007777466089464724,0.03297756239771843,0.9848562479019165
17500,13,0.02291296422481537,0.0010586590506136417,0.021854305639863014,1.5275787115097046,0.0033449693582952023,0.0006522323819808662,0.0006615804159082472,0.031868014484643936,0.9846864938735962
17550,13,0.02237348072230816,0.0009118627640418708,0.021461617201566696,1.7131338119506836,0.003381208749487996,0.0006695766351185739,0.0006685476982966065,0.03228065371513367,0.9847317337989807
17600,13,0.022063760086894035,0.0010121655650436878,0.021051594987511635,1.5980945825576782,0.003366125049069524,0.0008246815414167941,0.000829868542496115,0.03171214833855629,0.985316812992096
17650,13,0.0243533905595541,0.0009657707414589822,0.023387620225548744,1.548771619796753,0.003418242558836937,0.0006459555588662624,0.0006480675656348467,0.033394694328308105,0.9847716093063354
17700,13,0.022652320563793182,0.000987822888419032,0.02166449837386608,1.6883589029312134,0.003385306568816304,0.0007026584353297949,0.000714318361133337,0.03251447528600693,0.9842031002044678
17750,14,0.02246049977838993,0.0011485598515719175,0.021311940625309944,1.6312153339385986,0.003525369567796588,0.0007660671835765243,0.0007760890293866396,0.03216225653886795,0.9851809740066528
17800,14,0.024364445358514786,0.0011710607213899493,0.02319338545203209,1.580240249633789,0.003344150958582759,0.0007313904352486134,0.0007489212439395487,0.033749304711818695,0.9847792983055115
17850,14,0.02033771574497223,0.0008084507426247001,0.01952926442027092,1.6295788288116455,0.003273827489465475,0.0007876305608078837,0.0007883068174123764,0.030064823105931282,0.9836636781692505
17900,14,0.021924499422311783,0.0007706081960350275,0.0211538914591074,1.629525899887085,0.0032753378618508577,0.0007217931561172009,0.0007268635672517121,0.03152405843138695,0.9846184253692627
17950,14,0.023533670231699944,0.0012729461304843426,0.022260723635554314,1.5402053594589233,0.0033297401387244463,0.0006476618582382798,0.0006563791539520025,0.032542068511247635,0.984813928604126
18000,14,0.023709196597337723,0.0009421225404366851,0.022767074406147003,1.635794758796692,0.0034423447214066982,0.0008733660797588527,0.0008917799568735063,0.033656761050224304,0.984411358833313
18050,14,0.023504525423049927,0.0009736032225191593,0.022530922666192055,1.607331395149231,0.0033987918868660927,0.0009036628762260079,0.0009250623406842351,0.033373307436704636,0.9839978218078613
18100,14,0.023462889716029167,0.00118369166739285,0.022279197350144386,1.6236273050308228,0.0033742543309926987,0.0008585737668909132,0.000875082507263869,0.03331805765628815,0.9842915534973145
18150,14,0.02168344333767891,0.0008911974146030843,0.020792245864868164,1.6020785570144653,0.003269930835813284,0.0006406859029084444,0.0006567231612280011,0.030994515866041183,0.98455810546875
18200,14,0.02187849022448063,0.001106210402213037,0.020772280171513557,1.618353247642517,0.0032915808260440826,0.0008177099516615272,0.0008223882177844644,0.03161364793777466,0.9844982624053955
18250,14,0.022666312754154205,0.00107287778519094,0.021593434736132622,1.5783228874206543,0.0032891202718019485,0.0006822260329499841,0.0006926664500497282,0.03193610906600952,0.9843236207962036
18300,14,0.022796645760536194,0.0010861753253266215,0.02171047031879425,1.5019376277923584,0.0033089760690927505,0.0007876784657128155,0.0008011782192625105,0.03189849853515625,0.9861212968826294
18350,14,0.02343292348086834,0.000942100421525538,0.02249082364141941,1.5952157974243164,0.003302358090877533,0.0011760094203054905,0.0011919906828552485,0.0337803028523922,0.9837223291397095
18400,14,0.024684488773345947,0.001205525710247457,0.02347896248102188,1.6144269704818726,0.0033146583009511232,0.0008408277062699199,0.0008552178042009473,0.03445598483085632,0.9853915572166443
18450,14,0.022756759077310562,0.0011465545976534486,0.021610204130411148,1.5350964069366455,0.003319156588986516,0.0006769149331375957,0.0006860599387437105,0.03179853409528732,0.9847214818000793
18500,14,0.02288118563592434,0.001111691351979971,0.02176949381828308,1.5681636333465576,0.003457929939031601,0.000846696668304503,0.0008528976468369365,0.03242505341768265,0.9844398498535156
18550,14,0.023030247539281845,0.001083506504073739,0.02194674126803875,1.6246099472045898,0.0033448324538767338,0.0007892845314927399,0.0008033135673031211,0.0327492393553257,0.9833698868751526
18600,14,0.022667689248919487,0.0009036300471052527,0.021764058619737625,1.4957349300384521,0.0033347534481436014,0.0008022150723263621,0.000803467002697289,0.03175538033246994,0.9846852421760559
18650,14,0.024889973923563957,0.0009707278222776949,0.02391924522817135,1.5755040645599365,0.0033652291167527437,0.0008804823155514896,0.0009015648975037038,0.03455290570855141,0.984696626663208
18700,14,0.02241615206003189,0.0008735586889088154,0.021542593836784363,1.4806723594665527,0.0034011530224233866,0.0007334984838962555,0.0007464439840987325,0.031302858144044876,0.9843475818634033
18750,14,0.02463206835091114,0.0010261312127113342,0.023605937138199806,1.53839111328125,0.0033251235727220774,0.0007723494782112539,0.0007861304329708219,0.03388582915067673,0.9856899976730347
18800,14,0.023703496903181076,0.0009035045513883233,0.022799992933869362,1.5908334255218506,0.003364700824022293,0.0008101460407488048,0.0008216954884119332,0.033292870968580246,0.9842751026153564
18850,14,0.02439473569393158,0.0011261234758421779,0.02326861210167408,1.5755170583724976,0.003282443154603243,0.0008484441787004471,0.0008589314529672265,0.03398297727108002,0.9852949976921082
18900,14,0.022645751014351845,0.0011207301868125796,0.021525021642446518,1.547135353088379,0.003304459387436509,0.0007823066553100944,0.0007876857416704297,0.031954724341630936,0.9841231107711792
18950,14,0.02393495664000511,0.0008043403504416347,0.023130616173148155,1.6328462362289429,0.0032676453702151775,0.0007812774274498224,0.0007797205471433699,0.03366345167160034,0.9843908548355103
19000,14,0.02357628010213375,0.0010283509036526084,0.022547928616404533,1.6342730522155762,0.003600290510803461,0.0009628662373870611,0.0009710275917313993,0.03368514031171799,0.9838535785675049
19050,14,0.02258691005408764,0.0007833270938135684,0.021803582087159157,1.5097365379333496,0.0034099440090358257,0.0005899889511056244,0.0005845306441187859,0.03131352365016937,0.9845497608184814
19100,15,0.02225334197282791,0.0010949756251648068,0.021158365532755852,1.5685176849365234,0.0033743325620889664,0.0007843658095225692,0.000777164357714355,0.031660836189985275,0.9843411445617676
19150,15,0.022990966215729713,0.0008321329369209707,0.022158833220601082,1.6095540523529053,0.0032534466590732336,0.0007658896502107382,0.0007710708305239677,0.03257894888520241,0.9860339164733887
19200,15,0.021749023348093033,0.0009729779558256269,0.020776044577360153,1.5499558448791504,0.0032856848556548357,0.0007892302819527686,0.0007908254046924412,0.031082144007086754,0.9836037158966064
19250,15,0.022041594609618187,0.0008623697212897241,0.02117922529578209,1.6840686798095703,0.0033079832792282104,0.0005770727293565869,0.0005845385021530092,0.031626857817173004,0.9862377047538757
19300,15,0.020176129415631294,0.0008361772634088993,0.019339952617883682,1.6686394214630127,0.003102757502347231,0.0007692951476201415,0.0007754365215077996,0.030067160725593567,0.9842475652694702
19350,15,0.02276747114956379,0.0010390052339062095,0.02172846533358097,1.5422604084014893,0.003050650702789426,0.0007509278366342187,0.0007502581574954093,0.03198301047086716,0.9850984811782837
19400,15,0.024174802005290985,0.0010652710916474462,0.02310953103005886,1.5868016481399536,0.0031560116913169622,0.000795953266788274,0.0008061081171035767,0.03371402621269226,0.9846224784851074
19450,15,0.020516620948910713,0.0007444184739142656,0.019772201776504517,1.5144973993301392,0.003070078557357192,0.0005500436527654529,0.0005607408238574862,0.029202962294220924,0.9854288101196289
19500,15,0.021681325510144234,0.000898701895494014,0.020782623440027237,1.5503520965576172,0.0030907823238521814,0.0007722872542217374,0.0007787745562382042,0.030987238511443138,0.9846956133842468
19550,15,0.02202349342405796,0.0009911695960909128,0.02103232406079769,1.6205888986587524,0.003204480279237032,0.0007174279307946563,0.0007234467193484306,0.031570516526699066,0.9848043322563171
19600,15,0.02063465490937233,0.0007603871636092663,0.019874267280101776,1.5894083976745605,0.003201975952833891,0.0006387924076989293,0.0006476821727119386,0.029871374368667603,0.9848787784576416
19650,15,0.022081023082137108,0.0008045805152505636,0.0212764423340559,1.642228364944458,0.003123993519693613,0.0007504160748794675,0.0007672858191654086,0.031812988221645355,0.9849274158477783
19700,15,0.023284301161766052,0.0010399450547993183,0.02224435657262802,1.628882646560669,0.0030851371120661497,0.0007338500581681728,0.000741455121897161,0.03290710225701332,0.9857983589172363
19750,15,0.022959260269999504,0.0008719775942154229,0.022087283432483673,1.5832024812698364,0.003269482171162963,0.0007698461995460093,0.0007708880584686995,0.03241927549242973,0.985524594783783
19800,15,0.022306298837065697,0.0009641826618462801,0.021342115476727486,1.5742368698120117,0.0031462095212191343,0.0008130762143991888,0.0008138773264363408,0.03180758282542229,0.9849288463592529
19850,15,0.023282652720808983,0.0009485150221735239,0.022334137931466103,1.6273760795593262,0.0031795373652130365,0.0006406055763363838,0.0006480560405179858,0.03271137550473213,0.9838076233863831
19900,15,0.022089876234531403,0.0009787159506231546,0.02111116051673889,1.5135066509246826,0.003099578432738781,0.0008308967808261514,0.000824994407594204,0.031316399574279785,0.9845895171165466
19950,15,0.02483847737312317,0.0009565101936459541,0.02388196624815464,1.578080415725708,0.003290858818218112,0.0005755274323746562,0.000592363765463233,0.03390005975961685,0.9851178526878357
20000,15,0.023521730676293373,0.0012981973122805357,0.02222353406250477,1.692511796951294,0.00322924368083477,0.0009655100293457508,0.0009710075100883842,0.03392403572797775,0.9846776723861694
20050,15,0.024846557527780533,0.0010510378051549196,0.023795519024133682,1.6053369045257568,0.003279356751590967,0.0007869356777518988,0.0008023150730878115,0.03446577116847038,0.9844326376914978
20100,15,0.02304137498140335,0.0010586469434201717,0.021982727572321892,1.6558901071548462,0.003244074061512947,0.0007416659500449896,0.0007518018828704953,0.0328175388276577,0.9844779372215271
20150,15,0.02139902114868164,0.0007634552894160151,0.020635565742850304,1.604544997215271,0.003256650408729911,0.0006597586907446384,0.0006668689893558621,0.030751630663871765,0.9846706986427307
20200,15,0.024655304849147797,0.0008564310846850276,0.023798873648047447,1.5044987201690674,0.0032589680049568415,0.0006785956211388111,0.0006885064067319036,0.03354816138744354,0.9866622686386108
20250,15,0.024479050189256668,0.001047387719154358,0.02343166247010231,1.6123292446136475,0.0030884635634720325,0.0007798438891768456,0.00079732557060197,0.03412095457315445,0.98583984375
20300,15,0.024375101551413536,0.0008812055457383394,0.023493895307183266,1.7165418863296509,0.003198502818122506,0.0007036597235128284,0.0007058251067064703,0.03437049686908722,0.9841365218162537
20350,15,0.023444559425115585,0.0011077270610257983,0.02233683317899704,1.6985588073730469,0.0031588126439601183,0.0007440824992954731,0.0007412332342937589,0.03342582657933235,0.9852720499038696
20400,15,0.023175129666924477,0.0008954727672971785,0.022279657423496246,1.332430124282837,0.003224317217245698,0.000682793150190264,0.0006824709707871079,0.03120576962828636,0.9849631786346436
20450,15,0.023415178060531616,0.0011408226564526558,0.022274356335401535,1.5808181762695312,0.0030784853734076023,0.0006757265655323863,0.0006864518509246409,0.03268452361226082,0.9847439527511597
20500,16,0.023739062249660492,0.0009484441252425313,0.022790618240833282,1.5163625478744507,0.003391447477042675,0.0006630258867517114,0.000678373035043478,0.032665662467479706,0.9861888885498047
20550,16,0.0232560932636261,0.0007993611507117748,0.022456731647253036,1.6098905801773071,0.0033518511336296797,0.0010280057322233915,0.0010280772112309933,0.03336498141288757,0.9858588576316833
20600,16,0.022714894264936447,0.0010730980429798365,0.021641796454787254,1.7221646308898926,0.003267709631472826,0.0007263701409101486,0.0007336760172620416,0.03278902918100357,0.9848653078079224
20650,16,0.021945299580693245,0.0008561090799048543,0.021089190617203712,1.5353281497955322,0.0031651596073061228,0.0007269521011039615,0.0007386257639154792,0.03109068237245083,0.985406756401062
20700,16,0.02202894352376461,0.000985324615612626,0.021043619140982628,1.5941863059997559,0.003216813551262021,0.0008230877574533224,0.0008451072499155998,0.03167128562927246,0.9855663776397705
20750,16,0.02291065640747547,0.0009217160404659808,0.021988939493894577,1.5779058933258057,0.0030058519914746284,0.0008028261945582926,0.0008199168951250613,0.03242593631148338,0.9854749441146851
20800,16,0.022253887727856636,0.0008092099451459944,0.02144467830657959,1.7461893558502197,0.0030894014053046703,0.0005880132666788995,0.0005894508212804794,0.03216538950800896,0.9847942590713501
20850,16,0.021914245560765266,0.000849811127409339,0.021064434200525284,1.5727598667144775,0.003099087392911315,0.0006797167588956654,0.0006834287196397781,0.031144289299845695,0.9847469925880432
20900,16,0.021936889737844467,0.0008475788636133075,0.021089311689138412,1.5977888107299805,0.003089409088715911,0.0005976945394650102,0.0005914322682656348,0.031118052080273628,0.9856123328208923
20950,16,0.022884899750351906,0.0009396849782206118,0.02194521389901638,1.558288335800171,0.0031236682552844286,0.0006658202037215233,0.0006770620821043849,0.032022345811128616,0.9849610328674316
21000,16,0.021452875807881355,0.0007473881123587489,0.020705487579107285,1.5765540599822998,0.003097683656960726,0.0008063060231506824,0.0008317567408084869,0.030976805835962296,0.986731767654419
21050,16,0.021364953368902206,0.0008100378909148276,0.020554915070533752,1.5765589475631714,0.0031512451823800802,0.00060211808886379,0.0006141848862171173,0.03046720288693905,0.9854955077171326
21100,16,0.02296462096273899,0.0009461625013500452,0.02201845869421959,1.4742028713226318,0.0029673012904822826,0.0007431948906742036,0.000762656913138926,0.031844452023506165,0.9848794341087341
21150,16,0.022656841203570366,0.0009392049978487194,0.021717635914683342,1.534658432006836,0.0030129041988402605,0.0006270011654123664,0.0006329344469122589,0.03159308061003685,0.9840055704116821
21200,16,0.021311763674020767,0.0009426613105461001,0.02036910317838192,1.533972978591919,0.003005384234711528,0.0005967420293018222,0.0006113289855420589,0.030192704871296883,0.9850822687149048
21250,16,0.02068508230149746,0.0008877601358108222,0.019797321408987045,1.4643712043762207,0.0031977551989257336,0.000731429667212069,0.0007407097145915031,0.029482275247573853,0.9856980443000793
21300,16,0.02054188773036003,0.0007860198384150863,0.01975586824119091,1.6257623434066772,0.003043161937966943,0.0006792439380660653,0.0006879583233967423,0.03004094399511814,0.9851953387260437
21350,16,0.021375898271799088,0.0009120492613874376,0.0204638484865427,1.6358524560928345,0.002988977823406458,0.0007024159422144294,0.0007123063551262021,0.03097287192940712,0.9840856790542603
21400,16,0.021275220438838005,0.0009217227925546467,0.020353497937321663,1.5217523574829102,0.0031495168805122375,0.0006345765432342887,0.0006397584220394492,0.03016146644949913,0.9848220944404602
21450,16,0.020214928314089775,0.0007590220775455236,0.019455906003713608,1.5773378610610962,0.0031751489732414484,0.0007812208496034145,0.0007854045834392309,0.02967141941189766,0.9841482639312744
21500,16,0.024285878986120224,0.0008142200531437993,0.023471659049391747,1.5430152416229248,0.003209627466276288,0.000678555981721729,0.0007004401995800436,0.03338316082954407,0.985170304775238
21550,16,0.02290467917919159,0.001003216952085495,0.021901462227106094,1.6257927417755127,0.003078751266002655,0.0007698411354795098,0.0007702551083639264,0.03257681801915169,0.9853503108024597
21600,16,0.022274725139141083,0.0008600622531957924,0.021414663642644882,1.4382007122039795,0.003191940486431122,0.0006835721433162689,0.0006948821828700602,0.030847374349832535,0.984152615070343
21650,16,0.02216702699661255,0.0009098572772927582,0.021257169544696808,1.6390371322631836,0.0031260077375918627,0.0008491005282849073,0.0008578243432566524,0.03207226097583771,0.984817624092102
21700,16,0.023673715069890022,0.000912435119971633,0.022761279717087746,1.446195125579834,0.0031187431886792183,0.0007073477027006447,0.0007123243412934244,0.03232748061418533,0.9851772785186768
21750,16,0.021622763946652412,0.0009745980496518314,0.02064816653728485,1.4985986948013306,0.003194185672327876,0.0006035402184352279,0.0006092456169426441,0.03033173643052578,0.9856030941009521
21800,16,0.021550392732024193,0.0009204126545228064,0.02062997967004776,1.6688953638076782,0.0031385263428092003,0.0007018758915364742,0.0007060912903398275,0.03130597621202469,0.9854264855384827
21850,17,0.022126156836748123,0.0009822292486205697,0.021143928170204163,1.662887692451477,0.0031777452677488327,0.0008383526001125574,0.000837593455798924,0.032119717448949814,0.9850475788116455
21900,17,0.023629290983080864,0.000844776164740324,0.022784514352679253,1.5592154264450073,0.002989171538501978,0.0007079726783558726,0.0007090686704032123,0.0328453965485096,0.9850399494171143
21950,17,0.024426626041531563,0.0008776818867772818,0.023548943921923637,1.6076949834823608,0.003223519306629896,0.0006606663228012621,0.0006624159868806601,0.03379140421748161,0.9849503040313721
22000,17,0.02356432005763054,0.0008571110083721578,0.02270720899105072,1.4495208263397217,0.0031101948115974665,0.0008446691790595651,0.0008404591935686767,0.03250016272068024,0.9855350255966187
22050,17,0.02317851036787033,0.0009484982001595199,0.022230012342333794,1.6217495203018188,0.003157101571559906,0.0007051227730698884,0.000701352022588253,0.032696887850761414,0.9839693903923035
22100,17,0.023624541237950325,0.0010362662142142653,0.022588275372982025,1.7059476375579834,0.0031897632870823145,0.0008775287424214184,0.000891545380000025,0.03392653912305832,0.9847007989883423
22150,17,0.02012297697365284,0.000979272648692131,0.01914370432496071,1.5185680389404297,0.0031212936155498028,0.0009247739799320698,0.0009235364268533885,0.02956724911928177,0.9850801825523376
22200,17,0.021870017051696777,0.0009398494148626924,0.02093016728758812,1.5409252643585205,0.0030777861829847097,0.000810758036095649,0.0008357413462363183,0.031224220991134644,0.9856307506561279
22250,17,0.02150646783411503,0.0008369778515771031,0.020669490098953247,1.4880259037017822,0.0031944806687533855,0.0006771753542125225,0.0006838126573711634,0.030310779809951782,0.9858153462409973
22300,17,0.020093625411391258,0.0007259149570018053,0.019367709755897522,1.492552638053894,0.003211957635357976,0.0007000999175943434,0.0007097271736711264,0.028969427570700645,0.9855902194976807
22350,17,0.022743765264749527,0.0009337842930108309,0.021809980273246765,1.5092780590057373,0.0030267611145973206,0.00072582031134516,0.0007400301983579993,0.03175903111696243,0.9841187596321106
22400,17,0.01972307078540325,0.0008070542244240642,0.018916016444563866,1.577937126159668,0.0030373884364962578,0.0007851861882954836,0.0008057869854383171,0.029206767678260803,0.9852221012115479
22450,17,0.023114167153835297,0.0009594864095561206,0.022154681384563446,1.60750412940979,0.0029404147062450647,0.0008136628894135356,0.0008234069682657719,0.03279170021414757,0.9851880073547363
22500,17,0.02097221091389656,0.0007373684784397483,0.020234841853380203,1.5067830085754395,0.0030509077478200197,0.0006439832504838705,0.0006484179757535458,0.02980157919228077,0.9842652082443237
22550,17,0.02150413766503334,0.0010702081490308046,0.020433928817510605,1.516218662261963,0.0031162635423243046,0.0009112602565437555,0.000924694468267262,0.030924301594495773,0.984400749206543
22600,17,0.022700628265738487,0.0008118937839753926,0.0218887347728014,1.657617211341858,0.003031739266589284,0.0006702650571241975,0.000674018170684576,0.0323360301554203,0.9846913814544678
22650,17,0.021696660667657852,0.000851630000397563,0.02084503136575222,1.5679817199707031,0.0030201131012290716,0.0006040815496817231,0.000607878842856735,0.0307515487074852,0.9848030805587769
22700,17,0.018841471523046494,0.0006828963523730636,0.018158575519919395,1.3925739526748657,0.0031027502845972776,0.0005935046938247979,0.0005977273685857654,0.026998676359653473,0.985759973526001
22750,17,0.020033685490489006,0.0008845129632391036,0.01914917305111885,1.5953285694122314,0.0029064302798360586,0.0007225073641166091,0.0007235404336825013,0.029459280893206596,0.984616756439209
22800,17,0.021973073482513428,0.0008969599148258567,0.021076112985610962,1.6857937574386597,0.0029614667873829603,0.0005989091587252915,0.0006138618336990476,0.031617775559425354,0.9851276874542236
22850,17,0.021473366767168045,0.0009258863283321261,0.02054748125374317,1.5617523193359375,0.0029053566977381706,0.000726094120182097,0.0007219949038699269,0.030733123421669006,0.9844128489494324
22900,17,0.02179889567196369,0.0009882005397230387,0.020810695365071297,1.5231539011001587,0.0030439526308327913,0.0006371442577801645,0.0006557662272825837,0.030710618942975998,0.9851668477058411
22950,17,0.022439807653427124,0.0008150767534971237,0.02162473089993,1.651013731956482,0.003175770863890648,0.000594406621530652,0.0006063797045499086,0.03189883753657341,0.9851913452148438
23000,17,0.024054229259490967,0.0009330727043561637,0.02312115579843521,1.6267446279525757,0.0029850881546735764,0.0006655298639088869,0.0006643509841524065,0.03352081775665283,0.9846823215484619
23050,17,0.021872976794838905,0.0007944511016830802,0.021078525111079216,1.3680992126464844,0.0031420059967786074,0.000693049980327487,0.0007079617353156209,0.03011762537062168,0.9849675893783569
23100,17,0.02063668519258499,0.0008026808500289917,0.019834004342556,1.6120644807815552,0.0030696492176502943,0.0007397825829684734,0.0007449702825397253,0.030184829607605934,0.9845097661018372
23150,17,0.020838521420955658,0.0008947394089773297,0.019943781197071075,1.661805510520935,0.0030276267789304256,0.0006205922109074891,0.0006241848459467292,0.030395353212952614,0.9845499992370605
23200,18,0.022363243624567986,0.000776084023527801,0.021587159484624863,1.6219112873077393,0.0031912869308143854,0.0006585755618289113,0.0006679959478788078,0.03180256113409996,0.9847815036773682
23250,18,0.020509595051407814,0.0009089014492928982,0.01960069313645363,1.504497766494751,0.0032052244059741497,0.0006683544488623738,0.000671853544190526,0.02937549725174904,0.9849483370780945
23300,18,0.021200476214289665,0.0009526405483484268,0.02024783566594124,1.5549603700637817,0.0031258510425686836,0.0006709641893394291,0.0006709085428155959,0.03032027557492256,0.9856562614440918
23350,18,0.02269989438354969,0.001210479182191193,0.02148941531777382,1.4663978815078735,0.003225838765501976,0.0009235430625267327,0.0009321736288256943,0.03189082816243172,0.9855037331581116
23400,18,0.02338993363082409,0.0008177415002137423,0.022572191432118416,1.4647780656814575,0.003076676744967699,0.00091846490977332,0.0009260603692382574,0.03256142511963844,0.9855072498321533
23450,18,0.021023739129304886,0.000830299686640501,0.020193438977003098,1.5144370794296265,0.003087206045165658,0.0005894060013815761,0.0005951797938905656,0.029783597216010094,0.9857451915740967
23500,18,0.02166561409831047,0.0008013314218260348,0.020864281803369522,1.4637019634246826,0.003121092217043042,0.0006083464249968529,0.0006148715619929135,0.03021046333014965,0.9843546152114868
23550,18,0.023995637893676758,0.0009127024095505476,0.02308293618261814,1.6019937992095947,0.0031185962725430727,0.0007212171331048012,0.0007411105325445533,0.03347105532884598,0.9846525192260742
23600,18,0.02171187661588192,0.0009546201908960938,0.02075725607573986,1.513253092765808,0.0032284308690577745,0.0006800780538469553,0.0007081510266289115,0.030669599771499634,0.9844934940338135
23650,18,0.02164326421916485,0.0008926140726543963,0.02075064927339554,1.4879909753799438,0.0031014136038720608,0.000620504142716527,0.0006317447987385094,0.03033856861293316,0.9853062629699707
23700,18,0.020982125774025917,0.0007390850805677474,0.020243041217327118,1.4745547771453857,0.003095361404120922,0.0005614260444417596,0.0005587792256847024,0.029478201642632484,0.9843113422393799
23750,18,0.02200825698673725,0.0008428264409303665,0.021165430545806885,1.4665541648864746,0.0031231525354087353,0.0007132644532248378,0.0007238484686240554,0.03078126348555088,0.9848244786262512
23800,18,0.022105755284428596,0.0008858061628416181,0.021219948306679726,1.5624037981033325,0.0030165654607117176,0.0007159935194067657,0.0007119205547496676,0.03134870529174805,0.9846774339675903
23850,18,0.021362364292144775,0.0007376541616395116,0.020624710246920586,1.5148570537567139,0.002991298446431756,0.0006856319378130138,0.000685137405525893,0.030310409143567085,0.9848182201385498
23900,18,0.020639536902308464,0.0007679907139390707,0.01987154595553875,1.5484249591827393,0.0029993299394845963,0.000640326295979321,0.0006403089500963688,0.029665295034646988,0.9858376979827881
23950,18,0.021917633712291718,0.0008656317368149757,0.021052002906799316,1.595248818397522,0.0030730129219591618,0.0007535598706454039,0.0007687449688091874,0.03141925856471062,0.9845626354217529
24000,18,0.022062405943870544,0.0008067069575190544,0.021255699917674065,1.6117007732391357,0.0032027270644903183,0.0006619215710088611,0.0006766410078853369,0.03146267309784889,0.9848189353942871
24050,18,0.022504327818751335,0.0009217255865223706,0.021582601591944695,1.520079493522644,0.003154026111587882,0.0008735960000194609,0.0008954053046181798,0.031876880675554276,0.9837416410446167
24100,18,0.024327514693140984,0.0009507390786893666,0.02337677590548992,1.5977221727371216,0.003152155317366123,0.0006789718754589558,0.0006837574183009565,0.03368200734257698,0.9850829839706421
24150,18,0.02187635935842991,0.0007390060927718878,0.021137353032827377,1.574852466583252,0.0031413568649441004,0.0006436222465708852,0.00063993816729635,0.03103732503950596,0.9829640984535217
24200,18,0.02190830558538437,0.0010207369923591614,0.020887568593025208,1.5219953060150146,0.003140454413369298,0.0008527117315679789,0.0008804463432170451,0.03125458210706711,0.9854788780212402
24250,18,0.021212149411439896,0.0011009527370333672,0.020111195743083954,1.5101312398910522,0.0031113214790821075,0.0006202380172908306,0.0006304437993094325,0.030016599223017693,0.9846752882003784
24300,18,0.021524762734770775,0.0009379422990605235,0.02058682031929493,1.5724966526031494,0.003076033666729927,0.0006084152264520526,0.0006157458992674947,0.03061448410153389,0.9843733310699463
24350,18,0.02131434716284275,0.0009366690064780414,0.02037767879664898,1.5538097620010376,0.0031420786399394274,0.000584314635489136,0.0005941240815445781,0.030264977365732193,0.9833831787109375
24400,18,0.019706912338733673,0.0008558451663702726,0.01885106787085533,1.573585033416748,0.0028915947768837214,0.0006144498474895954,0.0006209637504070997,0.028813142329454422,0.9841349124908447
24450,18,0.021464180201292038,0.0008017809595912695,0.020662399008870125,1.54021418094635,0.0031079817563295364,0.00067657366162166,0.000683058868162334,0.03052799217402935,0.9854605197906494
24500,18,0.020324699580669403,0.0007756466511636972,0.01954905316233635,1.5510845184326172,0.0030595401767641306,0.000609791255556047,0.0006074857665225863,0.02930046059191227,0.9839842319488525
24550,18,0.022696025669574738,0.0008343311492353678,0.021861694753170013,1.6278905868530273,0.00302871223539114,0.0007494330056942999,0.0007576555944979191,0.032345596700906754,0.9845641851425171
24600,19,0.02369595691561699,0.0009091665269806981,0.022786790505051613,1.5134100914001465,0.0031777580734342337,0.0006322714034467936,0.0006529481615871191,0.03255140781402588,0.9849029183387756
24650,19,0.020102331414818764,0.0010008373064920306,0.019101494923233986,1.5077744722366333,0.0030871115159243345,0.000658478238619864,0.0006555872387252748,0.028958354145288467,0.9842522740364075
24700,19,0.022768555209040642,0.0008885253919288516,0.021880030632019043,1.529911994934082,0.003083645598962903,0.0006199501221999526,0.0006349122850224376,0.03167606145143509,0.9845654964447021
24750,19,0.02187340520322323,0.0008933058707043529,0.020980099216103554,1.541398286819458,0.003283984726294875,0.0009605442173779011,0.0009704231051728129,0.03151464834809303,0.9843208193778992
24800,19,0.021810948848724365,0.000956691219471395,0.02085425704717636,1.5091297626495361,0.00311562092974782,0.0008110140915960073,0.000834003440104425,0.031004730612039566,0.9849870204925537
24850,19,0.02094314806163311,0.0009016242111101747,0.02004152350127697,1.5544748306274414,0.003201895160600543,0.0009212440927512944,0.0009356696391478181,0.03057563677430153,0.9842729568481445
24900,19,0.021110747009515762,0.0008341588545590639,0.020276587456464767,1.4375247955322266,0.0032249055802822113,0.0006100654136389494,0.0006202285876497626,0.02953188866376877,0.9835566282272339
24950,19,0.020238220691680908,0.0008445775602012873,0.019393643364310265,1.4938068389892578,0.0031422260217368603,0.0007118114153854549,0.0007117472705431283,0.029133955016732216,0.984253466129303
25000,19,0.02370927296578884,0.00113787897862494,0.022571394219994545,1.5559885501861572,0.0031512745190411806,0.0007050868589431047,0.0007094956235960126,0.032906949520111084,0.9851101636886597
25050,19,0.022661035880446434,0.0008898508967831731,0.021771185100078583,1.507143497467041,0.003189277369529009,0.0006639799103140831,0.000665281608235091,0.031529203057289124,0.9846418499946594
25100,19,0.021819155663251877,0.000841662404127419,0.02097749337553978,1.4841654300689697,0.003132721409201622,0.000584687921218574,0.0005813470343127847,0.030409149825572968,0.9856157302856445
25150,19,0.020447246730327606,0.0006799406837671995,0.019767306745052338,1.4732820987701416,0.0030640389304608107,0.0006850730860605836,0.0006987883825786412,0.029200583696365356,0.984125554561615
25200,19,0.021095678210258484,0.0010476404568180442,0.02004803717136383,1.5972009897232056,0.0032609666232019663,0.0007542969542555511,0.0007801454630680382,0.030619386583566666,0.985167920589447
25250,19,0.020089367404580116,0.0009398009278811514,0.01914956606924534,1.5395758152008057,0.0032246424816548824,0.0007265202584676445,0.0007316521368920803,0.029248641803860664,0.9848214387893677
25300,19,0.020596953108906746,0.0009130577091127634,0.019683895632624626,1.5126807689666748,0.003206969005987048,0.0008496215450577438,0.0008729295223020017,0.029886115342378616,0.9845805168151855
25350,19,0.021413937211036682,0.000933118280954659,0.020480819046497345,1.5170543193817139,0.0031393368262797594,0.0008358389604836702,0.0008684234344400465,0.030706610530614853,0.9844210147857666
25400,19,0.019914938136935234,0.0009954865090548992,0.018919451162219048,1.5247724056243896,0.003171378280967474,0.000585422501899302,0.0005914163775742054,0.02871881239116192,0.9858344793319702
25450,19,0.020783813670277596,0.0008325063972733915,0.019951308146119118,1.3724719285964966,0.003164319321513176,0.0006050936644896865,0.0006190557032823563,0.028873486444354057,0.984647274017334
25500,19,0.02026054635643959,0.0008000446832738817,0.01946050114929676,1.642899513244629,0.003089294536039233,0.0006647678674198687,0.000676975236274302,0.029819875955581665,0.98460453748703
25550,19,0.021218370646238327,0.0009157567983493209,0.02030261419713497,1.560700535774231,0.0031086215749382973,0.0007839328609406948,0.0007834097486920655,0.03059232607483864,0.9854094982147217
25600,19,0.020060058683156967,0.0007818488520570099,0.019278209656476974,1.4841290712356567,0.003002285026013851,0.0005994484527036548,0.00060799450147897,0.02869114838540554,0.9850367903709412
25650,19,0.021223224699497223,0.0010044435039162636,0.020218782126903534,1.4973258972167969,0.0031322462018579245,0.000562363478820771,0.0005751209100708365,0.029850471764802933,0.9850264191627502
25700,19,0.02082696184515953,0.0008052593329921365,0.020021703094244003,1.5028064250946045,0.003127007046714425,0.0007299317512661219,0.0007485628593713045,0.029822615906596184,0.9853994846343994
25750,19,0.020550144836306572,0.0008324359660036862,0.019717708230018616,1.5083389282226562,0.0030287704430520535,0.0007973122410476208,0.000814064871519804,0.02970624715089798,0.9843889474868774
25800,19,0.018853651359677315,0.0008015726925805211,0.018052078783512115,1.5016512870788574,0.0030738802161067724,0.0006134205032140017,0.0006302202236838639,0.02760862186551094,0.9852985739707947
25850,19,0.021400392055511475,0.0008763844962231815,0.020524008199572563,1.4563016891479492,0.0030895753297954798,0.0006387382745742798,0.0006526147481054068,0.029976343736052513,0.9844203591346741
25900,19,0.020812084898352623,0.001109847566112876,0.019702237099409103,1.4424824714660645,0.003088792786002159,0.0007263867883011699,0.000737092224881053,0.029491063207387924,0.9843180179595947
25950,20,0.020537951961159706,0.0008651691605336964,0.019672783091664314,1.4477256536483765,0.003216509008780122,0.0005472633056342602,0.0005517757963389158,0.02887883596122265,0.985785186290741
26000,20,0.021045567467808723,0.0007690669153816998,0.020276499912142754,1.4886610507965088,0.0031413373071700335,0.0006750741740688682,0.0006911627133376896,0.02985825017094612,0.9845306873321533
26050,20,0.020251911133527756,0.0008129790076054633,0.019438931718468666,1.5427355766296387,0.003304314101114869,0.0006674987380392849,0.0006815994274802506,0.02931799180805683,0.9846314787864685
26100,20,0.021107638254761696,0.0009330798638984561,0.020174559205770493,1.4516305923461914,0.003071453422307968,0.000801229733042419,0.000803048606030643,0.029973139986395836,0.9860538840293884
26150,20,0.020486602559685707,0.0009361524716950953,0.019550450146198273,1.4622514247894287,0.0029822380747646093,0.0006308097508735955,0.0006454629474319518,0.029077114537358284,0.9861934185028076
26200,20,0.020404931157827377,0.0007577291689813137,0.019647201523184776,1.421492576599121,0.003108357544988394,0.00048723400686867535,0.0004989204462617636,0.028501657769083977,0.9848847389221191
26250,20,0.021005425602197647,0.0008197940769605339,0.02018563076853752,1.5191328525543213,0.0031153233721852303,0.0005911336047574878,0.0005908859893679619,0.02978622540831566,0.9841688871383667
26300,20,0.022250954061746597,0.0012897293781861663,0.020961225032806396,1.4810705184936523,0.0031419063452631235,0.0006470881635323167,0.0006660596700385213,0.030972596257925034,0.9851025342941284
26350,20,0.022149857133626938,0.001000437419861555,0.021149419248104095,1.5107979774475098,0.003208553185686469,0.0006441086297854781,0.0006573032005690038,0.031008467078208923,0.9847128391265869
26400,20,0.020655235275626183,0.0007768028881400824,0.019878432154655457,1.5988588333129883,0.003131357254460454,0.0005663500051014125,0.000571131706237793,0.02979014255106449,0.9842541813850403
26450,20,0.02035042829811573,0.0008397393394261599,0.01951068826019764,1.5187017917633057,0.0032462121453136206,0.000691326567903161,0.0007077747723087668,0.02934628538787365,0.9859263300895691
26500,20,0.02174958400428295,0.0008477647788822651,0.020901819691061974,1.5010268688201904,0.003216675017029047,0.0006339093670248985,0.0006481539458036423,0.030539996922016144,0.9847226738929749
26550,20,0.022403370589017868,0.0009322664700448513,0.02147110365331173,1.5173851251602173,0.0032062726095318794,0.0005062487907707691,0.0005135834799148142,0.031013334169983864,0.985406756401062
26600,20,0.02237841486930847,0.0010475737508386374,0.02133084088563919,1.602434754371643,0.003152891993522644,0.0009128322126343846,0.0009333626949228346,0.03223993629217148,0.9857025146484375
26650,20,0.0206899531185627,0.0008796585025265813,0.01981029473245144,1.4941484928131104,0.0031492803245782852,0.0007161569083109498,0.0007344947080127895,0.02961449697613716,0.9861346483230591
26700,20,0.020595503970980644,0.0008130694041028619,0.01978243514895439,1.4532006978988647,0.0031606133561581373,0.0007240769919008017,0.0007353515829890966,0.02932409755885601,0.9856460094451904
26750,20,0.02075343392789364,0.0008692870615050197,0.019884146749973297,1.455216884613037,0.0032068153377622366,0.0008468454470857978,0.0008593191741965711,0.029738890007138252,0.9849520921707153
26800,20,0.02073712833225727,0.0007637498201802373,0.019973378628492355,1.4741873741149902,0.0031489154789596796,0.0005960050038993359,0.0005991578800603747,0.029306376352906227,0.9848291277885437
26850,20,0.022467536851763725,0.0008861906826496124,0.021581346169114113,1.4701290130615234,0.0031929060351103544,0.0007401193724945188,0.000753464933950454,0.03131495788693428,0.9848737716674805
26900,20,0.02198522910475731,0.0010067927651107311,0.02097843587398529,1.5122661590576172,0.0031213012989610434,0.0006833204533904791,0.0006824512965977192,0.030915452167391777,0.9851195812225342
26950,20,0.022715546190738678,0.0008123351726680994,0.021903211250901222,1.625085711479187,0.0031914671417325735,0.0005688496748916805,0.0005813353345729411,0.031994350254535675,0.9842754602432251
27000,20,0.02114337496459484,0.0008901829132810235,0.020253192633390427,1.6082040071487427,0.0031626629643142223,0.0007683301228098571,0.0007786726346239448,0.030734559521079063,0.9851792454719543
27050,20,0.021030358970165253,0.0008181638550013304,0.020212195813655853,1.566564679145813,0.003147967392578721,0.0006941971369087696,0.0007004515500739217,0.030260978266596794,0.9850692749023438
27100,20,0.02025328204035759,0.000744056364055723,0.019509226083755493,1.4288760423660278,0.0032173742074519396,0.0006489744409918785,0.0006585533265024424,0.028708407655358315,0.9853681325912476
27150,20,0.019783517345786095,0.0008515560766682029,0.018931960687041283,1.5087242126464844,0.003241451922804117,0.0005840408848598599,0.0006013757083564997,0.02851579710841179,0.9853543043136597
27200,20,0.02171270363032818,0.0009093646658584476,0.020803339779376984,1.4731643199920654,0.0030865073204040527,0.0006922183092683554,0.000695784343406558,0.030469613149762154,0.9863190054893494
27250,20,0.022694693878293037,0.000913851021323353,0.021780842915177345,1.5721759796142578,0.0030933162197470665,0.0005609516520053148,0.0005609577056020498,0.031680576503276825,0.9849185943603516
