step,epoch,recon,dyn,pred_recon,var,l1,anchor,anchor_pred,total,latent_std
50,1,0.5244200825691223,0.006392599083483219,0.5342546105384827,0.0,0.24619364738464355,0.30306464433670044,0.2949630320072174,1.6633411645889282,0.4669373631477356
100,1,0.38459065556526184,0.005747160408645868,0.37748533487319946,0.0,0.26870405673980713,0.27350282669067383,0.24608322978019714,1.2876780033111572,0.46133655309677124
150,1,0.35819974541664124,0.006771184504032135,0.3502766191959381,0.0,0.2769322097301483,0.34359365701675415,0.30534809827804565,1.3644661903381348,0.45225921273231506
200,1,0.3159824013710022,0.008611327037215233,0.30872488021850586,0.0,0.2791670262813568,0.3082020878791809,0.2752591073513031,1.2170588970184326,0.46183687448501587
250,1,0.30014312267303467,0.0059010619297623634,0.2933557629585266,0.0,0.279682993888855,0.30812615156173706,0.27552470564842224,1.1833304166793823,0.45684194564819336
300,1,0.2779378890991211,0.006083725951611996,0.26470598578453064,0.0,0.2798823118209839,0.2736496925354004,0.24659495055675507,1.0692522525787354,0.45939356088638306
350,1,0.2793884873390198,0.00648343563079834,0.27146416902542114,0.0,0.2794490158557892,0.27243465185165405,0.2444627583026886,1.0745129585266113,0.47228899598121643
400,1,0.27323928475379944,0.006730413995683193,0.2667454183101654,0.0,0.27772802114486694,0.27320584654808044,0.24488765001296997,1.0650863647460938,0.47997602820396423
450,1,0.26817643642425537,0.009135758504271507,0.26002979278564453,0.0,0.2745499014854431,0.17353171110153198,0.15844964981079102,0.869597852230072,0.4834509789943695
500,1,0.26118361949920654,0.011078031733632088,0.257966548204422,0.0,0.26707085967063904,0.04121137410402298,0.03993082791566849,0.6116374731063843,0.4969426095485687
550,1,0.21929523348808289,0.007775423116981983,0.2228659689426422,0.0,0.25770777463912964,0.012303476221859455,0.014322333037853241,0.4768201410770416,0.4964885711669922
600,1,0.21079230308532715,0.005388960242271423,0.2106141299009323,0.0,0.24689090251922607,0.009423153474926949,0.010163486003875732,0.4466289281845093,0.49603989720344543
650,1,0.20054209232330322,0.0034074047580361366,0.2017068713903427,0.0,0.23723018169403076,0.0077752056531608105,0.007788693532347679,0.4214574992656708,0.495845228433609
700,1,0.20411799848079681,0.002987903542816639,0.20308534801006317,0.0,0.23247575759887695,0.006910447962582111,0.00689784437417984,0.42423200607299805,0.4947299361228943
750,1,0.1886925846338272,0.0025755823589861393,0.19077186286449432,0.0,0.22905251383781433,0.005543199367821217,0.00543334661051631,0.3932456374168396,0.48802974820137024
800,1,0.18664036691188812,0.0021709720604121685,0.1906111240386963,0.0,0.22628812491893768,0.005033864639699459,0.005013548769056797,0.3896961510181427,0.4883299767971039
850,1,0.1863911896944046,0.0018636389868333936,0.1874949187040329,0.0,0.22359628975391388,0.0048944042064249516,0.004862038418650627,0.3857298195362091,0.4895458519458771
900,1,0.17793816328048706,0.0019729139748960733,0.17998512089252472,0.0,0.2210262566804886,0.003740741638466716,0.003752943128347397,0.3676108717918396,0.4935676157474518
950,1,0.17532116174697876,0.0015936391428112984,0.17938123643398285,0.0,0.21859332919120789,0.003939476795494556,0.003974040038883686,0.36442816257476807,0.4902060925960541
1000,1,0.16706828773021698,0.0014916479121893644,0.16720452904701233,0.0,0.21609072387218475,0.0036281184293329716,0.003629677928984165,0.34323835372924805,0.48732757568359375
1050,1,0.16980724036693573,0.0015099986921995878,0.17104920744895935,0.0,0.21352559328079224,0.003387570846825838,0.003421240486204624,0.34938880801200867,0.489006906747818
1100,1,0.16474883258342743,0.0017985138110816479,0.16676080226898193,0.0,0.2112342119216919,0.0032504124101251364,0.0032397378236055374,0.34000954031944275,0.486603319644928
1150,1,0.16876399517059326,0.0020988653413951397,0.17355145514011383,0.0,0.20874857902526855,0.003061221446841955,0.0030436678789556026,0.350727915763855,0.48939818143844604
1200,1,0.16171351075172424,0.001360192196443677,0.1664092093706131,0.0,0.20612408220767975,0.002701306249946356,0.002704253885895014,0.3350945711135864,0.48205122351646423
1250,1,0.16626010835170746,0.0015990645624697208,0.1687944531440735,0.0,0.20367565751075745,0.002545530442148447,0.002536425832659006,0.341939240694046,0.48406460881233215
1300,1,0.15854230523109436,0.0012076376006007195,0.15926362574100494,0.0,0.2013050764799118,0.0024039465934038162,0.0023813466541469097,0.32400017976760864,0.482117623090744
1350,1,0.15835942327976227,0.0014050991740077734,0.1602509617805481,0.0,0.1987297385931015,0.002677041105926037,0.0026628924533724785,0.32555413246154785,0.4823509454727173
1400,1,0.1576019823551178,0.0011238710721954703,0.1599908471107483,0.0,0.19622758030891418,0.0024687540717422962,0.0024632392451167107,0.32384490966796875,0.479715496301651
1450,1,0.15873658657073975,0.0010135158663615584,0.15773576498031616,0.0,0.19339552521705627,0.0020707554649561644,0.0020680574234575033,0.321818083524704,0.4817342460155487
1500,1,0.15220141410827637,0.000938603887334466,0.1526813954114914,0.0,0.19066539406776428,0.0020937290973961353,0.0020992825739085674,0.3102051019668579,0.4785431921482086
1550,1,0.15158677101135254,0.0011921857949346304,0.15440165996551514,0.0,0.188253253698349,0.0020274436101317406,0.0020228568464517593,0.31141918897628784,0.4793633818626404
1600,1,0.1567838042974472,0.0013825714122503996,0.1579311043024063,0.0,0.18576788902282715,0.00207012752071023,0.002070097252726555,0.3204234838485718,0.47769641876220703
1650,1,0.1527818888425827,0.0010273066582158208,0.15389476716518402,0.0,0.18301957845687866,0.0017480733804404736,0.001751716947183013,0.31138676404953003,0.4808676242828369
1700,1,0.15158137679100037,0.0010947254486382008,0.1491471230983734,0.0,0.18059873580932617,0.0017796247266232967,0.0017882251413539052,0.30557167530059814,0.47540542483329773
1750,1,0.15221494436264038,0.0012403024593368173,0.15262934565544128,0.0,0.17792248725891113,0.0019977418705821037,0.002007405273616314,0.3102676272392273,0.4779789447784424
1800,1,0.15131071209907532,0.0009982702322304249,0.15258759260177612,0.0,0.17526039481163025,0.0016626890283077955,0.001674917060881853,0.3084094524383545,0.4772552251815796
1850,1,0.14934611320495605,0.0010510818101465702,0.14871488511562347,0.0,0.17268332839012146,0.00188129220623523,0.0018828441388905048,0.30304887890815735,0.47156888246536255
1900,1,0.14378340542316437,0.0010377418948337436,0.14747975766658783,0.0,0.17000837624073029,0.0017060856334865093,0.0017066970467567444,0.2958837151527405,0.4804125726222992
1950,1,0.14364777505397797,0.0009621062781661749,0.1446409970521927,0.0,0.16739825904369354,0.001592098968103528,0.0015917331911623478,0.2926021218299866,0.4736456274986267
2000,1,0.14487747848033905,0.0010655003134161234,0.14505478739738464,0.0,0.16485410928726196,0.0015293636824935675,0.001533829839900136,0.2942258417606354,0.4770151376724243
2050,1,0.14607268571853638,0.0010113210882991552,0.14651603996753693,0.0,0.16233518719673157,0.0016314825043082237,0.00163947488181293,0.2970333397388458,0.4783329367637634
2100,1,0.14322878420352936,0.000845911621581763,0.14584630727767944,0.0,0.15984755754470825,0.0016384853515774012,0.0016408662777394056,0.2933602035045624,0.4774593114852905
2150,1,0.14212878048419952,0.0008830745937302709,0.14416703581809998,0.0,0.15720945596694946,0.0018384833820164204,0.0018333967309445143,0.29100796580314636,0.4736466705799103
2200,1,0.14312270283699036,0.0009324142010882497,0.14364686608314514,0.0,0.15486080944538116,0.001323660952039063,0.0013184999115765095,0.2904989719390869,0.4712473452091217
2250,2,0.1415737271308899,0.0008918829262256622,0.14174506068229675,0.0,0.1525355726480484,0.001366502488963306,0.0013700572308152914,0.28709977865219116,0.47370755672454834
2300,2,0.1396797001361847,0.0009172083809971809,0.13897696137428284,0.0,0.15025927126407623,0.001374991494230926,0.0013920413330197334,0.28249114751815796,0.47319290041923523
2350,2,0.13905709981918335,0.0008510203333571553,0.14201860129833221,0.0,0.14787957072257996,0.001461416482925415,0.001454770565032959,0.2849907875061035,0.4723891317844391
2400,2,0.14016979932785034,0.0008396409684792161,0.14260081946849823,0.0,0.14545026421546936,0.0016633723862469196,0.0016689484473317862,0.2870880365371704,0.4724694490432739
2450,2,0.13886576890945435,0.0008049789466895163,0.14219219982624054,0.0,0.14318667352199554,0.0015013986267149448,0.0014979859115555882,0.2850055396556854,0.47655823826789856
2500,2,0.13632115721702576,0.000945962849073112,0.1364108771085739,0.0,0.14083276689052582,0.0013554925099015236,0.0013622010592371225,0.2765365540981293,0.4700855612754822
2550,2,0.13391539454460144,0.0008239226299338043,0.13752828538417816,0.0,0.13848620653152466,0.0012813539942726493,0.0012781647965312004,0.2749656140804291,0.47514522075653076
2600,2,0.13440309464931488,0.0007223535794764757,0.13600584864616394,0.0,0.13612988591194153,0.0012540939496830106,0.0012543638003990054,0.2737758755683899,0.4727516770362854
2650,2,0.1343640685081482,0.0006804211298003793,0.13476520776748657,0.0,0.13385868072509766,0.001271852757781744,0.0012691942974925041,0.27248460054397583,0.4736085832118988
2700,2,0.13565394282341003,0.0008202323224395514,0.13769297301769257,0.0,0.13182905316352844,0.001451805466786027,0.0014570343773812056,0.27720779180526733,0.4794049859046936
2750,2,0.1341235637664795,0.0008033278281800449,0.13478586077690125,0.0,0.1299152970314026,0.0011731799459084868,0.0011697455774992704,0.2721855938434601,0.4760751724243164
2800,2,0.12945416569709778,0.0008412715396843851,0.1304939240217209,0.0,0.1279427409172058,0.001468653790652752,0.001467510825023055,0.2638534605503082,0.4760270118713379
2850,2,0.13569407165050507,0.0008296691812574863,0.1391344964504242,0.0,0.1258622109889984,0.0014068983728066087,0.0014111775672063231,0.2786021828651428,0.4737931787967682
2900,2,0.13184326887130737,0.0007151284953579307,0.1323407143354416,0.0,0.12386161834001541,0.0011846415000036359,0.0011841501109302044,0.26739174127578735,0.4715210497379303
2950,2,0.1329398900270462,0.0006685692351311445,0.13226281106472015,0.0,0.12177692353725433,0.0010920834029093385,0.0010960939107462764,0.2681812345981598,0.4725532829761505
3000,2,0.13270825147628784,0.0006888469215482473,0.1368904858827591,0.0,0.11952393501996994,0.0014258390292525291,0.001426616683602333,0.27325958013534546,0.4771710932254791
3050,2,0.12961696088314056,0.000659227604046464,0.1298641413450241,0.0,0.11716204881668091,0.0012042857706546783,0.0012034799437969923,0.2626652419567108,0.473588764667511
3100,2,0.12945294380187988,0.0007556155906058848,0.1298544853925705,0.0,0.11503864824771881,0.0013146278215572238,0.0013188044540584087,0.2628115117549896,0.474539190530777
3150,2,0.12766537070274353,0.0007380861206911504,0.12788096070289612,0.0,0.11304783821105957,0.0013483106158673763,0.0013457643799483776,0.2590915262699127,0.4739786386489868
3200,2,0.12928514182567596,0.0007164929993450642,0.1296047568321228,0.0,0.11121902614831924,0.0012024873867630959,0.0012078069848939776,0.26212790608406067,0.4740476608276367
3250,2,0.12536165118217468,0.0006279365043155849,0.1273089200258255,0.0,0.10929964482784271,0.0011942308628931642,0.0011921417899429798,0.2557941675186157,0.4762851297855377
3300,2,0.1300007700920105,0.000642258848529309,0.13343006372451782,0.0,0.10698312520980835,0.001285602105781436,0.0012862484436482191,0.2667519152164459,0.47797197103500366
3350,2,0.12269419431686401,0.0006422398728318512,0.12455849349498749,0.0,0.10522374510765076,0.001196000725030899,0.0012002410367131233,0.25039640069007874,0.4693414568901062
3400,2,0.12555527687072754,0.0006833365769125521,0.12651114165782928,0.0,0.10325184464454651,0.001206004060804844,0.0012037325650453568,0.25526273250579834,0.47514063119888306
3450,2,0.12797561287879944,0.0007546329870820045,0.1264365315437317,0.0,0.10149519145488739,0.001302494085393846,0.0013084334786981344,0.25787919759750366,0.48053520917892456
3500,2,0.12422220408916473,0.0005964779993519187,0.1258019357919693,0.0,0.09971240907907486,0.0010832359548658133,0.001083881827071309,0.25288742780685425,0.4743393659591675
3550,2,0.12355735898017883,0.0006068513612262905,0.12426549941301346,0.0,0.09773418307304382,0.0011394510511308908,0.0011427418794482946,0.2508096396923065,0.477498322725296
3600,2,0.12447988241910934,0.0006750577595084906,0.12407150119543076,0.0,0.0960816815495491,0.00136494729667902,0.001365412026643753,0.252052903175354,0.47916078567504883
3650,2,0.12210440635681152,0.0006364907021634281,0.12314057350158691,0.0,0.09398701041936874,0.0010748504428192973,0.0010753684910014272,0.24812567234039307,0.4760524034500122
3700,2,0.12214057147502899,0.0007329699583351612,0.12289980053901672,0.0,0.09201589226722717,0.001084295567125082,0.0010819426970556378,0.2480316013097763,0.47277599573135376
3750,2,0.12476680427789688,0.0004939661012031138,0.12584428489208221,0.0,0.09033183753490448,0.0010745545150712132,0.0010713895317167044,0.25334134697914124,0.4750139117240906
3800,2,0.1213073581457138,0.0007319450960494578,0.12209531664848328,0.0,0.08841092139482498,0.0011103389551863074,0.001109074568375945,0.24644243717193604,0.47518640756607056
3850,2,0.119399294257164,0.0006107641384005547,0.1203240156173706,0.0,0.08673080056905746,0.0011590903159230947,0.0011560933198779821,0.24273596704006195,0.47583532333374023
3900,2,0.12426013499498367,0.0007053289446048439,0.12440209090709686,0.0,0.0847269594669342,0.0012275922344997525,0.0012299674563109875,0.25190985202789307,0.476898729801178
3950,2,0.11955985426902771,0.0005831366288475692,0.12261119484901428,0.0,0.0828876942396164,0.0009828844340518117,0.000985798891633749,0.24480575323104858,0.46952998638153076
4000,2,0.11907364428043365,0.0006045842310413718,0.12388572096824646,0.0,0.080734983086586,0.0009849583730101585,0.0009868086781352758,0.24561645090579987,0.47500136494636536
4050,2,0.11590470373630524,0.0006249538855627179,0.11817394196987152,0.0,0.07872076332569122,0.0010817190632224083,0.0010831048712134361,0.23694714903831482,0.4733634889125824
4100,2,0.12090887129306793,0.0007111652521416545,0.1218860074877739,0.0,0.07667877525091171,0.0012365856673568487,0.0012410418130457401,0.2460603564977646,0.47783729434013367
4150,2,0.1231408640742302,0.0006133635761216283,0.12150357663631439,0.0,0.07512803375720978,0.0010323513997718692,0.0010366443311795592,0.24740192294120789,0.4778980016708374
4200,2,0.12116006016731262,0.0007024304359219968,0.12064556032419205,0.0,0.07331222295761108,0.0010671529453247786,0.0010691004572436213,0.24471762776374817,0.4787833094596863
4250,2,0.11784476041793823,0.0005500033148564398,0.11903398483991623,0.0,0.071775883436203,0.0011813431046903133,0.0011819109786301851,0.239863783121109,0.47963643074035645
4300,2,0.1211022287607193,0.0006790051702409983,0.12101121246814728,0.0,0.06980293989181519,0.0014042087132111192,0.001396514242514968,0.24566297233104706,0.4814770817756653
4350,2,0.11860524863004684,0.0006051769014447927,0.12102404236793518,0.0,0.06797517836093903,0.0012358978856354952,0.0012335422215983272,0.24277187883853912,0.4734291136264801
4400,2,0.11828653514385223,0.0004776606219820678,0.11755602806806564,0.0,0.06655585765838623,0.0009307347936555743,0.0009288262226618826,0.23824633657932281,0.4752313494682312
4450,2,0.11762304604053497,0.0006703879334963858,0.11839277297258377,0.0,0.06522838026285172,0.0010111690498888493,0.0010101660154759884,0.23877274990081787,0.4737393856048584
4500,3,0.11603851616382599,0.0005893002962693572,0.1164834052324295,0.0,0.06377501785755157,0.0010071436408907175,0.0010063500376418233,0.23518849909305573,0.4773378074169159
4550,3,0.11397396773099899,0.000616450619418174,0.11887003481388092,0.0,0.06252487003803253,0.001111746532842517,0.0011102624703198671,0.23574498295783997,0.4821072816848755
4600,3,0.11672382056713104,0.0006649245042353868,0.1186172217130661,0.0,0.060833245515823364,0.001215463038533926,0.0012182516511529684,0.23850050568580627,0.4760003983974457
4650,3,0.11453400552272797,0.0006609659176319838,0.1173749640583992,0.0,0.05952669680118561,0.0012023497838526964,0.00120006431825459,0.2350318729877472,0.4750373363494873
4700,3,0.11679814010858536,0.0006015654653310776,0.11641757190227509,0.0,0.05800838768482208,0.0011741133639588952,0.0011710585094988346,0.23622046411037445,0.4775400757789612
4750,3,0.1124458834528923,0.0005341065698303282,0.11586777865886688,0.0,0.056554924696683884,0.0012779413955286145,0.001277628354728222,0.23145988583564758,0.47371065616607666
4800,3,0.11511299014091492,0.0005864599952474236,0.1149410754442215,0.0,0.05493806302547455,0.0009788101306185126,0.0009751689503900707,0.23264944553375244,0.46998298168182373
4850,3,0.11296084523200989,0.0005440734676085413,0.11396759748458862,0.0,0.05387108772993088,0.0009632743895053864,0.00096327462233603,0.2294529378414154,0.4696676731109619
4900,3,0.11439362168312073,0.000543372065294534,0.11433136463165283,0.0,0.0523536242544651,0.0011569908820092678,0.0011597960256040096,0.23163749277591705,0.4815548062324524
4950,3,0.11519154906272888,0.000576527789235115,0.1135941669344902,0.0,0.05136178061366081,0.0009410516358911991,0.0009395800880156457,0.23129424452781677,0.47508886456489563
5000,3,0.1112401932477951,0.0006365355802699924,0.11506705731153488,0.0,0.05044169723987579,0.0010564918629825115,0.0010549251455813646,0.2291056513786316,0.4744340181350708
5050,3,0.11121457815170288,0.0006521940231323242,0.11459087580442429,0.0,0.04915149137377739,0.0012672138400375843,0.001272947178222239,0.22904697060585022,0.4752797484397888
5100,3,0.11305639892816544,0.0005139084532856941,0.11316031217575073,0.0,0.047690119594335556,0.0011280305916443467,0.0011258636368438601,0.22903218865394592,0.4779113531112671
5150,3,0.108598992228508,0.0006428130436688662,0.11059202253818512,0.0,0.04640918970108032,0.0011606889311224222,0.001158121507614851,0.22219903767108917,0.48070207238197327
5200,3,0.11001159250736237,0.0005890949978493154,0.11455173045396805,0.0,0.04550129175186157,0.000988271669484675,0.0009874753886833787,0.22717367112636566,0.4750114679336548
5250,3,0.10951817035675049,0.0005255152354948223,0.1126377284526825,0.0,0.04426229000091553,0.0009497491410002112,0.0009522484033368528,0.22462765872478485,0.47786277532577515
5300,3,0.1077941507101059,0.0005197705468162894,0.10939539968967438,0.0,0.043224118649959564,0.0012034308165311813,0.0012084944173693657,0.2201644778251648,0.47381091117858887
5350,3,0.11195552349090576,0.0005624592886306345,0.11187183856964111,0.0,0.042342983186244965,0.0012163238134235144,0.001222359947860241,0.2268708497285843,0.4839523136615753
5400,3,0.10402059555053711,0.0006376481615006924,0.10648536682128906,0.0,0.041095003485679626,0.0009998807217925787,0.0010048793628811836,0.21318946778774261,0.474871426820755
5450,3,0.11142387986183167,0.0005411329912021756,0.11220712959766388,0.0,0.040028925985097885,0.0010481125209480524,0.0010493472218513489,0.2263096272945404,0.47910749912261963
5500,3,0.11017095297574997,0.0006165545783005655,0.11105956882238388,0.0,0.03916243463754654,0.0012580654583871365,0.0012589539401233196,0.2244032621383667,0.4792955815792084
5550,3,0.1062299981713295,0.000638116558548063,0.10748740285634995,0.0,0.03859100490808487,0.00103685911744833,0.0010376274585723877,0.21646860241889954,0.4749494791030884
5600,3,0.1070699393749237,0.0005986967589706182,0.11101452261209488,0.0,0.03742171823978424,0.001077325432561338,0.0010766825871542096,0.2208745777606964,0.47918710112571716
5650,3,0.10588648170232773,0.0005629763472825289,0.10717035830020905,0.0,0.03680174797773361,0.0010512927547097206,0.0010535017354413867,0.21576140820980072,0.4760242700576782
5700,3,0.10931731015443802,0.0004788978840224445,0.10911882668733597,0.0,0.035849809646606445,0.00113218417391181,0.0011356058530509472,0.22121869027614594,0.47760215401649475
5750,3,0.11255105584859848,0.00060719542670995,0.11030953377485275,0.0,0.03492797538638115,0.0009767982410266995,0.0009792228229343891,0.22545872628688812,0.4768673777580261
5800,3,0.10646910220384598,0.0005501607665792108,0.10810409486293793,0.0,0.03382071107625961,0.0010382430627942085,0.0010440693004056811,0.21723949909210205,0.4813997745513916
5850,3,0.10756225883960724,0.00048328653792850673,0.10674594342708588,0.0,0.033584631979465485,0.0009246935951523483,0.0009251073352061212,0.21667487919330597,0.47685062885284424
5900,3,0.1054481640458107,0.0005484737921506166,0.1072600781917572,0.0,0.032672252506017685,0.0010885093361139297,0.001084214891307056,0.2154621183872223,0.47308820486068726
5950,3,0.1050463542342186,0.0005508118774741888,0.1080636978149414,0.0,0.03208623081445694,0.0011569865746423602,0.001157206716015935,0.21600714325904846,0.4792596995830536
6000,3,0.107358418405056,0.0005551943322643638,0.10897433757781982,0.0,0.031283214688301086,0.0010686784517019987,0.001069319318048656,0.21905723214149475,0.47897422313690186
6050,3,0.1026429757475853,0.0005801657098345459,0.10551701486110687,0.0,0.030578814446926117,0.0009420952410437167,0.0009453251259401441,0.21065816283226013,0.47270655632019043
6100,3,0.10575713217258453,0.0006619825726374984,0.10635915398597717,0.0,0.030289839953184128,0.0011597085976973176,0.0011557359248399734,0.2151240110397339,0.4773542284965515
6150,3,0.1032162755727768,0.0005782041698694229,0.1045001968741417,0.0,0.029350120574235916,0.0009600486373528838,0.0009651501895859838,0.21024923026561737,0.4761287569999695
6200,3,0.10638651996850967,0.0005182495806366205,0.10506483912467957,0.0,0.028809163719415665,0.0009355270303785801,0.0009379876428283751,0.21387192606925964,0.4736301898956299
6250,3,0.10358517616987228,0.00046642322558909655,0.10594204068183899,0.0,0.02862558886408806,0.0010147674474865198,0.001015194458886981,0.21205221116542816,0.4747511148452759
6300,3,0.1027161255478859,0.0005472851917147636,0.10276057571172714,0.0,0.028289301320910454,0.0009645707323215902,0.0009637254988774657,0.20798057317733765,0.4765557646751404
6350,3,0.10160540789365768,0.0005679621826857328,0.10193604975938797,0.0,0.02778233215212822,0.0010889028199017048,0.0010920779313892126,0.2063181847333908,0.47611141204833984
6400,3,0.10324983298778534,0.0005443631671369076,0.10360149294137955,0.0,0.02735920622944832,0.0011587594635784626,0.0011579012498259544,0.20973969995975494,0.4817369282245636
6450,3,0.09777575731277466,0.00047205615555867553,0.09888921678066254,0.0,0.02700965106487274,0.0010882641654461622,0.001080503687262535,0.1993328183889389,0.4763910174369812
6500,3,0.1012570708990097,0.0005016176728531718,0.10429058223962784,0.0,0.027085954323410988,0.001027305144816637,0.0010276841931045055,0.208131343126297,0.47766590118408203
6550,3,0.10038869827985764,0.0005195955745875835,0.10292713344097137,0.0,0.026729142293334007,0.0009239661158062518,0.0009254562901332974,0.20571158826351166,0.4783359169960022
6600,3,0.10404758155345917,0.00044887204421684146,0.1060081198811531,0.0,0.026306219398975372,0.001027899095788598,0.0010323425522074103,0.21259111166000366,0.4810444414615631
6650,3,0.09938085079193115,0.0004970292211510241,0.10279136896133423,0.0,0.026153314858675003,0.0010729513596743345,0.0010739471763372421,0.20484229922294617,0.4757794737815857
6700,3,0.10083503276109695,0.0005302995559759438,0.10180236399173737,0.0,0.026177268475294113,0.0010682267602533102,0.0010701806750148535,0.20533229410648346,0.47885584831237793
6750,4,0.10040836036205292,0.0005914101493544877,0.10079806298017502,0.0,0.02565743587911129,0.0010269968770444393,0.0010314127430319786,0.20388191938400269,0.47715288400650024
6800,4,0.09925530850887299,0.0004525197728071362,0.10017794370651245,0.0,0.025258870795369148,0.0011222145985811949,0.0011236744467169046,0.2021569162607193,0.4765242040157318
6850,4,0.10381710529327393,0.0004406011139508337,0.10392779856920242,0.0,0.025039734318852425,0.0009805777808651328,0.0009799487888813019,0.21017105877399445,0.4769574999809265
6900,4,0.10090720653533936,0.0005489801405929029,0.10073035210371017,0.0,0.024494068697094917,0.001281233155168593,0.0012785285944119096,0.20477080345153809,0.47783878445625305
6950,4,0.1011805385351181,0.0005528902402147651,0.1011374294757843,0.0,0.02439500018954277,0.0011032482143491507,0.0011015341151505709,0.20510002970695496,0.48098963499069214
7000,4,0.09753254801034927,0.00046462821774184704,0.10035302489995956,0.0,0.024008698761463165,0.0010377662256360054,0.001035201596096158,0.2004471719264984,0.4791335463523865
7050,4,0.10247363895177841,0.0005526108434423804,0.10263091325759888,0.0,0.024178214371204376,0.0012013178784400225,0.0012026792392134666,0.2080853432416916,0.48108989000320435
7100,4,0.0968766063451767,0.0005008617881685495,0.09798746556043625,0.0,0.02426367625594139,0.0008916256483644247,0.0008923065615817904,0.1971731334924698,0.4702264666557312
7150,4,0.10003803670406342,0.000519079330842942,0.10041589289903641,0.0,0.023759301751852036,0.0009651797008700669,0.0009692305466160178,0.20293116569519043,0.4751538038253784
7200,4,0.09676391631364822,0.0005285462830215693,0.09754668921232224,0.0,0.023384559899568558,0.0007870184490457177,0.0007893284782767296,0.19643887877464294,0.4745555520057678
7250,4,0.09642616659402847,0.00046431960072368383,0.1011049672961235,0.0,0.023177728056907654,0.0011061492841690779,0.001105854520574212,0.20023062825202942,0.4788441061973572
7300,4,0.10078515112400055,0.0004779880109708756,0.10124767571687698,0.0,0.023161090910434723,0.0009477827115915716,0.0009504611371085048,0.20443220436573029,0.4767521023750305
7350,4,0.09620912373065948,0.0004993011825717986,0.10012000799179077,0.0,0.022975588217377663,0.0010404621716588736,0.0010446608066558838,0.19893652200698853,0.47380128502845764
7400,4,0.09756936132907867,0.0005399716319516301,0.09792213141918182,0.0,0.022500354796648026,0.0008986788452602923,0.0008987173205241561,0.19785135984420776,0.47426271438598633
7450,4,0.09681326150894165,0.00043795944657176733,0.09577962011098862,0.0,0.02220141515135765,0.0008914769859984517,0.000893068965524435,0.19483758509159088,0.472342848777771
7500,4,0.09603037685155869,0.0004777178983204067,0.09608442336320877,0.0,0.022107277065515518,0.0009815143421292305,0.0009812675416469574,0.1945774108171463,0.47875145077705383
7550,4,0.09766656160354614,0.00042958284029737115,0.09670683741569519,0.0,0.02178255096077919,0.000962908670771867,0.000965199782513082,0.1967528760433197,0.4796486496925354
7600,4,0.09607817232608795,0.000472211220767349,0.09619371592998505,0.0,0.0216437429189682,0.0010410683462396264,0.0010511388536542654,0.19485795497894287,0.47733810544013977
7650,4,0.09794853627681732,0.0004988469299860299,0.09756290912628174,0.0,0.021402616053819656,0.0009162278147414327,0.0009200017084367573,0.19786791503429413,0.47467631101608276
7700,4,0.09442202001810074,0.0006037401035428047,0.09626603126525879,0.0,0.021017596125602722,0.0013468388933688402,0.001352169318124652,0.19401180744171143,0.4771329164505005
7750,4,0.09403733164072037,0.0005213929107412696,0.09574051946401596,0.0,0.020962733775377274,0.0008854785119183362,0.0008847519056871533,0.19209043681621552,0.47313228249549866
7800,4,0.09838298708200455,0.0004399691242724657,0.09691841900348663,0.0,0.020910292863845825,0.0009907200001180172,0.000992435496300459,0.1977454423904419,0.4791777729988098
7850,4,0.09501495957374573,0.0004782435717061162,0.09864044189453125,0.0,0.02075253054499626,0.0009865891188383102,0.0009856297401711345,0.19612661004066467,0.4790574312210083
7900,4,0.09676118940114975,0.00041499000508338213,0.09652964770793915,0.0,0.020839203149080276,0.001050564693287015,0.0010564737021923065,0.1958336979150772,0.47911715507507324
7950,4,0.09455428272485733,0.00048804859397932887,0.0930035337805748,0.0,0.02040873095393181,0.0009018380660563707,0.0008995204698294401,0.18986763060092926,0.4756355285644531
8000,4,0.09315132349729538,0.0005597876152023673,0.09549170732498169,0.0,0.02046145498752594,0.0008925906149670482,0.0009042542078532279,0.19102011620998383,0.478534996509552
8050,4,0.09079984575510025,0.0005286443047225475,0.09362714737653732,0.0,0.019967954605817795,0.0010652499040588737,0.0010658556129783392,0.18710669875144958,0.4751492738723755
8100,4,0.09416919201612473,0.0004904386587440968,0.0956505760550499,0.0,0.019888199865818024,0.0010120832594111562,0.0010071245487779379,0.19234931468963623,0.4773136377334595
8150,4,0.09416474401950836,0.0006223086966201663,0.09268134832382202,0.0,0.019570041447877884,0.0008770497515797615,0.0008785787504166365,0.1892435997724533,0.47492215037345886
8200,4,0.09195813536643982,0.0005097005050629377,0.09641049057245255,0.0,0.01977802813053131,0.0009731229511089623,0.0009713384788483381,0.19084256887435913,0.4780837297439575
8250,4,0.09648945182561874,0.0005079401889815927,0.09584525227546692,0.0,0.019782191142439842,0.0010528604034334421,0.0010473205475136638,0.19496262073516846,0.4774136543273926
8300,4,0.09648610651493073,0.00039134942926466465,0.09478116780519485,0.0,0.019630828872323036,0.001101502450183034,0.0010999450460076332,0.19387969374656677,0.47788283228874207
8350,4,0.09461629390716553,0.00053671735804528,0.09405578672885895,0.0,0.019678641110658646,0.0010363273322582245,0.0010429027024656534,0.19130772352218628,0.47965207695961
8400,4,0.08960573375225067,0.00048526187310926616,0.09510406851768494,0.0,0.01926669105887413,0.0010512738954275846,0.0010495204478502274,0.18731512129306793,0.48017770051956177
8450,4,0.0923362746834755,0.0004954699543304741,0.09317567199468613,0.0,0.01939002051949501,0.0009270536247640848,0.0009379572584293783,0.18789181113243103,0.4743692874908447
8500,4,0.09418901801109314,0.0004621085827238858,0.0945502370595932,0.0,0.01932689920067787,0.0008015098283067346,0.0007986745331436396,0.1908208727836609,0.4732968211174011
8550,4,0.09107634425163269,0.0004564393311738968,0.0923151969909668,0.0,0.01950891688466072,0.0008135547395795584,0.000813947175629437,0.18549498915672302,0.47126302123069763
8600,4,0.09275670349597931,0.00047953816829249263,0.09357119351625443,0.0,0.01977970264852047,0.0009523596963845193,0.0009524074266664684,0.18873198330402374,0.478203147649765
8650,4,0.09477108716964722,0.0004448246327228844,0.09504570066928864,0.0,0.019450414925813675,0.0009179305052384734,0.0009183889487758279,0.1921173632144928,0.47311490774154663
8700,4,0.09559839963912964,0.0004563794063869864,0.09600938856601715,0.0,0.019243767485022545,0.000977689167484641,0.0009788823081180453,0.1940399706363678,0.4793985188007355
8750,4,0.09038842469453812,0.0003726051654666662,0.09246314316987991,0.0,0.01929280534386635,0.0008965343004092574,0.0008971994975581765,0.18503719568252563,0.4739876687526703
8800,4,0.09106945991516113,0.000471042119897902,0.0924384593963623,0.0,0.01922241784632206,0.0008830709848552942,0.0008890589815564454,0.18577031791210175,0.4733317494392395
8850,4,0.09037835896015167,0.0004191860498394817,0.09180571883916855,0.0,0.019387636333703995,0.0009533576667308807,0.0009600329212844372,0.18453603982925415,0.4765954911708832
8900,4,0.0895281583070755,0.0005533475195989013,0.09247112274169922,0.0,0.019183073192834854,0.0008869306184351444,0.0008830847218632698,0.18434183299541473,0.471213161945343
8950,4,0.08748550713062286,0.0004884169320575893,0.0910072922706604,0.0,0.019169893115758896,0.0010493566514924169,0.001056187553331256,0.18110592663288116,0.47521430253982544
9000,5,0.08731338381767273,0.0005215209675952792,0.0887027233839035,0.0,0.01924433931708336,0.0008306895615532994,0.000835986458696425,0.17822355031967163,0.4767414927482605
9050,5,0.09323027729988098,0.0004807278164662421,0.09378448873758316,0.0,0.01891050860285759,0.0010725421598181129,0.0010743645252659917,0.18966130912303925,0.47928422689437866
9100,5,0.0904676616191864,0.0005072344793006778,0.0914355218410492,0.0,0.018870573490858078,0.0009181777713820338,0.000919997866731137,0.18426746129989624,0.4783957004547119
9150,5,0.08900361508131027,0.0004541065136436373,0.09133400768041611,0.0,0.018877500668168068,0.0008934769430197775,0.0008960726554505527,0.18260017037391663,0.47495073080062866
9200,5,0.08829289674758911,0.0005234258715063334,0.09150703996419907,0.0,0.018674854189157486,0.000978077412582934,0.0009798938408493996,0.18230000138282776,0.47637927532196045
9250,5,0.08691056072711945,0.0004463907389435917,0.09046623110771179,0.0,0.01871054619550705,0.000990156433545053,0.000990986474789679,0.17982304096221924,0.47249799966812134
9300,5,0.0905454158782959,0.0004371305403765291,0.08715147525072098,0.0,0.018843287602066994,0.0010377529542893171,0.0010385859059169888,0.18022921681404114,0.4805648624897003
9350,5,0.09021229296922684,0.0004865006485488266,0.09189800918102264,0.0,0.01882168836891651,0.0007596074719913304,0.0007624219288118184,0.18413765728473663,0.47269514203071594
9400,5,0.08857117593288422,0.00047404743963852525,0.08816082030534744,0.0,0.018980076536536217,0.0008484366117045283,0.0008492885390296578,0.17892274260520935,0.4771169424057007
9450,5,0.08824697881937027,0.0004918902995996177,0.09248687326908112,0.0,0.018813248723745346,0.0009915393311530352,0.000997250434011221,0.1832333505153656,0.47740840911865234
9500,5,0.08861611783504486,0.0005211629904806614,0.08778360486030579,0.0,0.018984278663992882,0.0008391174487769604,0.0008408544817939401,0.178619846701622,0.4750341773033142
9550,5,0.08732255548238754,0.000452469103038311,0.0885406881570816,0.0,0.01909038983285427,0.000894980679731816,0.0008940714178606868,0.1781238466501236,0.469333291053772
9600,5,0.09199509024620056,0.0004921327345073223,0.08992195874452591,0.0,0.018993649631738663,0.0010231004562228918,0.0010262252762913704,0.18447750806808472,0.47953495383262634
9650,5,0.08761189877986908,0.0005251609836705029,0.08935147523880005,0.0,0.01891319639980793,0.0009300761157646775,0.0009300039382651448,0.1793675273656845,0.4748895764350891
9700,5,0.08953293412923813,0.00042195236892439425,0.09213896095752716,0.0,0.01909189671278,0.0008615185506641865,0.0008572215447202325,0.18383167684078217,0.48053669929504395
9750,5,0.08657673001289368,0.0005355500034056604,0.08878876268863678,0.0,0.018971189856529236,0.0008003000402823091,0.0007962698582559824,0.17751657962799072,0.47057226300239563
9800,5,0.08774926513433456,0.0004649291222449392,0.08977138996124268,0.0,0.018605466932058334,0.0008455276256427169,0.0008494838839396834,0.17969919741153717,0.47300463914871216
9850,5,0.08571287989616394,0.0004876411985605955,0.08748715370893478,0.0,0.018778132274746895,0.0009488898795098066,0.0009528733789920807,0.17560820281505585,0.47775018215179443
9900,5,0.0873386412858963,0.0004219423281028867,0.08625325560569763,0.0,0.018671847879886627,0.0008430654415860772,0.0008468521991744637,0.1757224202156067,0.46999284625053406
9950,5,0.09174438565969467,0.00045910399057902396,0.09183948487043381,0.0,0.01870417781174183,0.0008768202969804406,0.0008760068449191749,0.1858144998550415,0.4804213047027588
10000,5,0.08707548677921295,0.0003576365124899894,0.08787207305431366,0.0,0.018597345799207687,0.000764641270507127,0.0007643564604222775,0.1768527776002884,0.4711865186691284
10050,5,0.085026316344738,0.00048249325482174754,0.08955560624599457,0.0,0.018586114048957825,0.0008715891744941473,0.0008687227382324636,0.17682330310344696,0.47784051299095154
10100,5,0.08709438145160675,0.0004732488887384534,0.08801120519638062,0.0,0.01882750727236271,0.0009775476064532995,0.0009799106046557426,0.177555114030838,0.4807741343975067
10150,5,0.08847220242023468,0.0003382609284017235,0.08706919103860855,0.0,0.018666688352823257,0.0009160499321296811,0.0009193597361445427,0.17773373425006866,0.4796005189418793
10200,5,0.08800756186246872,0.00045520381536334753,0.08741454780101776,0.0,0.01873232051730156,0.0008083368302322924,0.0008102552383206785,0.17751462757587433,0.47942614555358887
10250,5,0.08424358069896698,0.0004761350282933563,0.0867564007639885,0.0,0.018779493868350983,0.0008387494599446654,0.0008425407577306032,0.17317618429660797,0.4794004559516907
10300,5,0.08654853701591492,0.00043729011667892337,0.08721417933702469,0.0,0.018715733662247658,0.0008396573830395937,0.0008414224721491337,0.17589978873729706,0.47449934482574463
10350,5,0.08713075518608093,0.0004525719559751451,0.09001951664686203,0.0,0.018542971462011337,0.0009789604227989912,0.0009745719144120812,0.1795749068260193,0.47160953283309937
10400,5,0.08339423686265945,0.0004449981788638979,0.08378256112337112,0.0,0.01857517659664154,0.0007239693077281117,0.0007262335857376456,0.16909056901931763,0.4716437757015228
10450,5,0.08568732440471649,0.000430440588388592,0.09128694236278534,0.0,0.01884927973151207,0.0009134296560660005,0.0009190849959850311,0.17925606667995453,0.48058614134788513
10500,5,0.08532319217920303,0.0004898911574855447,0.08744854480028152,0.0,0.018864646553993225,0.0009203199297189713,0.0009226057445630431,0.1751234233379364,0.47683751583099365
10550,5,0.08813319355249405,0.0005134372622705996,0.08514124900102615,0.0,0.01848665252327919,0.0007817399455234408,0.0007847133092582226,0.17537282407283783,0.474437952041626
10600,5,0.08565767109394073,0.0004307300550863147,0.08693905919790268,0.0,0.01873284950852394,0.0008309700060635805,0.0008309771656058729,0.17470812797546387,0.47146594524383545
10650,5,0.08615870028734207,0.00041979883098974824,0.08554865419864655,0.0,0.01887032762169838,0.0009166981326416135,0.0009201914654113352,0.1739829182624817,0.47306597232818604
10700,5,0.08417806029319763,0.0005002865218557417,0.0873672142624855,0.0,0.018464215099811554,0.0008988399058580399,0.0008975842501968145,0.17386044561862946,0.4806506633758545
10750,5,0.08663693070411682,0.00046174792805686593,0.08525297790765762,0.0,0.018726523965597153,0.000979193253442645,0.0009811192285269499,0.1743306964635849,0.47725385427474976
10800,5,0.08441207557916641,0.0004891011049039662,0.08412432670593262,0.0,0.01868220791220665,0.0008077570237219334,0.0008052916382439435,0.17065724730491638,0.4731311798095703
10850,5,0.08371665328741074,0.0003783282299991697,0.0866897702217102,0.0,0.01866396889090538,0.0008526825113222003,0.0008589818608015776,0.17251507937908173,0.48321670293807983
10900,5,0.0848173201084137,0.0004106609267182648,0.08825182914733887,0.0,0.01857796311378479,0.0008113911026157439,0.0008094238582998514,0.17511920630931854,0.47297853231430054
10950,5,0.08514323085546494,0.00040223519317805767,0.08364297449588776,0.0,0.01864156313240528,0.0008630456868559122,0.0008651456446386874,0.1709352731704712,0.47697556018829346
11000,5,0.08785057067871094,0.0004624137654900551,0.08826163411140442,0.0,0.018607642501592636,0.0008325570961460471,0.0008317763567902148,0.17825756967067719,0.4757459759712219
11050,5,0.08504591137170792,0.00042721210047602654,0.08349601924419403,0.0,0.018984869122505188,0.0008565165335312486,0.000854180078022182,0.17069882154464722,0.4724077582359314
11100,5,0.08581569045782089,0.0004902187502011657,0.08813679218292236,0.0,0.018876034766435623,0.0008914434583857656,0.0008889967575669289,0.17624202370643616,0.4770285487174988
11150,5,0.08201594650745392,0.0004192974593024701,0.08550631254911423,0.0,0.01908107101917267,0.0007347167702391744,0.0007371397223323584,0.16943250596523285,0.47296616435050964
11200,5,0.08526485413312912,0.000533777754753828,0.08632778376340866,0.0,0.019038444384932518,0.0008333777077496052,0.0008368545677512884,0.17381568253040314,0.47513547539711
11250,6,0.08109719306230545,0.0004610033647622913,0.08526937663555145,0.0,0.018964184448122978,0.0006967611843720078,0.0006951427785679698,0.16823844611644745,0.4692947268486023
11300,6,0.08404473960399628,0.0004089208086952567,0.08531124144792557,0.0,0.018656885251402855,0.0009631218854337931,0.0009711552993394434,0.1717178374528885,0.4786841869354248
11350,6,0.08448813855648041,0.0004316974664106965,0.08314470946788788,0.0,0.01857682690024376,0.0008485562866553664,0.000851467892061919,0.16978314518928528,0.47143399715423584
11400,6,0.0831659808754921,0.0004458692274056375,0.08311162143945694,0.0,0.01878621056675911,0.0007794551202096045,0.0007850108086131513,0.16830673813819885,0.47521644830703735
11450,6,0.08261643350124359,0.00045270565897226334,0.08487675338983536,0.0,0.01895611546933651,0.0007348631042987108,0.0007428762037307024,0.1694425791501999,0.47603359818458557
11500,6,0.08212818205356598,0.0004414152354001999,0.0844840332865715,0.0,0.01883852668106556,0.0008635157137177885,0.0008620961452834308,0.16879808902740479,0.4706677794456482
11550,6,0.08471576869487762,0.0003991965495515615,0.08739724010229111,0.0,0.018793877214193344,0.0006673886673524976,0.0006686166161671281,0.17386700212955475,0.4656096398830414
11600,6,0.08366850018501282,0.00044584376155398786,0.0831623449921608,0.0,0.018828751519322395,0.0008014382910914719,0.0008051447803154588,0.16890209913253784,0.47706255316734314
11650,6,0.0860045775771141,0.00039467395981773734,0.08828259259462357,0.0,0.0186225026845932,0.0007653600769117475,0.0007689153426326811,0.17623473703861237,0.47699645161628723
11700,6,0.0822913646697998,0.0004343900072854012,0.08480893820524216,0.0,0.01887625828385353,0.0008220919989980757,0.0008212443790398538,0.16919690370559692,0.47575968503952026
11750,6,0.08292028307914734,0.0004445785307325423,0.08349782973527908,0.0,0.018761463463306427,0.0007800705498084426,0.0007763848407194018,0.1684379130601883,0.47298070788383484
11800,6,0.08174846321344376,0.0004484644450712949,0.08511094748973846,0.0,0.018673544749617577,0.0008535115048289299,0.000854843994602561,0.1690349131822586,0.47911518812179565
11850,6,0.08268558979034424,0.0004269132041372359,0.0872056782245636,0.0,0.0188197772949934,0.0009433805244043469,0.0009479922009631991,0.1722283810377121,0.475757360458374
11900,6,0.08214259892702103,0.0004258972767274827,0.08377443999052048,0.0,0.018773416057229042,0.0007849493995308876,0.0007921481737866998,0.16793881356716156,0.4745737314224243
11950,6,0.0820968747138977,0.0003762823180295527,0.08276326954364777,0.0,0.019117437303066254,0.0009573809802532196,0.000959508353844285,0.16717243194580078,0.4769982695579529
12000,6,0.08080141991376877,0.000426857965067029,0.07938036322593689,0.0,0.01887824572622776,0.000728473998606205,0.0007365432684309781,0.16209255158901215,0.47443103790283203
12050,6,0.08399972319602966,0.00040833064122125506,0.08492115139961243,0.0,0.01880689710378647,0.000815624138340354,0.0008189992513507605,0.17098262906074524,0.4760132431983948
12100,6,0.08680638670921326,0.00044705678010359406,0.08709359914064407,0.0,0.01887674257159233,0.0007922826334834099,0.0007906852988526225,0.1759488880634308,0.4756942391395569
12150,6,0.08213259279727936,0.0003951690159738064,0.08606912195682526,0.0,0.018862325698137283,0.0008264864445663989,0.0008265305659733713,0.17026877403259277,0.47258082032203674
12200,6,0.08121752738952637,0.00043559755431488156,0.08408483862876892,0.0,0.018980249762535095,0.0007433193386532366,0.0007452958379872143,0.167245551943779,0.4731231927871704
12250,6,0.08207526057958603,0.0004421989433467388,0.08274698257446289,0.0,0.018858306109905243,0.0009961050236597657,0.0009930867236107588,0.16727249324321747,0.4805678427219391
12300,6,0.08235873281955719,0.00043093765270896256,0.0870339646935463,0.0,0.01921078749001026,0.00075606006430462,0.0007557456847280264,0.17135465145111084,0.47609373927116394
12350,6,0.08121248334646225,0.0004898963961750269,0.08231496810913086,0.0,0.019028563052415848,0.0007194093195721507,0.0007217887323349714,0.16547757387161255,0.4713987410068512
12400,6,0.08245164155960083,0.0004177515802439302,0.08420281112194061,0.0,0.018788158893585205,0.0008830551523715258,0.0008818079950287938,0.16885586082935333,0.4700790345668793
12450,6,0.08085842430591583,0.00041373539716005325,0.08354896306991577,0.0,0.01884957030415535,0.0008299014298245311,0.0008385495748370886,0.16650842130184174,0.47647857666015625
12500,6,0.08273309469223022,0.0004974055336788297,0.08013865351676941,0.0,0.019185317680239677,0.0006950189708732069,0.0006998450262472034,0.16478320956230164,0.47362083196640015
12550,6,0.08472999185323715,0.00047061563236638904,0.08467265963554382,0.0,0.01884014718234539,0.0008529641199856997,0.0008561479044146836,0.17160122096538544,0.47691965103149414
12600,6,0.082455575466156,0.00036680768243968487,0.08167672157287598,0.0,0.018848927691578865,0.000733055523596704,0.0007375266868621111,0.16598853468894958,0.46911460161209106
12650,6,0.08112142980098724,0.00038835644954815507,0.08149689435958862,0.0,0.01862958073616028,0.0008634091354906559,0.0008669160888530314,0.16475562751293182,0.47704362869262695
12700,6,0.08068758249282837,0.0004547971475403756,0.08252087235450745,0.0,0.018888775259256363,0.0007636731606908143,0.0007646346930414438,0.16521045565605164,0.4743991792201996
12750,6,0.08556273579597473,0.0004236534296069294,0.08451684564352036,0.0,0.018805574625730515,0.0009070794330909848,0.0009070103405974805,0.1723361313343048,0.47899335622787476
12800,6,0.07775174826383591,0.0003243689425289631,0.07927755266427994,0.0,0.0189228318631649,0.0007112131570465863,0.0007135982741601765,0.15879739820957184,0.4767407774925232
12850,6,0.08127734065055847,0.0004640164552256465,0.08043445646762848,0.0,0.018785860389471054,0.0006826235330663621,0.0006824281299486756,0.16355964541435242,0.47189170122146606
12900,6,0.07905466109514236,0.0004289269563741982,0.08099000155925751,0.0,0.01896044984459877,0.0008126682369038463,0.00082027493044734,0.16212548315525055,0.4749615490436554
12950,6,0.08175955712795258,0.00043112094863317907,0.08180073648691177,0.0,0.019124677404761314,0.0008277740562334657,0.0008285033400170505,0.16566681861877441,0.474362850189209
13000,6,0.08061759173870087,0.0004707178450189531,0.0826188400387764,0.0,0.018994253128767014,0.0009934445843100548,0.000999050447717309,0.16571864485740662,0.47866523265838623
13050,6,0.08042795211076736,0.00041802978375926614,0.08176259696483612,0.0,0.01892261579632759,0.0007472997531294823,0.0007482969667762518,0.16412310302257538,0.4761388301849365
13100,6,0.07951575517654419,0.00042567303171381354,0.08084823936223984,0.0,0.019083112478256226,0.0007525766268372536,0.0007571815513074398,0.16231851279735565,0.47110360860824585
13150,6,0.07903134077787399,0.0005246904329396784,0.08128724247217178,0.0,0.019085844978690147,0.000742161413654685,0.0007437583990395069,0.16234828531742096,0.47583603858947754
13200,6,0.08072876185178757,0.0005194711848162115,0.08280602842569351,0.0,0.01902155578136444,0.0007025001686997712,0.0007037974428385496,0.16547958552837372,0.4717601239681244
13250,6,0.08126653730869293,0.0004093963070772588,0.08243165165185928,0.0,0.018794942647218704,0.0007318018469959497,0.0007303052698262036,0.16558848321437836,0.4768989086151123
13300,6,0.07707689702510834,0.00038192718056961894,0.08380793780088425,0.0,0.01910417526960373,0.0007191920885816216,0.0007235364755615592,0.16272859275341034,0.47391843795776367
13350,6,0.08353681862354279,0.0004286165349185467,0.08502697944641113,0.0,0.019004378467798233,0.0008031806210055947,0.0008001920068636537,0.1706147938966751,0.47430795431137085
13400,6,0.08418399095535278,0.000444460310973227,0.08510850369930267,0.0,0.01887151040136814,0.0007147012511268258,0.000714119232725352,0.17118464410305023,0.47342005372047424
13450,6,0.07953529059886932,0.0004243109142407775,0.08042792975902557,0.0,0.019008617848157883,0.0008268028032034636,0.0008290130645036697,0.1620623618364334,0.4767047166824341
13500,7,0.07694004476070404,0.00038324875640682876,0.08048686385154724,0.0,0.019012102857232094,0.0007110295118764043,0.0007125238189473748,0.15925271809101105,0.47186949849128723
13550,7,0.0803191140294075,0.0004103558021597564,0.08300195634365082,0.0,0.018822088837623596,0.0006427172338590026,0.0006429972127079964,0.16503596305847168,0.475460022687912
13600,7,0.0788896307349205,0.0004051285213790834,0.08277086168527603,0.0,0.01880352571606636,0.00068585982080549,0.0006823881412856281,0.16345268487930298,0.47832274436950684
13650,7,0.08025942742824554,0.0004949726280756295,0.0793517678976059,0.0,0.01863430067896843,0.0007357021095231175,0.0007334468537010252,0.161593958735466,0.47557616233825684
13700,7,0.07872767001390457,0.0003832695656456053,0.07824921607971191,0.0,0.01896056905388832,0.0006268018623813987,0.000629918766207993,0.15863583981990814,0.46501612663269043
13750,7,0.08049705624580383,0.0003697013598866761,0.08482272922992706,0.0,0.01884838193655014,0.000763739226385951,0.0007667492609471083,0.16723881661891937,0.47563785314559937
13800,7,0.08163825422525406,0.00045244715875014663,0.08160793781280518,0.0,0.01890411600470543,0.0007349122315645218,0.000738511560484767,0.16519097983837128,0.4781811833381653
13850,7,0.08092191070318222,0.000401495723053813,0.08221182227134705,0.0,0.018784191459417343,0.0008898349478840828,0.0008921371190808713,0.1653359979391098,0.47769320011138916
13900,7,0.08166660368442535,0.0004832934937439859,0.0813528373837471,0.0,0.018716026097536087,0.0007816814468242228,0.0007852716371417046,0.16508840024471283,0.4777272641658783
13950,7,0.08247576653957367,0.0003773238859139383,0.08300700038671494,0.0,0.019007794559001923,0.0006812880747020245,0.0006816947134211659,0.16724207997322083,0.47447705268859863
14000,7,0.07797747850418091,0.0003437780833337456,0.08021793514490128,0.0,0.018779853358864784,0.0007037034956738353,0.0007044875528663397,0.15996615588665009,0.4756038188934326
14050,7,0.07884026318788528,0.0004422737401910126,0.07716961950063705,0.0,0.018910832703113556,0.0007449768017977476,0.0007506004767492414,0.15796662867069244,0.47567206621170044
14100,7,0.07945361733436584,0.0004341068270150572,0.0795966386795044,0.0,0.019209809601306915,0.0009600112680345774,0.0009667959529906511,0.16143037378787994,0.47612613439559937
14150,7,0.07469871640205383,0.00042986462358385324,0.08124987035989761,0.0,0.01940196380019188,0.0007857957971282303,0.0007880912162363529,0.15797173976898193,0.47372734546661377
14200,7,0.07781490683555603,0.0003758633974939585,0.08037988096475601,0.0,0.019058171659708023,0.0006401389837265015,0.0006409079069271684,0.15987075865268707,0.4735413193702698
14250,7,0.0783478170633316,0.0004458856419660151,0.08014605939388275,0.0,0.019106123596429825,0.000690760905854404,0.000690728600602597,0.16034035384655,0.47287631034851074
14300,7,0.07694966346025467,0.0003857433912344277,0.07736682146787643,0.0,0.019154483452439308,0.0006475174450315535,0.0006495168199762702,0.15601840615272522,0.46990880370140076
14350,7,0.07817640900611877,0.0004969856236129999,0.0788637325167656,0.0,0.01879078894853592,0.0007840415928512812,0.000783924013376236,0.15912388265132904,0.4790194630622864
14400,7,0.07793521136045456,0.0003740121319424361,0.08067033439874649,0.0,0.01889082044363022,0.000687344407197088,0.0006903907051309943,0.1603761911392212,0.47471383213996887
14450,7,0.07803578674793243,0.0004215944209136069,0.0785842016339302,0.0,0.018892161548137665,0.0008959999540820718,0.0008903819834813476,0.15884685516357422,0.4728733003139496
14500,7,0.0790766105055809,0.00042964695603586733,0.08039660006761551,0.0,0.01884823851287365,0.0007302443846128881,0.0007332996465265751,0.16138525307178497,0.4833400249481201
14550,7,0.07932012528181076,0.00041091686580330133,0.07921704649925232,0.0,0.018923480063676834,0.0007814737036824226,0.0007808232912793756,0.16052931547164917,0.47694408893585205
14600,7,0.07690515369176865,0.00035891274455934763,0.07876808196306229,0.0,0.01897622086107731,0.0006346447626128793,0.0006349650793708861,0.15732072293758392,0.4751679599285126
14650,7,0.07893851399421692,0.0003999265900347382,0.08021693676710129,0.0,0.018938684836030006,0.0007590220193378627,0.0007562836399301887,0.16108961403369904,0.47286468744277954
14700,7,0.07822871953248978,0.0003560083860065788,0.08032546937465668,0.0,0.018702831119298935,0.0007621623226441443,0.0007621037075296044,0.1604531705379486,0.4757397174835205
14750,7,0.07900393754243851,0.00046014750842005014,0.08079572767019272,0.0,0.01887899450957775,0.0007752812234684825,0.0007735503022558987,0.16182751953601837,0.4757762849330902
14800,7,0.07979578524827957,0.0003748138260561973,0.08025038987398148,0.0,0.018713559955358505,0.000654370931442827,0.0006587199750356376,0.16175279021263123,0.4696367383003235
14850,7,0.07844936102628708,0.0003870332147926092,0.07903605699539185,0.0,0.018815767019987106,0.0007321449229493737,0.0007337588467635214,0.15935717523097992,0.47552475333213806
14900,7,0.07860887795686722,0.00043396552791818976,0.08043381571769714,0.0,0.018907709047198296,0.0007517666672356427,0.0007536567864008248,0.16100099682807922,0.4761226177215576
14950,7,0.07957570254802704,0.0004497598565649241,0.0802035853266716,0.0,0.018667394295334816,0.0008667631773278117,0.0008620667504146695,0.16197656095027924,0.47271281480789185
15000,7,0.07649515569210052,0.00039862666744738817,0.07705524563789368,0.0,0.018765468150377274,0.0006428385386243463,0.0006367617170326412,0.15524739027023315,0.47504907846450806
15050,7,0.07897787541151047,0.00042795660556294024,0.07874186336994171,0.0,0.01872878149151802,0.0007034980226308107,0.0007076133042573929,0.15957753360271454,0.4779942035675049
15100,7,0.07729741930961609,0.00039421062683686614,0.07844323664903641,0.0,0.018808111548423767,0.0007616299553774297,0.000760126393288374,0.15767543017864227,0.47602492570877075
15150,7,0.07800233364105225,0.00039071732317097485,0.07929211109876633,0.0,0.01869138702750206,0.0006799485418014228,0.0006825409363955259,0.1590663343667984,0.4713549315929413
15200,7,0.07796875387430191,0.00037557719042524695,0.07951532304286957,0.0,0.01848205178976059,0.0007020625635050237,0.0007028840482234955,0.15928307175636292,0.47639816999435425
15250,7,0.07733385264873505,0.0003587341052480042,0.07684731483459473,0.0,0.018482470884919167,0.0006346139125525951,0.0006382220308296382,0.1558312177658081,0.4737323224544525
15300,7,0.0784589871764183,0.0003969751123804599,0.07700464129447937,0.0,0.018626850098371506,0.0005805525579489768,0.0005808398709632456,0.15704062581062317,0.46973568201065063
15350,7,0.07509024441242218,0.0004095763433724642,0.07598743587732315,0.0,0.01861862652003765,0.0006850529462099075,0.0006858000997453928,0.15287671983242035,0.4733649492263794
15400,7,0.07646016031503677,0.00042889820178970695,0.0787501335144043,0.0,0.018612701445817947,0.0007691052742302418,0.0007660153205506504,0.15719293057918549,0.47301432490348816
15450,7,0.08050252497196198,0.00037136010359972715,0.08057831227779388,0.0,0.018627090379595757,0.0007397923618555069,0.000747006677556783,0.16295762360095978,0.4764573574066162
15500,7,0.07768035680055618,0.0004535180050879717,0.07779058814048767,0.0,0.01878555864095688,0.0006485264748334885,0.0006476814742200077,0.15723946690559387,0.47513967752456665
15550,7,0.07826443761587143,0.00041335352580063045,0.07882533222436905,0.0,0.01883503794670105,0.0007546601700596511,0.000752897234633565,0.1590295135974884,0.47238224744796753
15600,7,0.07468029111623764,0.0005469743045978248,0.07932541519403458,0.0,0.01880529150366783,0.0007632998749613762,0.000757581670768559,0.15609237551689148,0.4694058299064636
15650,7,0.07472029328346252,0.0004060881619807333,0.07667707651853561,0.0,0.018703188747167587,0.0006791891064494848,0.0006810154300183058,0.15318237245082855,0.4744110703468323
15700,7,0.07773056626319885,0.0003339165123179555,0.07867719978094101,0.0,0.018843811005353928,0.0007206139853224158,0.0007216464728116989,0.15820278227329254,0.4758247435092926
15750,8,0.07620631903409958,0.0003618727205321193,0.08048482984304428,0.0,0.018994033336639404,0.000839658488985151,0.000841626082547009,0.15875330567359924,0.469211220741272
15800,8,0.07804585993289948,0.0005847786669619381,0.07713816314935684,0.0,0.018923111259937286,0.0006085886852815747,0.0006110211834311485,0.1570073515176773,0.4761865735054016
15850,8,0.07812252640724182,0.00033858069218695164,0.07806793600320816,0.0,0.018792439252138138,0.0006648384733125567,0.000666569103486836,0.15787923336029053,0.4718513488769531
15900,8,0.0753447413444519,0.00038326397771015763,0.0757809430360794,0.0,0.018627481535077095,0.0006422068108804524,0.0006459598080255091,0.15281574428081512,0.47520944476127625
15950,8,0.08062295615673065,0.0004332510579843074,0.0741538554430008,0.0,0.018916266039013863,0.0007075777393765748,0.0007088009151630104,0.15664535760879517,0.47238650918006897
16000,8,0.0765523612499237,0.00041584682185202837,0.07982998341321945,0.0,0.018653495237231255,0.0006436315597966313,0.0006432597292587161,0.15810373425483704,0.47766566276550293
16050,8,0.07931027561426163,0.0004800779861398041,0.0774020105600357,0.0,0.018649829551577568,0.0008935076184570789,0.0008923576679080725,0.15899688005447388,0.47623729705810547
16100,8,0.07649573683738708,0.0004051254945807159,0.07695231586694717,0.0,0.01870950311422348,0.0006759134121239185,0.0006673031020909548,0.15521511435508728,0.4728858470916748
16150,8,0.0763644129037857,0.0004333852557465434,0.07834287732839584,0.0,0.018589260056614876,0.0007020344492048025,0.0007013925933279097,0.1565626859664917,0.4742972254753113
16200,8,0.07238084822893143,0.000418163399444893,0.07596851885318756,0.0,0.018705926835536957,0.0006351013435050845,0.0006394268129952252,0.1500607579946518,0.4746624827384949
16250,8,0.07595241814851761,0.00040516513399779797,0.07725781202316284,0.0,0.018697751685976982,0.0006665207911282778,0.0006665895343758166,0.15496720373630524,0.47240734100341797
16300,8,0.07738418132066727,0.00037218810757622123,0.07769602537155151,0.0,0.018771156668663025,0.0006644625100307167,0.0006652189185842872,0.15680085122585297,0.47255414724349976
16350,8,0.07411457598209381,0.0003986433148384094,0.07628075033426285,0.0,0.018763167783617973,0.0007566213607788086,0.0007574738119728863,0.1523268222808838,0.4791831374168396
16400,8,0.07746215164661407,0.0003638935158960521,0.07921003550291061,0.0,0.01875082403421402,0.0006674088072031736,0.0006652743904851377,0.15838751196861267,0.47507333755493164
16450,8,0.07620567083358765,0.00040449475636705756,0.07675838470458984,0.0,0.01870272308588028,0.0006907054921612144,0.0006909540388733149,0.1547689139842987,0.4755346477031708
16500,8,0.0791233479976654,0.000472850922960788,0.07882151007652283,0.0,0.01848842203617096,0.0007541252998635173,0.0007567073917016387,0.15994702279567719,0.47743263840675354
16550,8,0.0764830932021141,0.0003719786473084241,0.07807622104883194,0.0,0.018595539033412933,0.0006196085596457124,0.0006200411589816213,0.15618953108787537,0.47264525294303894
16600,8,0.07659082114696503,0.00040924723725765944,0.07784128189086914,0.0,0.018648793920874596,0.0006329875905066729,0.0006378925172612071,0.1561308652162552,0.47080129384994507
16650,8,0.07617335021495819,0.00038883654633536935,0.07634545862674713,0.0,0.018522251397371292,0.0007087242556735873,0.0007066258694976568,0.15434151887893677,0.47500354051589966
16700,8,0.07615645974874496,0.00043562849168665707,0.0793859139084816,0.0,0.01869538426399231,0.0006517539150081575,0.0006536751752719283,0.157302126288414,0.47334182262420654
16750,8,0.07712337374687195,0.00044236480607651174,0.07681502401828766,0.0,0.018579766154289246,0.0006415601237677038,0.0006422424921765924,0.15568315982818604,0.47604507207870483
16800,8,0.07700132578611374,0.0004216714878566563,0.07761332392692566,0.0,0.01854821667075157,0.0007824038621038198,0.0007808452937752008,0.156618133187294,0.4752380847930908
16850,8,0.0744735598564148,0.0004202746495138854,0.07538175582885742,0.0,0.018191514536738396,0.0006337672239169478,0.0006400872953236103,0.15156763792037964,0.474970281124115
16900,8,0.07830964773893356,0.0004087957786396146,0.0792100802063942,0.0,0.018351225182414055,0.0006168969557620585,0.000620420731138438,0.15918420255184174,0.4731261134147644
16950,8,0.0772114098072052,0.00034722036798484623,0.07831117510795593,0.0,0.018613535910844803,0.0006054840632714331,0.0006106775254011154,0.15710458159446716,0.47578877210617065
17000,8,0.07568027079105377,0.0004635665100067854,0.07561220228672028,0.0,0.018395956605672836,0.000667580752633512,0.0006721667014062405,0.1531141996383667,0.4714280962944031
17050,8,0.07693121582269669,0.00035494560142979026,0.07652442157268524,0.0,0.018525613471865654,0.0006014813552610576,0.0006052322569303215,0.1550358235836029,0.47423481941223145
17100,8,0.07520923763513565,0.00034597309422679245,0.0762082189321518,0.0,0.018550604581832886,0.0006634711171500385,0.0006611720891669393,0.15310662984848022,0.4709712564945221
17150,8,0.0768815353512764,0.0003795140655711293,0.0771237313747406,0.0,0.018317867070436478,0.0007396850851364434,0.0007415739819407463,0.15588437020778656,0.46958452463150024
17200,8,0.07363015413284302,0.0004329286457505077,0.07715752720832825,0.0,0.018284032121300697,0.0006765627767890692,0.0006786338635720313,0.15259410440921783,0.4729788601398468
17250,8,0.07677757740020752,0.00040660754893906415,0.07719842344522476,0.0,0.018421465530991554,0.000658861652482301,0.0006595542072318494,0.15571944415569305,0.4724351763725281
17300,8,0.07576408982276917,0.0004350672825239599,0.07560964673757553,0.0,0.018665960058569908,0.0006341978441923857,0.0006359837716445327,0.15309764444828033,0.474717915058136
17350,8,0.07432422041893005,0.0003538855817168951,0.07633116841316223,0.0,0.018740467727184296,0.0005250280955806375,0.0005259489989839494,0.1520790010690689,0.46701881289482117
17400,8,0.07509493082761765,0.00039195045246742666,0.07607491314411163,0.0,0.01850266568362713,0.0005772799486294389,0.0005755220772698522,0.15273310244083405,0.4722839295864105
17450,8,0.07512413710355759,0.0004368771624285728,0.07916288822889328,0.0,0.018575776368379593,0.0007189281168393791,0.0007202225388027728,0.15618164837360382,0.476548433303833
17500,8,0.07578317075967789,0.00038001887151040137,0.07947313040494919,0.0,0.01870901510119438,0.0007205682923085988,0.0007227956084534526,0.15709839761257172,0.4738817512989044
17550,8,0.07461526989936829,0.0004050849238410592,0.07259625196456909,0.0,0.01845475286245346,0.0005994077655486763,0.0005999982822686434,0.1488344669342041,0.46697768568992615
17600,8,0.07428888976573944,0.00038646248867735267,0.07701434195041656,0.0,0.018302956596016884,0.0007258562836796045,0.0007270959904417396,0.1531609445810318,0.4708273410797119
17650,8,0.07447583228349686,0.0004700089921243489,0.07727000117301941,0.0,0.018332308158278465,0.0006784061552025378,0.0006793483626097441,0.15359191596508026,0.47046583890914917
17700,8,0.07419676333665848,0.000372671231161803,0.07396432012319565,0.0,0.018319999799132347,0.0006201654905453324,0.0006220971117727458,0.149794340133667,0.470439076423645
17750,8,0.07550407946109772,0.0003520461614243686,0.07687567174434662,0.0,0.018382344394922256,0.0006949374219402671,0.0006994504947215319,0.15414458513259888,0.4748932123184204
17800,8,0.076344795525074,0.0004976305644959211,0.07616777718067169,0.0,0.018314674496650696,0.0006223737727850676,0.0006193799199536443,0.15427027642726898,0.4728895425796509
17850,8,0.07231491804122925,0.0004020801279693842,0.0767618864774704,0.0,0.018353573977947235,0.0005700578913092613,0.0005696739535778761,0.1506369709968567,0.471435010433197
17900,8,0.0710807591676712,0.00038762608892284334,0.07544143497943878,0.0,0.018366273492574692,0.0005610833177343011,0.0005701374029740691,0.1480594128370285,0.4713481068611145
17950,8,0.0763910561800003,0.00048414748744107783,0.0755695104598999,0.0,0.018362274393439293,0.0007444345392286777,0.000747466750908643,0.15395498275756836,0.47260963916778564
18000,9,0.07550991326570511,0.00039300660137087107,0.07813969254493713,0.0,0.018423158675432205,0.0006401727441698313,0.0006402917206287384,0.1553414911031723,0.47241929173469543
18050,9,0.07145959883928299,0.0003594637964852154,0.07607480138540268,0.0,0.01825963333249092,0.000558411527890712,0.0005603674799203873,0.1490308940410614,0.4715923070907593
18100,9,0.07458179444074631,0.0003564204671420157,0.07398293167352676,0.0,0.018254658207297325,0.0005545924068428576,0.0005560941644944251,0.150050088763237,0.47187668085098267
18150,9,0.07385358959436417,0.0003970949328504503,0.07552232593297958,0.0,0.018438175320625305,0.0006336488295346498,0.0006386186578311026,0.1510636955499649,0.47232627868652344
18200,9,0.07302913814783096,0.00039325057878158987,0.07324165105819702,0.0,0.01841595396399498,0.0007621217519044876,0.0007643405115231872,0.14820891618728638,0.4762035012245178
18250,9,0.07431665062904358,0.00037493958370760083,0.07539083808660507,0.0,0.01845051348209381,0.0006318391533568501,0.0006342793931253254,0.15136700868606567,0.4727213382720947
18300,9,0.07250353693962097,0.00039877742528915405,0.07809971272945404,0.0,0.018187131732702255,0.0005983771407045424,0.0005975631647743285,0.15221615135669708,0.4732505977153778
18350,9,0.07429475337266922,0.00044475161121226847,0.0757664367556572,0.0,0.018175601959228516,0.0007352184038609266,0.0007397755398415029,0.1519991159439087,0.4728344678878784
18400,9,0.07342780381441116,0.0003839394194073975,0.07491588592529297,0.0,0.018104374408721924,0.0007053439621813595,0.0007097868947312236,0.15016086399555206,0.4765756130218506
18450,9,0.07303418219089508,0.00036554731195792556,0.07403992861509323,0.0,0.018141599372029305,0.0005367489065974951,0.0005370485596358776,0.14853158593177795,0.47116807103157043
18500,9,0.07333513349294662,0.00041798065649345517,0.07505717873573303,0.0,0.018118122592568398,0.0006679885555058718,0.0006683421088382602,0.15016475319862366,0.4749774932861328
18550,9,0.0771883875131607,0.0004352540709078312,0.07827048748731613,0.0,0.018282726407051086,0.0005924143479205668,0.000592597818467766,0.15709742903709412,0.46927618980407715
18600,9,0.07493998855352402,0.00043984188232570887,0.07586006075143814,0.0,0.018114954233169556,0.0006224486278370023,0.0006209412240423262,0.1525014042854309,0.4671754240989685
18650,9,0.07359481602907181,0.0004347307258285582,0.07512014359235764,0.0,0.0180618017911911,0.0007474284502677619,0.0007544704130850732,0.1506696492433548,0.4780195355415344
18700,9,0.07482488453388214,0.000421336037106812,0.0765276700258255,0.0,0.01804913952946663,0.0006158283213153481,0.0006224729586392641,0.15303024649620056,0.4739082455635071
18750,9,0.07226874679327011,0.0003978864406235516,0.07550815492868423,0.0,0.018206816166639328,0.0004983213730156422,0.000498670618981123,0.1491899937391281,0.46881091594696045
18800,9,0.07541267573833466,0.0004579255182761699,0.07673487067222595,0.0,0.018343336880207062,0.0006741938414052129,0.0006739985547028482,0.15397201478481293,0.47592130303382874
18850,9,0.07408072054386139,0.0003895415866281837,0.07386273145675659,0.0,0.018434977158904076,0.0006152064306661487,0.0006205894751474261,0.1495872139930725,0.47040173411369324
18900,9,0.07351096719503403,0.00036194908898323774,0.07245157659053802,0.0,0.018422970548272133,0.000619882601313293,0.000623106025159359,0.1475858986377716,0.46832969784736633
18950,9,0.07426192611455917,0.0004118127399124205,0.0748295783996582,0.0,0.018141089007258415,0.0006783375865779817,0.0006794547662138939,0.15087924897670746,0.47367793321609497
19000,9,0.07219298928976059,0.00045031934860162437,0.07297436892986298,0.0,0.018140479922294617,0.0005556686082854867,0.000555548642296344,0.14674703776836395,0.4690181016921997
19050,9,0.07196342945098877,0.00035783572820946574,0.07379451394081116,0.0,0.018169570714235306,0.0007080474169924855,0.0007114895852282643,0.147553488612175,0.4757561981678009
19100,9,0.07276002317667007,0.00035477301571518183,0.07469689846038818,0.0,0.018054256215691566,0.000601902836933732,0.0005995219107717276,0.14903117716312408,0.4711967408657074
19150,9,0.0743137001991272,0.0004340652085375041,0.07628057897090912,0.0,0.01805475540459156,0.0005750152049586177,0.0005736735183745623,0.15219508111476898,0.46910303831100464
19200,9,0.07507619261741638,0.00036875851219519973,0.07339897006750107,0.0,0.018030188977718353,0.0005564194289036095,0.0005603660829365253,0.14997872710227966,0.472409725189209
19250,9,0.07215199619531631,0.0003367990138940513,0.07345115393400192,0.0,0.017903856933116913,0.0005818805657327175,0.0005830682348459959,0.1471228003501892,0.46849673986434937
19300,9,0.07577051222324371,0.0003516567521728575,0.07305087149143219,0.0,0.01796845532953739,0.0005911757471039891,0.0005925718578509986,0.15037477016448975,0.47176477313041687
19350,9,0.07268612831830978,0.0003095361462328583,0.07706090807914734,0.0,0.0177818164229393,0.000558467407245189,0.0005614371038973331,0.1511942595243454,0.4711950421333313
19400,9,0.07316426932811737,0.0003879145369865,0.07423848658800125,0.0,0.01812945306301117,0.0005991909420117736,0.0005965337040834129,0.14900453388690948,0.47185036540031433
19450,9,0.07240599393844604,0.0003276510979048908,0.07356139272451401,0.0,0.018039152026176453,0.0005739140324294567,0.0005770188290625811,0.14746402204036713,0.4680359661579132
19500,9,0.07153462618589401,0.00040183524833992124,0.07200419902801514,0.0,0.01782592013478279,0.0005402893293648958,0.00054380320943892,0.1450425684452057,0.47056591510772705
19550,9,0.07537543773651123,0.0003705598646774888,0.07467532157897949,0.0,0.01782396249473095,0.0006199596100486815,0.0006234809989109635,0.15168258547782898,0.4742532968521118
19600,9,0.0734848901629448,0.00046802303404547274,0.07391773909330368,0.0,0.017857415601611137,0.0006308506708592176,0.0006317673833109438,0.14915113151073456,0.46865472197532654
19650,9,0.07406461238861084,0.0003798389225266874,0.07475212961435318,0.0,0.017839625477790833,0.0006767849554307759,0.0006736568175256252,0.15056486427783966,0.4712485671043396
19700,9,0.07212109863758087,0.0003968093660660088,0.07145503908395767,0.0,0.017858050763607025,0.0004984504776075482,0.0005014205235056579,0.14499066770076752,0.4679694175720215
19750,9,0.0754166767001152,0.00041579126263968647,0.0763254165649414,0.0,0.017869938164949417,0.0006816188106313348,0.000681507692206651,0.15353888273239136,0.47535306215286255
19800,9,0.0737600028514862,0.00048540689749643207,0.07395116239786148,0.0,0.017748745158314705,0.000581777305342257,0.0005834382027387619,0.14937953650951385,0.47538289427757263
19850,9,0.07179593294858932,0.0003323713899590075,0.07298069447278976,0.0,0.0180349238216877,0.000552415382117033,0.0005560837453231215,0.14623552560806274,0.4714283347129822
19900,9,0.07283110171556473,0.0003923678013961762,0.07431772351264954,0.0,0.01797827146947384,0.000526194809935987,0.0005258641904219985,0.14861123263835907,0.465795636177063
19950,9,0.0719672292470932,0.0003742331173270941,0.07229799032211304,0.0,0.01792772300541401,0.0005378966452553868,0.0005397816421464086,0.14573507010936737,0.4695109724998474
20000,9,0.07003182172775269,0.00043967022793367505,0.0728221982717514,0.0,0.017866767942905426,0.0007392417173832655,0.0007302579469978809,0.14478105306625366,0.47164732217788696
20050,9,0.07147140055894852,0.000378176016965881,0.07380267977714539,0.0,0.01802968606352806,0.0006531463004648685,0.0006520841270685196,0.1469755321741104,0.4734106659889221
20100,9,0.07436001300811768,0.0003617681213654578,0.07691117376089096,0.0,0.017901331186294556,0.0005619165021926165,0.000562277331482619,0.15277504920959473,0.4758906364440918
20150,9,0.07432471960783005,0.00039953639497980475,0.07491901516914368,0.0,0.01793350651860237,0.0005747826653532684,0.0005803054664283991,0.15081629157066345,0.4695480465888977
20200,9,0.0735689178109169,0.0004165007849223912,0.07679576426744461,0.0,0.01765996590256691,0.0005336736794561148,0.0005327180260792375,0.15186522901058197,0.47566860914230347
20250,10,0.07438130676746368,0.0003723616246134043,0.07568396627902985,0.0,0.017756454646587372,0.0005957490648142993,0.000595359830185771,0.15164650976657867,0.47549378871917725
20300,10,0.07192312926054001,0.0003818431869149208,0.07547847926616669,0.0,0.01759991981089115,0.0005880988901481032,0.0005935031222179532,0.14898265898227692,0.47655320167541504
20350,10,0.07145976275205612,0.00033716915640980005,0.07139498740434647,0.0,0.017613830044865608,0.00049911456881091,0.0004990395391359925,0.1442076861858368,0.4635670483112335
20400,10,0.07246541976928711,0.0003246492415200919,0.07389640808105469,0.0,0.017569029703736305,0.0005242591723799706,0.0005251450929790735,0.14775344729423523,0.47128504514694214
20450,10,0.07502930611371994,0.0004609382012858987,0.07408785820007324,0.0,0.017405588179826736,0.000596560537815094,0.0005958279361948371,0.15078788995742798,0.4720896780490875
20500,10,0.07034750282764435,0.0003493602271191776,0.07196174561977386,0.0,0.017598610371351242,0.0005293474532663822,0.0005312940338626504,0.1437368392944336,0.4647616744041443
20550,10,0.06886623799800873,0.00035571795888245106,0.07104417681694031,0.0,0.01759471371769905,0.0005255042924545705,0.0005266297375783324,0.1413358747959137,0.4703191816806793
20600,10,0.07588079571723938,0.00040264095878228545,0.07426992803812027,0.0,0.017624298110604286,0.0005228489171713591,0.0005233153933659196,0.151617169380188,0.47096651792526245
20650,10,0.0735517218708992,0.00044534163316711783,0.07498027384281158,0.0,0.017527986317873,0.0006410632631741464,0.0006435418035835028,0.1502794623374939,0.4703909158706665
20700,10,0.07121432572603226,0.00035197706893086433,0.07051324844360352,0.0,0.017609737813472748,0.0005010396707803011,0.0005030398024246097,0.1431012600660324,0.46974289417266846
20750,10,0.07332645356655121,0.0004040769999846816,0.07304169237613678,0.0,0.017577681690454483,0.0006325453286990523,0.000632688170298934,0.1480550318956375,0.4759911000728607
20800,10,0.07281749695539474,0.00039910650230012834,0.07331370562314987,0.0,0.017597811296582222,0.000543567119166255,0.0005430089659057558,0.14763447642326355,0.4709782898426056
20850,10,0.06979075819253922,0.00032535233185626566,0.07090376317501068,0.0,0.01757461577653885,0.00045435456559062004,0.00045492881326936185,0.1419467329978943,0.468749463558197
20900,10,0.07149522006511688,0.0004434381553437561,0.07451051473617554,0.0,0.01772984117269516,0.0006492702523246408,0.0006500400486402214,0.14776621758937836,0.4684308171272278
20950,10,0.07150962948799133,0.00039953127270564437,0.06977401673793793,0.0,0.017623988911509514,0.0006026513292454183,0.0006040814332664013,0.1429075300693512,0.46824145317077637
21000,10,0.07246248424053192,0.00036775588523596525,0.07048457115888596,0.0,0.017540181055665016,0.0005981920985504985,0.0006001877482049167,0.14453072845935822,0.47203710675239563
21050,10,0.07311874628067017,0.0003640822833403945,0.07489746063947678,0.0,0.017765909433364868,0.0005222974577918649,0.0005247925291769207,0.14944513142108917,0.4685489237308502
21100,10,0.07345931231975555,0.000430672662332654,0.07139544188976288,0.0,0.01776301860809326,0.000596317695453763,0.0005965093150734901,0.1464960128068924,0.4743833839893341
21150,10,0.07260644435882568,0.0003119938774034381,0.0738755390048027,0.0,0.01758134737610817,0.000580625724978745,0.0005867217550985515,0.14797890186309814,0.47021448612213135
21200,10,0.07358375936746597,0.00041477044578641653,0.0741644948720932,0.0,0.017712458968162537,0.000672960071824491,0.0006780556286685169,0.149531751871109,0.4716018736362457
21250,10,0.07221589237451553,0.00029261468444019556,0.07337535917758942,0.0,0.01769644021987915,0.0005114400410093367,0.0005144386668689549,0.14692744612693787,0.46973317861557007
21300,10,0.07330272346735,0.0003924326738342643,0.0756705105304718,0.0,0.017701419070363045,0.0007142868125811219,0.0007183057023212314,0.1508159637451172,0.48043662309646606
21350,10,0.07470998167991638,0.00044813522254116833,0.07319747656583786,0.0,0.017786847427487373,0.0005966486060060561,0.0006002683658152819,0.1495703160762787,0.4690726399421692
21400,10,0.07080210745334625,0.0003704566624946892,0.07163785398006439,0.0,0.017941391095519066,0.0004869514668826014,0.00048675324069336057,0.14380206167697906,0.46988147497177124
21450,10,0.07326628267765045,0.00038834300357848406,0.07556609809398651,0.0,0.017636610195040703,0.0006163769867271185,0.0006186614627949893,0.15047341585159302,0.47090989351272583
21500,10,0.07207830250263214,0.00042140920413658023,0.0728587806224823,0.0,0.01740621030330658,0.0006156404269859195,0.0006181171047501266,0.14660966396331787,0.475553959608078
21550,10,0.0715707316994667,0.00035985466092824936,0.07518450170755386,0.0,0.017697304487228394,0.0005497887614183128,0.0005501823034137487,0.14823275804519653,0.47322210669517517
21600,10,0.0737057626247406,0.0003809662302955985,0.07309477776288986,0.0,0.01768786460161209,0.0006449858192354441,0.0006443546153604984,0.14848853647708893,0.47586771845817566
21650,10,0.07236781716346741,0.0003535450960043818,0.07256818562746048,0.0,0.01781957410275936,0.0006387772737070918,0.00063981773564592,0.14658595621585846,0.4739091098308563
21700,10,0.07300008088350296,0.0004388379165902734,0.07613613456487656,0.0,0.01771385408937931,0.000644153798930347,0.0006467868224717677,0.1508837193250656,0.4764922857284546
21750,10,0.07261054217815399,0.0003574737347662449,0.07273976504802704,0.0,0.01762942597270012,0.0005051482003182173,0.0005068195750936866,0.14673738181591034,0.4719814360141754
21800,10,0.06897556781768799,0.00037806195905432105,0.07413315773010254,0.0,0.017642688006162643,0.0006010134238749743,0.0006008137715980411,0.14470626413822174,0.46908923983573914
21850,10,0.07174824923276901,0.0003541393962223083,0.07508908212184906,0.0,0.01753540337085724,0.0005909028695896268,0.0005894348723813891,0.14838933944702148,0.4699953496456146
21900,10,0.06788668781518936,0.00039832034963183105,0.07086145877838135,0.0,0.017587866634130478,0.0005643379408866167,0.0005668544908985496,0.14029525220394135,0.4731663167476654
21950,10,0.07000384479761124,0.0004352419637143612,0.07220830768346786,0.0,0.01751653105020523,0.0005639083683490753,0.0005693068960681558,0.1437981277704239,0.4717159569263458
22000,10,0.07346412539482117,0.0003946024226024747,0.07413927465677261,0.0,0.017496734857559204,0.0006040486041456461,0.0006055844714865088,0.1492251306772232,0.4702777862548828
22050,10,0.07492119818925858,0.0003724721900653094,0.0759139433503151,0.0,0.017601782456040382,0.0007005883380770683,0.000709475134499371,0.15263527631759644,0.47527453303337097
22100,10,0.07187243551015854,0.0004983906983397901,0.07474695891141891,0.0,0.01763691008090973,0.0006720649544149637,0.0006753856432624161,0.14848288893699646,0.47057294845581055
22150,10,0.06894493103027344,0.00034214858897030354,0.07258793711662292,0.0,0.01727285049855709,0.0005146223702467978,0.0005152851808816195,0.14292219281196594,0.47272270917892456
22200,10,0.07201053202152252,0.00043781468411907554,0.07096070796251297,0.0,0.0174139104783535,0.0005268037784844637,0.0005257612792775035,0.14447902143001556,0.46932610869407654
22250,10,0.07339408993721008,0.00042109168134629726,0.07346668839454651,0.0,0.017176304012537003,0.0006684800609946251,0.0006658052443526685,0.14863333106040955,0.47195911407470703
22300,10,0.0738753154873848,0.00038446224061772227,0.07447515428066254,0.0,0.017236584797501564,0.0005977806868031621,0.0006004610331729054,0.14995041489601135,0.4776957035064697
22350,10,0.07173648476600647,0.00035665632458403707,0.07195384800434113,0.0,0.01729307696223259,0.0005032059270888567,0.000503575662150979,0.14507107436656952,0.47335484623908997
22400,10,0.06884200870990753,0.00039853467023931444,0.07131879776716232,0.0,0.01725751906633377,0.0005677385488525033,0.0005700163310393691,0.14171434938907623,0.47222891449928284
22450,10,0.07446785271167755,0.0003568278334569186,0.07445400953292847,0.0,0.017219271510839462,0.0005602011224254966,0.0005599052528850734,0.1504160314798355,0.47740793228149414
22500,11,0.06987841427326202,0.0003683101967908442,0.07116774469614029,0.0,0.01727982982993126,0.0005385458935052156,0.0005417052889242768,0.1425119936466217,0.4691275358200073
22550,11,0.0702509954571724,0.0003890451625920832,0.07166993618011475,0.0,0.017187975347042084,0.0005166162736713886,0.0005153269739821553,0.14335910975933075,0.46901533007621765
22600,11,0.06973210722208023,0.0005099288537167013,0.0709756389260292,0.0,0.01712043024599552,0.0004919544444419444,0.000494733511004597,0.14222149550914764,0.4716709852218628
22650,11,0.06875462085008621,0.0003733632038347423,0.07088083773851395,0.0,0.017170527949929237,0.0004988252185285091,0.0005009913584217429,0.14102581143379211,0.4701613783836365
22700,11,0.07106272131204605,0.00032778779859654605,0.07074258476495743,0.0,0.017083652317523956,0.000513988547027111,0.0005196826532483101,0.14318382740020752,0.4623914659023285
22750,11,0.07034818828105927,0.00033377049840055406,0.06932304799556732,0.0,0.0169905386865139,0.0005609176587313414,0.0005621908931061625,0.14114511013031006,0.47173255681991577
22800,11,0.06947777420282364,0.0003641476796474308,0.07195420563220978,0.0,0.01706548221409321,0.0006777950911782682,0.0006801135605201125,0.14317110180854797,0.4720766246318817
22850,11,0.0714586079120636,0.00036057375837117434,0.07234987616539001,0.0,0.016973750665783882,0.0005505815497599542,0.0005524256266653538,0.14528904855251312,0.4714739918708801
22900,11,0.07251740992069244,0.0003778835525736213,0.07100378721952438,0.0,0.017125913873314857,0.0006044241599738598,0.0006068076472729445,0.14512743055820465,0.47075676918029785
22950,11,0.07120854407548904,0.00036530703073367476,0.07336601614952087,0.0,0.016961079090833664,0.0005673134000971913,0.0005677945446223021,0.14609193801879883,0.4723421335220337
23000,11,0.07150832563638687,0.00036505493335425854,0.07198315858840942,0.0,0.01688452623784542,0.0005185580812394619,0.0005195052362978458,0.1449114829301834,0.4705742597579956
23050,11,0.06901472061872482,0.00040726305451244116,0.07357935607433319,0.0,0.01689249835908413,0.0006160131306387484,0.000616271048784256,0.1442505270242691,0.47170042991638184
23100,11,0.07316610217094421,0.00036346871638670564,0.0719274953007698,0.0,0.016925036907196045,0.0005584858590736985,0.0005578865529969335,0.14659035205841064,0.4693194031715393
23150,11,0.06980381160974503,0.00034361984580755234,0.07330101728439331,0.0,0.017063666135072708,0.000551274511963129,0.0005512126954272389,0.14456799626350403,0.4695602059364319
23200,11,0.06858187913894653,0.0003602066426537931,0.06950557976961136,0.0,0.016935795545578003,0.000482304923934862,0.0004844819486606866,0.1394314020872116,0.47503983974456787
23250,11,0.07095973193645477,0.00032469257712364197,0.07163970172405243,0.0,0.01702856831252575,0.0005987980985082686,0.0006056733545847237,0.1441456377506256,0.4710225760936737
23300,11,0.06995749473571777,0.00042527818004600704,0.07356569170951843,0.0,0.017180435359477997,0.0006277415668591857,0.0006285147974267602,0.14522190392017365,0.4768586754798889
23350,11,0.07109384983778,0.00035172345815226436,0.06881885230541229,0.0,0.017115306109189987,0.0005306384991854429,0.000527862343005836,0.14134004712104797,0.4724956750869751
23400,11,0.07095690071582794,0.00035160002880729735,0.07358802109956741,0.0,0.01729029417037964,0.0005752389552071691,0.0005734387086704373,0.1460624784231186,0.4779031276702881
23450,11,0.07119541615247726,0.00032856903271749616,0.07118318229913712,0.0,0.01727624423801899,0.0005336165195330977,0.0005359272472560406,0.143793985247612,0.47098371386528015
23500,11,0.0706491693854332,0.00038616161327809095,0.0705779641866684,0.0,0.01710195653140545,0.0006573484279215336,0.0006578679895028472,0.14294563233852386,0.4715389013290405
23550,11,0.06967166066169739,0.00036269656266085804,0.07262860238552094,0.0,0.016993224620819092,0.000586724141612649,0.0005876244395039976,0.1438542902469635,0.47058260440826416
23600,11,0.06867203861474991,0.00041600968688726425,0.07216138392686844,0.0,0.016951218247413635,0.0007109984289854765,0.0007139644585549831,0.14269135892391205,0.4756176769733429
23650,11,0.07247614860534668,0.00037409737706184387,0.0729072093963623,0.0,0.016974598169326782,0.0005960193811915815,0.000597311882302165,0.14696775376796722,0.4664967656135559
23700,11,0.07040952891111374,0.0004418880562298,0.07240812480449677,0.0,0.01703703962266445,0.0005712736165151,0.0005731070996262133,0.14442095160484314,0.4764590263366699
23750,11,0.07031841576099396,0.0003847869229502976,0.07185854017734528,0.0,0.017109442502260208,0.0004815019201487303,0.0004821471811737865,0.14354248344898224,0.4661276936531067
23800,11,0.07171932607889175,0.0003607795515563339,0.07409222424030304,0.0,0.01718834973871708,0.0004593759367708117,0.00046145537635311484,0.14711034297943115,0.4723876714706421
23850,11,0.07172103226184845,0.000347219523973763,0.07279624044895172,0.0,0.01689915545284748,0.00045953859807923436,0.00046187188127078116,0.1458028107881546,0.4690742790699005
23900,11,0.06963776051998138,0.0004081210936419666,0.07221142947673798,0.0,0.016983894631266594,0.000503447896335274,0.0005055076908320189,0.14328324794769287,0.47151362895965576
23950,11,0.06882403790950775,0.0004479234048631042,0.07160280644893646,0.0,0.016980541869997978,0.0005504509899765253,0.000553500431124121,0.14199571311473846,0.4744478464126587
24000,11,0.06894589960575104,0.00035345484502613544,0.07126545161008835,0.0,0.01688327081501484,0.0005248113884590566,0.0005238672019913793,0.1416303664445877,0.47430863976478577
24050,11,0.07154247909784317,0.0003372251521795988,0.07187062501907349,0.0,0.017128653824329376,0.0005516834207810462,0.0005531906499527395,0.14487233757972717,0.47580501437187195
24100,11,0.06931832432746887,0.0004591966571751982,0.0718059316277504,0.0,0.016990432515740395,0.0005209716618992388,0.0005241994513198733,0.14264559745788574,0.4740633964538574
24150,11,0.06740702688694,0.0004136875504627824,0.07026398181915283,0.0,0.016930071637034416,0.0004909569979645312,0.0004923113738186657,0.13908489048480988,0.4729342758655548
24200,11,0.069736048579216,0.0003095172287430614,0.07275821268558502,0.0,0.01681598834693432,0.00043827586341649294,0.00044192903442308307,0.14370082318782806,0.4636489748954773
24250,11,0.06822928786277771,0.0003964777279179543,0.07099683582782745,0.0,0.016806088387966156,0.0005104065639898181,0.0005107949837110937,0.1406606137752533,0.47139328718185425
24300,11,0.07061523199081421,0.00036983159952796996,0.06993366777896881,0.0,0.01684015989303589,0.000471725215902552,0.00047329036169685423,0.1418805867433548,0.47294312715530396
24350,11,0.07152730971574783,0.0003416393301449716,0.07343598455190659,0.0,0.016796475276350975,0.0005078748799860477,0.000506682088598609,0.14633628726005554,0.4677206873893738
24400,11,0.06978457421064377,0.0003271853784099221,0.07161854952573776,0.0,0.016993239521980286,0.0005782707594335079,0.0005794225144200027,0.14290498197078705,0.47082963585853577
24450,11,0.07039932161569595,0.0003534207062330097,0.07254324108362198,0.0,0.016768619418144226,0.0005307812825776637,0.0005285267834551632,0.14437204599380493,0.47181686758995056
24500,11,0.07221301645040512,0.0003457754501141608,0.07425222545862198,0.0,0.016794202849268913,0.0006146348314359784,0.0006148571264930069,0.14805729687213898,0.4763433039188385
24550,11,0.06788606196641922,0.0003875708789564669,0.07232934236526489,0.0,0.016907569020986557,0.0005203041946515441,0.0005197225837036967,0.1416599154472351,0.4714738130569458
24600,11,0.0705571249127388,0.00040449583320878446,0.07014131546020508,0.0,0.016988441348075867,0.0006195100722834468,0.0006194842862896621,0.1423589289188385,0.47699621319770813
24650,11,0.07199251651763916,0.0004625216533895582,0.07040083408355713,0.0,0.017173241823911667,0.0005040715914219618,0.0005069392500445247,0.1438840627670288,0.47121530771255493
24700,12,0.06721312552690506,0.0003554183931555599,0.07078348100185394,0.0,0.01707328110933304,0.0005347953410819173,0.0005379997310228646,0.13944189250469208,0.47333091497421265
24750,12,0.06634804606437683,0.0004169961903244257,0.07008498907089233,0.0,0.017227988690137863,0.0005539075937122107,0.0005543840816244483,0.1379755437374115,0.4713391959667206
24800,12,0.07133355736732483,0.00033312058076262474,0.06865054368972778,0.0,0.016855532303452492,0.0005807674024254084,0.0005849169101566076,0.14149977266788483,0.47539597749710083
24850,12,0.06862743198871613,0.00032297021243721247,0.06921415776014328,0.0,0.01694389432668686,0.0005160251166671515,0.00051680370233953,0.13921432197093964,0.47138655185699463
24900,12,0.0675864890217781,0.0003807354951277375,0.068068727850914,0.0,0.016922494396567345,0.0005491273477673531,0.0005466449074447155,0.1371486485004425,0.47319263219833374
24950,12,0.06951415538787842,0.00033501556026749313,0.06983085721731186,0.0,0.016879336908459663,0.0004693004593718797,0.0004708890337496996,0.1406370997428894,0.47200807929039
25000,12,0.07035569101572037,0.00031497474992647767,0.07068341225385666,0.0,0.016631267964839935,0.00043489382369443774,0.00043664732947945595,0.14224225282669067,0.47421467304229736
25050,12,0.06943131238222122,0.000442387827206403,0.06837247312068939,0.0,0.016643140465021133,0.0006001959554851055,0.0005981819122098386,0.1394612044095993,0.47316861152648926
25100,12,0.06814256310462952,0.0003417887492105365,0.06948807090520859,0.0,0.016653796657919884,0.0005648173973895609,0.0005614511901512742,0.1391153484582901,0.4671383500099182
25150,12,0.06743772327899933,0.0004332692769821733,0.06967578083276749,0.0,0.016763297840952873,0.0005158392013981938,0.0005174329853616655,0.1385968178510666,0.4672377109527588
25200,12,0.06937291473150253,0.0003795732918661088,0.07330963015556335,0.0,0.01691703498363495,0.0005391987506300211,0.0005411760648712516,0.14415940642356873,0.472160279750824
25250,12,0.06708769500255585,0.0003999418986495584,0.06982871145009995,0.0,0.016924047842621803,0.0005694987485185266,0.0005689628887921572,0.13847173750400543,0.4687056541442871
25300,12,0.06830327957868576,0.00036957149859517813,0.06594522297382355,0.0,0.017073094844818115,0.0005354294553399086,0.0005305261583998799,0.13570110499858856,0.4692107141017914
25350,12,0.07156985998153687,0.00036776968045160174,0.07202602922916412,0.0,0.01710471138358116,0.00050528155406937,0.000505681789945811,0.14499174058437347,0.4708952307701111
25400,12,0.0684756264090538,0.0004020642372779548,0.07253717631101608,0.0,0.017040347680449486,0.0005385009571909904,0.00053863984066993,0.14250905811786652,0.47634297609329224
25450,12,0.06690861284732819,0.00037013943074271083,0.0697677955031395,0.0,0.01693715713918209,0.0005256548174656928,0.0005267680389806628,0.13811591267585754,0.4719991385936737
25500,12,0.07095973938703537,0.0003527991648297757,0.07248621433973312,0.0,0.016833104193210602,0.0005116178654134274,0.0005120510468259454,0.14483925700187683,0.4682696461677551
25550,12,0.06882011890411377,0.0003233355237171054,0.06891368329524994,0.0,0.016937730833888054,0.00042608840158209205,0.00042566872434690595,0.13892583549022675,0.47083306312561035
25600,12,0.066045381128788,0.00038422091165557504,0.06694531440734863,0.0,0.016998331993818283,0.0004600979445967823,0.00046297936933115125,0.13431499898433685,0.4634562134742737
25650,12,0.0711476057767868,0.0003869669162668288,0.07139258086681366,0.0,0.016855301335453987,0.0006165786180645227,0.0006174788577482104,0.14417806267738342,0.4751237630844116
25700,12,0.06730782985687256,0.00033560197334736586,0.07131484150886536,0.0,0.016989504918456078,0.0004961562808603048,0.0004958081990480423,0.13996723294258118,0.4695320427417755
25750,12,0.07012130320072174,0.0003168854454997927,0.07345455884933472,0.0,0.016881367191672325,0.0004307022609282285,0.0004299374995753169,0.1447702795267105,0.47280609607696533
25800,12,0.0681200921535492,0.0003770370385609567,0.06785378605127335,0.0,0.017033711075782776,0.0005258031887933612,0.0005249821697361767,0.137418732047081,0.4728814959526062
25850,12,0.06637256592512131,0.00042121310252696276,0.07010950148105621,0.0,0.016930457204580307,0.000564022921025753,0.0005648959195241332,0.13804912567138672,0.47700822353363037
25900,12,0.0678057074546814,0.0003413007943890989,0.070640929043293,0.0,0.016678771004080772,0.0005094642983749509,0.0005114583764225245,0.13982553780078888,0.46795853972435
25950,12,0.06693701446056366,0.00030587962828576565,0.06953104585409164,0.0,0.01674359105527401,0.0004978973884135485,0.0004982404643669724,0.1377868354320526,0.4698018729686737
26000,12,0.06720927357673645,0.00035081341047771275,0.06825443357229233,0.0,0.01677442342042923,0.0005403599934652448,0.0005383344832807779,0.13690999150276184,0.4687308669090271
26050,12,0.07076290994882584,0.00038685795152559876,0.0694979578256607,0.0,0.0166733767837286,0.00048067999887280166,0.0004817400185856968,0.14162681996822357,0.47012221813201904
26100,12,0.06826893985271454,0.0003605957608669996,0.07117381691932678,0.0,0.01662147231400013,0.0007358834845945239,0.0007367258658632636,0.14129257202148438,0.4764801263809204
26150,12,0.06945739686489105,0.0003819745616056025,0.07204192131757736,0.0,0.016532396897673607,0.0004535090993158519,0.00045170215889811516,0.14280302822589874,0.4728914499282837
26200,12,0.07021269202232361,0.00034486287040635943,0.07244067639112473,0.0,0.0166530329734087,0.0004440612974576652,0.00044610013719648123,0.14390505850315094,0.46903282403945923
26250,12,0.06831451505422592,0.0003782592830248177,0.06891004741191864,0.0,0.016679205000400543,0.000617886078543961,0.0006186347454786301,0.13885602355003357,0.4734084904193878
26300,12,0.07030465453863144,0.00035549348103813827,0.06662370264530182,0.0,0.016801360994577408,0.00043200369691476226,0.00043338496470823884,0.13816605508327484,0.4677780568599701
26350,12,0.06851198524236679,0.00041375518776476383,0.06965800374746323,0.0,0.016713207587599754,0.0004456637252587825,0.0004478733753785491,0.13949400186538696,0.46819189190864563
26400,12,0.06743849813938141,0.0003875609254464507,0.0682111382484436,0.0,0.01652108132839203,0.0005299608455970883,0.0005332670407369733,0.1371169537305832,0.46979987621307373
26450,12,0.07022435963153839,0.00037268540472723544,0.07224863022565842,0.0,0.016651473939418793,0.0005129902856424451,0.0005165598704479635,0.14389187097549438,0.4752693176269531
26500,12,0.06864393502473831,0.00044263017480261624,0.07239916175603867,0.0,0.016747629269957542,0.000626440392807126,0.0006294717895798385,0.14275838434696198,0.4747852683067322
26550,12,0.06685954332351685,0.0003811296191997826,0.06853372603654861,0.0,0.016724318265914917,0.0005282276542857289,0.0005292115383781493,0.1368485689163208,0.46764713525772095
26600,12,0.06748025119304657,0.0004177953815087676,0.0692979246377945,0.0,0.016654718667268753,0.0005013147601857781,0.000501350499689579,0.1382153034210205,0.46667566895484924
26650,12,0.07078522443771362,0.00040238420478999615,0.06786321103572845,0.0,0.016794409602880478,0.0005350065766833723,0.0005376850022003055,0.14014029502868652,0.4675653874874115
26700,12,0.06517521291971207,0.00038085540290921926,0.06903955340385437,0.0,0.016700638458132744,0.0004892562865279615,0.0004925128305330873,0.13559409976005554,0.4704127907752991
26750,12,0.06516259163618088,0.00035346142249181867,0.06976864486932755,0.0,0.01663963310420513,0.000492672435939312,0.0004853493592236191,0.13627935945987701,0.47081300616264343
26800,12,0.0675344467163086,0.0004027523100376129,0.06967543065547943,0.0,0.01645919866859913,0.0005323773948475718,0.0005319826304912567,0.1386934518814087,0.4675154685974121
26850,12,0.06967632472515106,0.00033901314600370824,0.0657792016863823,0.0,0.01644926890730858,0.0005107233882881701,0.0005114647792652249,0.13683319091796875,0.4681698977947235
26900,12,0.06937814503908157,0.00037270341999828815,0.07196468114852905,0.0,0.016455283388495445,0.0004937539342790842,0.0004922467051073909,0.14271797239780426,0.472630113363266
26950,13,0.07165657728910446,0.0004416587180458009,0.0702657699584961,0.0,0.016539350152015686,0.0006163177313283086,0.0006200938951224089,0.1436169445514679,0.47402334213256836
27000,13,0.0668569952249527,0.0003799558035098016,0.07009712606668472,0.0,0.016468355432152748,0.00046954743447713554,0.00047027645632624626,0.1382903754711151,0.4740925431251526
27050,13,0.06738179922103882,0.00034549518022686243,0.06759697943925858,0.0,0.016464710235595703,0.00041262226295657456,0.0004129278240725398,0.1361662894487381,0.468688428401947
27100,13,0.06780748069286346,0.0003485579218249768,0.06831537187099457,0.0,0.016426485031843185,0.00048056599916890264,0.0004777131834998727,0.13744612038135529,0.474225252866745
27150,13,0.06720786541700363,0.00037458096630871296,0.06821072101593018,0.0,0.0165293887257576,0.00045737926848232746,0.0004610895994119346,0.13672815263271332,0.46517494320869446
27200,13,0.06850595772266388,0.00037889473605901003,0.06843560934066772,0.0,0.016475455835461617,0.0005367224803194404,0.0005361397052183747,0.1384098082780838,0.47213616967201233
27250,13,0.06925450265407562,0.00032638711854815483,0.0666164830327034,0.0,0.016220111399888992,0.0004777882422786206,0.00047752808313816786,0.13716891407966614,0.4735323190689087
27300,13,0.06505333632230759,0.00035529452725313604,0.07101532816886902,0.0,0.01624746434390545,0.0004415899747982621,0.0004442768986336887,0.13732607662677765,0.46980541944503784
27350,13,0.06974296271800995,0.0003750310279428959,0.0702674612402916,0.0,0.016267243772745132,0.0004824369098059833,0.0004816592554561794,0.14136581122875214,0.4659949243068695
27400,13,0.07282570004463196,0.0003288357984274626,0.0698423683643341,0.0,0.016291705891489983,0.0004250612109899521,0.000424022669903934,0.1438622772693634,0.4713440537452698
27450,13,0.06566549092531204,0.00035808811662718654,0.0689903050661087,0.0,0.016345378011465073,0.00045133294770494103,0.0004537523491308093,0.13593530654907227,0.4673337936401367
27500,13,0.06793032586574554,0.0003678861539810896,0.06660214066505432,0.0,0.016327789053320885,0.0005400949739851058,0.0005427544238045812,0.13599954545497894,0.4704154133796692
27550,13,0.06801336258649826,0.0003671526210382581,0.0701334998011589,0.0,0.016474446281790733,0.0005401133676059544,0.0005406542913988233,0.13961125910282135,0.47458958625793457
27600,13,0.06699729710817337,0.00037906612851656973,0.07074114680290222,0.0,0.0164201520383358,0.0005432865582406521,0.0005449418677017093,0.1392221599817276,0.4701581597328186
27650,13,0.06845281273126602,0.00034926924854516983,0.06797102093696594,0.0,0.01610855758190155,0.000508430297486484,0.0005083901924081147,0.13780604302883148,0.4710657000541687
27700,13,0.06582765281200409,0.0003752860939130187,0.06619288772344589,0.0,0.016299355775117874,0.0004832768172491342,0.00048411826719529927,0.13337953388690948,0.4727506935596466
27750,13,0.06607656180858612,0.00033595567219890654,0.06835269927978516,0.0,0.016086772084236145,0.0004125025006942451,0.00040984133374877274,0.1356036514043808,0.4694451093673706
27800,13,0.06501691788434982,0.00034658744698390365,0.06807796657085419,0.0,0.016038890928030014,0.0004731423396151513,0.00047820841427892447,0.1344088613986969,0.47379520535469055
27850,13,0.07120272517204285,0.0004041892825625837,0.06898346543312073,0.0,0.016004299744963646,0.0005670211976394057,0.0005702819908037782,0.14174367487430573,0.4754774570465088
27900,13,0.07015413045883179,0.0003059900482185185,0.07002297043800354,0.0,0.015924636274576187,0.0005670592654496431,0.0005738063482567668,0.14163987338542938,0.46792829036712646
27950,13,0.06651956588029861,0.0003024600737262517,0.07170853018760681,0.0,0.01619613915681839,0.00045247445814311504,0.0004536527849268168,0.13945287466049194,0.47715386748313904
28000,13,0.06592881679534912,0.0003320232208352536,0.07001721858978271,0.0,0.016237130388617516,0.0004993855836801231,0.0004995352355763316,0.13729321956634521,0.475263774394989
28050,13,0.06958536803722382,0.00041604560101404786,0.06840699166059494,0.0,0.016160018742084503,0.0004678042605519295,0.0004665463056880981,0.13935890793800354,0.47096070647239685
28100,13,0.06560413539409637,0.00035830819979310036,0.0717150941491127,0.0,0.01623624935746193,0.0005046931328251958,0.0005046830046921968,0.1387031525373459,0.47009044885635376
28150,13,0.06746342033147812,0.0003479754086583853,0.07011926919221878,0.0,0.016025656834244728,0.00048081163549795747,0.0004822815826628357,0.13890977203845978,0.4704003930091858
28200,13,0.06625746190547943,0.00037519645411521196,0.06793489307165146,0.0,0.01592511683702469,0.0004697452241089195,0.00047077302588149905,0.13552400469779968,0.47126445174217224
28250,13,0.06832625716924667,0.0004003262729384005,0.06839359551668167,0.0,0.01603657938539982,0.0005413504550233483,0.0005407613352872431,0.13821832835674286,0.4728900194168091
28300,13,0.06682702898979187,0.00036774881300516427,0.06521059572696686,0.0,0.016112517565488815,0.0005014996277168393,0.0005023138364776969,0.1334252953529358,0.47226619720458984
28350,13,0.06938637793064117,0.0003865473554469645,0.06642187386751175,0.0,0.016157690435647964,0.0005140685243532062,0.0005110021447762847,0.13723601400852203,0.4672216475009918
28400,13,0.06972810626029968,0.00029674358665943146,0.06819163262844086,0.0,0.01601504720747471,0.0005706956144422293,0.0005717696039937437,0.1393749713897705,0.4735143184661865
28450,13,0.06922485679388046,0.0003254823968745768,0.06725131720304489,0.0,0.01615062728524208,0.000465162331238389,0.00046667782589793205,0.13774965703487396,0.4696419835090637
28500,13,0.06583154946565628,0.0004437125753611326,0.06619492918252945,0.0,0.016113264486193657,0.0004991882015019655,0.0004969621077179909,0.1334824562072754,0.4631967544555664
28550,13,0.06530795991420746,0.0003998960310127586,0.06903168559074402,0.0,0.015976237133145332,0.0005291597917675972,0.0005277807358652353,0.13581246137619019,0.47247785329818726
28600,13,0.06398565322160721,0.0003323576529510319,0.06672133505344391,0.0,0.015986040234565735,0.0003873733803629875,0.00038876794860698283,0.13183148205280304,0.4699435234069824
28650,13,0.06811286509037018,0.0004296486440580338,0.0696815475821495,0.0,0.016011005267500877,0.0005030664033256471,0.0005061329575255513,0.1392492651939392,0.46939632296562195
28700,13,0.06605743616819382,0.0003400022105779499,0.06825421005487442,0.0,0.015886401757597923,0.0005156468250788748,0.0005179999861866236,0.13570117950439453,0.4714761972427368
28750,13,0.06682093441486359,0.0003154301084578037,0.06650450825691223,0.0,0.016112228855490685,0.0004479883937165141,0.00044493217137642205,0.13454990088939667,0.4720112979412079
28800,13,0.0680566132068634,0.0003187760594300926,0.06808362156152725,0.0,0.016020508483052254,0.00046003758325241506,0.0004597296938300133,0.13739480078220367,0.46584761142730713
28850,13,0.06663229316473007,0.00033813389018177986,0.06701293587684631,0.0,0.016119519248604774,0.00046589109115302563,0.0004700346034951508,0.1349354237318039,0.47387754917144775
28900,13,0.06698933243751526,0.00037121010245755315,0.06954856961965561,0.0,0.016141807660460472,0.0005410586018115282,0.000539336702786386,0.13800564408302307,0.46919864416122437
28950,13,0.07055219262838364,0.0003465026384219527,0.06647129356861115,0.0,0.01602035202085972,0.0004991336027160287,0.0005021184915676713,0.1383872628211975,0.47028595209121704
29000,13,0.06734787672758102,0.00033988169161602855,0.06877652555704117,0.0,0.016023654490709305,0.0005541510181501508,0.0005549452034756541,0.13758939504623413,0.4711831212043762
29050,13,0.06682515144348145,0.000336704368237406,0.06889820098876953,0.0,0.01594645529985428,0.0005144848837517202,0.0005156378610990942,0.13710612058639526,0.46899324655532837
29100,13,0.06730161607265472,0.00037224238622002304,0.06751800328493118,0.0,0.01587202027440071,0.00047487238771282136,0.0004745404876302928,0.13615714013576508,0.47211378812789917
29150,13,0.06758870929479599,0.0003438364656176418,0.06796813011169434,0.0,0.015842070803046227,0.0005155510734766722,0.0005189478397369385,0.1369510143995285,0.471012145280838
29200,14,0.06737581640481949,0.0003615707391873002,0.06746344268321991,0.0,0.0159324761480093,0.0004981759120710194,0.0004999523516744375,0.13621488213539124,0.47000107169151306
29250,14,0.06687180697917938,0.00032998190727084875,0.06678444147109985,0.0,0.01598379760980606,0.0005171542870812118,0.0005197993014007807,0.13503918051719666,0.47481268644332886
29300,14,0.06401104480028152,0.0003272410831414163,0.06895487010478973,0.0,0.01608426123857498,0.0004875230952166021,0.00048603545292280614,0.13428278267383575,0.4713556468486786
29350,14,0.06608772277832031,0.0003676177002489567,0.06889690458774567,0.0,0.01598360389471054,0.00044927996350452304,0.0004505033721216023,0.1362680196762085,0.4728414714336395
29400,14,0.06560812890529633,0.0002896224905271083,0.06797641515731812,0.0,0.015896698459982872,0.00044696361874230206,0.00044540115050040185,0.13478243350982666,0.4695083498954773
29450,14,0.06534907221794128,0.0004169720923528075,0.06812592595815659,0.0,0.015879428014159203,0.0004800049355253577,0.0004784543707501143,0.13486631214618683,0.4733274579048157
29500,14,0.06824875622987747,0.0003329344908706844,0.06933297961950302,0.0,0.01585211232304573,0.00048324052477255464,0.0004864137154072523,0.13890017569065094,0.4724937677383423
29550,14,0.06653164327144623,0.00032017857301980257,0.06580973416566849,0.0,0.015642281621694565,0.00042422240949235857,0.0004264306044206023,0.13352784514427185,0.46826910972595215
29600,14,0.06688927114009857,0.00035737495636567473,0.06692858785390854,0.0,0.015881264582276344,0.0005131742218509316,0.000516422267537564,0.1352207213640213,0.4746812582015991
29650,14,0.06651560217142105,0.00044504745164886117,0.06958791613578796,0.0,0.015830952674150467,0.0004375732387416065,0.0004382398910820484,0.13744020462036133,0.46733230352401733
29700,14,0.06660233438014984,0.0003314753412269056,0.06637734919786453,0.0,0.015764452517032623,0.00047492849989794195,0.0004737643466796726,0.1342756152153015,0.4682859182357788
29750,14,0.06443438678979874,0.0003348819154780358,0.0660533457994461,0.0,0.015628265216946602,0.0005493477219715714,0.0005526433815248311,0.13194023072719574,0.4697445034980774
29800,14,0.06795144826173782,0.00032627565087750554,0.06966070830821991,0.0,0.015638014301657677,0.0005049597239121795,0.0005099277477711439,0.13896895945072174,0.4737949073314667
29850,14,0.06648034602403641,0.0003739435051102191,0.07003483176231384,0.0,0.015609100461006165,0.0005234716809354722,0.0005197731661610305,0.13794799149036407,0.4692361354827881
29900,14,0.06713587045669556,0.0003943138290196657,0.068670853972435,0.0,0.015655625611543655,0.000521322712302208,0.0005231758113950491,0.13726119697093964,0.4787525534629822
29950,14,0.06764741241931915,0.00039908691542223096,0.06771207600831985,0.0,0.015837106853723526,0.0004693137598223984,0.00047030291170813143,0.13671404123306274,0.4740350544452667
30000,14,0.0661044716835022,0.0003427592746447772,0.06871446967124939,0.0,0.015841398388147354,0.000526703312061727,0.000528987729921937,0.13623322546482086,0.4742058515548706
30050,14,0.06509669870138168,0.00036906031891703606,0.07140552997589111,0.0,0.0159456767141819,0.0005278410390019417,0.0005292984424158931,0.13794435560703278,0.4733731150627136
30100,14,0.06620927155017853,0.0003567830426618457,0.06685639917850494,0.0,0.01563986763358116,0.0004746128979604691,0.00047487375559285283,0.13438759744167328,0.47548800706863403
30150,14,0.06566403061151505,0.00041000780765898526,0.06579380482435226,0.0,0.0156707800924778,0.0004924683598801494,0.00049068802036345,0.13286668062210083,0.4740750193595886
30200,14,0.06550876796245575,0.00033902638824656606,0.06690310686826706,0.0,0.015594147145748138,0.0004196243826299906,0.0004215810331515968,0.13360770046710968,0.4696120023727417
30250,14,0.06832649558782578,0.0003356881788931787,0.0692230835556984,0.0,0.015637626871466637,0.0004935998003929853,0.000493850267957896,0.13888835906982422,0.4696037769317627
30300,14,0.06547252833843231,0.00026974332286044955,0.06974665075540543,0.0,0.015598678961396217,0.0004289722419343889,0.00042675324948504567,0.1363602578639984,0.4679495692253113
30350,14,0.0665825679898262,0.00038017885526642203,0.06691623479127884,0.0,0.015647942200303078,0.0004487616242840886,0.0004524541727732867,0.13479584455490112,0.4755137264728546
30400,14,0.0643254891037941,0.0003399475244805217,0.0682217925786972,0.0,0.015537898987531662,0.0004855404840782285,0.0004883569781668484,0.13387666642665863,0.471518337726593
30450,14,0.06739073991775513,0.00029471988091245294,0.06680215895175934,0.0,0.015442692674696445,0.00041933887405321,0.0004210689221508801,0.13534347712993622,0.467731773853302
30500,14,0.0654013454914093,0.0003297810908406973,0.06915360689163208,0.0,0.015642216429114342,0.00043354963418096304,0.000433994980994612,0.13576792180538177,0.4693368971347809
30550,14,0.06517238914966583,0.0003484728804323822,0.06741376221179962,0.0,0.015560431405901909,0.0005232552066445351,0.0005243290215730667,0.13399776816368103,0.4703718423843384
30600,14,0.06420351564884186,0.00037674413761124015,0.06982293725013733,0.0,0.015446804463863373,0.0005057462258264422,0.0005078056710772216,0.1354321986436844,0.4673185348510742
30650,14,0.06670573353767395,0.00035040645161643624,0.0702098086476326,0.0,0.015513908118009567,0.0004944708780385554,0.0004938036436215043,0.13826973736286163,0.4728098511695862
30700,14,0.06758572161197662,0.0003625320387072861,0.06793151795864105,0.0,0.015496326610445976,0.0004618456296157092,0.0004632094642147422,0.13682031631469727,0.47131675481796265
30750,14,0.0634239912033081,0.00034583514207042754,0.06666147708892822,0.0,0.015571774914860725,0.0005619706935249269,0.0005624581244774163,0.13157129287719727,0.47197282314300537
30800,14,0.06392453610897064,0.0003053847758565098,0.06604988127946854,0.0,0.015597744844853878,0.00044582830742001534,0.0004492294683586806,0.1311904639005661,0.4752957224845886
30850,14,0.06511084735393524,0.00031717802630737424,0.06612006574869156,0.0,0.01554869581013918,0.00045180716551840305,0.0004515745386015624,0.13246701657772064,0.47228744626045227
30900,14,0.06789163500070572,0.00034570967545732856,0.06881739944219589,0.0,0.015474151819944382,0.0004608675662893802,0.0004597583319991827,0.1379908323287964,0.46692290902137756
30950,14,0.06653524935245514,0.0003434169921092689,0.06829310953617096,0.0,0.01551329530775547,0.00041620570118539035,0.000416200899053365,0.13601969182491302,0.47314295172691345
31000,14,0.06347683072090149,0.00037692516343668103,0.06646742671728134,0.0,0.015305760316550732,0.0004412625858094543,0.0004441994824446738,0.1312219351530075,0.4725865423679352
31050,14,0.06506206840276718,0.0003631525905802846,0.0658988505601883,0.0,0.015501726418733597,0.00044853694271296263,0.000447862345026806,0.13223597407341003,0.4630943536758423
31100,14,0.06276410818099976,0.0004187058366369456,0.065598264336586,0.0,0.015362183563411236,0.0004052611184306443,0.0004060923238284886,0.12960779666900635,0.4698144793510437
31150,14,0.06380875408649445,0.00033909041667357087,0.06670346856117249,0.0,0.015585443004965782,0.0004338231810834259,0.0004336109268479049,0.13173434138298035,0.46402809023857117
31200,14,0.0632917657494545,0.000313703843858093,0.06687017530202866,0.0,0.015456538647413254,0.00039681425550952554,0.00039700890192762017,0.1312849223613739,0.4680076241493225
31250,14,0.06602197885513306,0.0003869385691359639,0.067750945687294,0.0,0.015467929653823376,0.0005259537138044834,0.0005264310748316348,0.13522771000862122,0.4789309501647949
31300,14,0.068033367395401,0.00039873033529147506,0.06916014850139618,0.0,0.015385866165161133,0.0004313963872846216,0.00043280405225232244,0.13847185671329498,0.46939340233802795
31350,14,0.06823086738586426,0.0003081040340475738,0.06822144985198975,0.0,0.015457759611308575,0.0004571074969135225,0.0004595118516590446,0.13769248127937317,0.47089844942092896
31400,14,0.06600185483694077,0.0004009746480733156,0.06788840144872665,0.0,0.015426687896251678,0.00045058393152430654,0.0004533760074991733,0.13521061837673187,0.4709656238555908
31450,15,0.06624108552932739,0.0003478873986750841,0.06615717709064484,0.0,0.01550910621881485,0.000433297420386225,0.0004365182248875499,0.13363148272037506,0.4738970398902893
31500,15,0.06446181982755661,0.0004345929773990065,0.06433212012052536,0.0,0.015392321161925793,0.00044566509313881397,0.00044717127457261086,0.13013675808906555,0.47082293033599854
31550,15,0.065729521214962,0.00036303920205682516,0.06576849520206451,0.0,0.015354824252426624,0.00045303525985218585,0.00045380511437542737,0.13278324902057648,0.46568769216537476
31600,15,0.06707125902175903,0.00041578110540285707,0.06559932231903076,0.0,0.01531473733484745,0.0005482371198013425,0.000550868920981884,0.134200781583786,0.47001057863235474
31650,15,0.06601918488740921,0.00037857357528991997,0.06613948196172714,0.0,0.015265580266714096,0.0005137925036251545,0.0005129169439896941,0.13357920944690704,0.4707915186882019
31700,15,0.06562469154596329,0.00032653968082740903,0.06844177097082138,0.0,0.01517439167946577,0.0005237077712081373,0.00052405905444175,0.1354559361934662,0.4738616943359375
31750,15,0.06560110300779343,0.00035710062365978956,0.06829111278057098,0.0,0.015325329266488552,0.0005015641800127923,0.0005016240756958723,0.13526782393455505,0.4696171283721924
31800,15,0.06745123118162155,0.00044958945363759995,0.06437553465366364,0.0,0.015134594403207302,0.0005312098655849695,0.0005318676121532917,0.1333545744419098,0.4747730493545532
31850,15,0.06647282838821411,0.00038046325789764524,0.0672130286693573,0.0,0.015073241665959358,0.00045360930380411446,0.0004528226563706994,0.13498783111572266,0.46968382596969604
31900,15,0.06319068372249603,0.00036439180257730186,0.06782691925764084,0.0,0.01515263132750988,0.00047499622451141477,0.0004728942585643381,0.1323450356721878,0.47232818603515625
31950,15,0.06477968394756317,0.0003855774411931634,0.06676311790943146,0.0,0.015226388350129128,0.000492358929477632,0.0004943858948536217,0.13293035328388214,0.468828946352005
32000,15,0.06591862440109253,0.000339905614964664,0.0650608241558075,0.0,0.015199224464595318,0.00042949122143909335,0.0004321272426750511,0.13219615817070007,0.4707283079624176
32050,15,0.06767980009317398,0.00034193703322671354,0.06716056913137436,0.0,0.015064822509884834,0.0004479963972698897,0.0004496423061937094,0.13609501719474792,0.4723888337612152
32100,15,0.06567704677581787,0.00037179284845478833,0.06654895842075348,0.0,0.015154875814914703,0.00042610065429471433,0.00042717845644801855,0.13346624374389648,0.4746491312980652
32150,15,0.0641912966966629,0.00034475073334760964,0.0654226616024971,0.0,0.01505961548537016,0.0004280974389985204,0.00042683599167503417,0.13082872331142426,0.46684497594833374
32200,15,0.06589975208044052,0.00036391272442415357,0.06458628922700882,0.0,0.01497744582593441,0.0005360239301808178,0.0005353852175176144,0.13193634152412415,0.4669768214225769
32250,15,0.06635327637195587,0.00036680331686511636,0.0673801600933075,0.0,0.015016013756394386,0.0005180101725272834,0.0005178771680220962,0.13515114784240723,0.47444847226142883
32300,15,0.06791796535253525,0.00033808499574661255,0.06563252955675125,0.0,0.01506600808352232,0.00047178499517031014,0.00047296396223828197,0.13484838604927063,0.4762818217277527
32350,15,0.06512441486120224,0.000348313624272123,0.0670056939125061,0.0,0.01511180680245161,0.0004538337525445968,0.00045412962208501995,0.13340148329734802,0.4697211980819702
32400,15,0.0660724937915802,0.000366665655747056,0.06601087003946304,0.0,0.015147164463996887,0.0004554195038508624,0.0004551021847873926,0.13337570428848267,0.4692555367946625
32450,15,0.06442274153232574,0.00038804751238785684,0.06467071175575256,0.0,0.014971883967518806,0.00039609550731256604,0.00039692223072052,0.1302894949913025,0.4716845154762268
32500,15,0.06364988535642624,0.0003004985046572983,0.06578630954027176,0.0,0.015142454765737057,0.00035948309232480824,0.00035999799729324877,0.13047131896018982,0.46589672565460205
32550,15,0.0669364258646965,0.0002862819819711149,0.06554722785949707,0.0,0.015104727819561958,0.0004559404915198684,0.000459906441392377,0.133700892329216,0.46612784266471863
32600,15,0.06434067338705063,0.0003168803232256323,0.06563522666692734,0.0,0.015198763459920883,0.00040506524965167046,0.0004062872030772269,0.13111932575702667,0.4712967872619629
32650,15,0.06821539998054504,0.00039194751298055053,0.06682051718235016,0.0,0.015103410929441452,0.0004396035219542682,0.000438987510278821,0.136321559548378,0.4637661278247833
32700,15,0.06652072072029114,0.00038178364047780633,0.07000584900379181,0.0,0.015155921690165997,0.0005056243389844894,0.0005080436822026968,0.13793717324733734,0.4699290990829468
32750,15,0.06673798710107803,0.0003466508933342993,0.06781555712223053,0.0,0.014994706027209759,0.0004461913194973022,0.0004506058758124709,0.13581198453903198,0.470407634973526
32800,15,0.06559829413890839,0.00034867567592300475,0.0670020580291748,0.0,0.015040657483041286,0.00043547715176828206,0.00043794565135613084,0.1338374763727188,0.4705631732940674
32850,15,0.06321544200181961,0.00037451586103998125,0.0640527680516243,0.0,0.01500818133354187,0.00046545075019821525,0.0004657380632124841,0.12858891487121582,0.46892160177230835
32900,15,0.06632959097623825,0.0003513600677251816,0.06478625535964966,0.0,0.01487063616514206,0.0004678907571360469,0.0004702740698121488,0.13242024183273315,0.47078168392181396
32950,15,0.062898188829422,0.0003148330142721534,0.06510573625564575,0.0,0.014905811287462711,0.0004674153751693666,0.0004695613752119243,0.12927062809467316,0.4684259295463562
33000,15,0.0662401095032692,0.0003248500870540738,0.06596674025058746,0.0,0.014849483035504818,0.00043613367597572505,0.0004373088013380766,0.13342000544071198,0.46931758522987366
33050,15,0.06548186391592026,0.0003973593993578106,0.06748133152723312,0.0,0.014860598370432854,0.00046354247024282813,0.00046305591240525246,0.134302020072937,0.46903613209724426
33100,15,0.06665501743555069,0.00032459755311720073,0.06529446691274643,0.0,0.014952515251934528,0.00051520811393857,0.0005145693430677056,0.13331881165504456,0.4731830060482025
33150,15,0.06544631719589233,0.00035926594864577055,0.06681808829307556,0.0,0.014985993504524231,0.0005599199794232845,0.0005623570177704096,0.1337609440088272,0.4693411588668823
33200,15,0.06220906972885132,0.00038372486596927047,0.06694962084293365,0.0,0.014883561991155148,0.0005146884359419346,0.0005184872425161302,0.13059046864509583,0.4631250202655792
33250,15,0.0655565857887268,0.00039035454392433167,0.06562727689743042,0.0,0.01501556672155857,0.00037917966255918145,0.00037990231066942215,0.13234831392765045,0.4671306014060974
33300,15,0.06292102485895157,0.00037078742752783,0.06744445860385895,0.0,0.014889312908053398,0.00046494248090311885,0.0004655858501791954,0.1316816806793213,0.4681691825389862
33350,15,0.06782708317041397,0.00034728879109025,0.0683220699429512,0.0,0.014680375345051289,0.0004305599723011255,0.00043079268652945757,0.1373724639415741,0.4757707118988037
33400,15,0.0681670755147934,0.00030661170603707433,0.06864215433597565,0.0,0.014617301523685455,0.0005047123413532972,0.0005049312021583319,0.13814009726047516,0.47282087802886963
33450,15,0.0656624436378479,0.0003336270456202328,0.06613472104072571,0.0,0.014605453237891197,0.00046412262599915266,0.00046455051051452756,0.1330740749835968,0.46985745429992676
33500,15,0.06710968166589737,0.0003510190872475505,0.06547108292579651,0.0,0.01472906768321991,0.0004754727706313133,0.00047584265121258795,0.1338978260755539,0.47252920269966125
33550,15,0.0668601468205452,0.00040452805114910007,0.0659824088215828,0.0,0.014729941263794899,0.000526583578903228,0.0005287498352117836,0.13431714475154877,0.4710075855255127
33600,15,0.06279511749744415,0.0003422082809265703,0.06844387203454971,0.0,0.014805668964982033,0.00045138158020563424,0.00045174171100370586,0.13249912858009338,0.4709763526916504
33650,15,0.06505706906318665,0.00034149939892813563,0.0645819827914238,0.0,0.01479241345077753,0.0004592635086737573,0.0004597334482241422,0.1309143453836441,0.4703581929206848
33700,16,0.06434585154056549,0.0004308367206249386,0.06550487875938416,0.0,0.014860821887850761,0.00046588238910771906,0.0004639010294340551,0.13122621178627014,0.4671568274497986
33750,16,0.06463272869586945,0.00032620097044855356,0.06599000096321106,0.0,0.014756770804524422,0.00044941643136553466,0.0004479016934055835,0.13186100125312805,0.4639500379562378
33800,16,0.06282993406057358,0.00034331073402427137,0.06504398584365845,0.0,0.014861601404845715,0.00044099497608840466,0.0004393778508529067,0.12911245226860046,0.4697169363498688
33850,16,0.06497955322265625,0.0003386513562873006,0.06682884693145752,0.0,0.01470884121954441,0.0004401896148920059,0.0004408842360135168,0.1330428272485733,0.4694724977016449
33900,16,0.0640348419547081,0.00036031624767929316,0.06629453599452972,0.0,0.014616204425692558,0.0004465928068384528,0.00044897914631292224,0.13159988820552826,0.4684372842311859
33950,16,0.06582705676555634,0.0003250653389841318,0.06613198667764664,0.0,0.0148105314001441,0.0004984334809705615,0.0005028556333854795,0.13330020010471344,0.46846845746040344
34000,16,0.06370299309492111,0.0005019914824515581,0.06524574011564255,0.0,0.014741160906851292,0.00041249595233239233,0.00041253765812143683,0.13029049336910248,0.4679170548915863
34050,16,0.06539475172758102,0.00041651225183159113,0.06789272278547287,0.0,0.014892452396452427,0.0005517357494682074,0.0005527212051674724,0.13482332229614258,0.47262537479400635
34100,16,0.0652301162481308,0.0003278857911936939,0.0665152370929718,0.0,0.01475310605019331,0.0004144159611314535,0.0004129289882257581,0.13291533291339874,0.4679773151874542
34150,16,0.061784304678440094,0.0003665436524897814,0.0645073801279068,0.0,0.01475622970610857,0.00032187291071750224,0.00032612652285024524,0.12732098996639252,0.4643203020095825
34200,16,0.062415316700935364,0.00032445573015138507,0.06252391636371613,0.0,0.014854999259114265,0.0004250071942806244,0.0004287035553716123,0.12613226473331451,0.4674144685268402
34250,16,0.06470893323421478,0.00035744308843277395,0.06472216546535492,0.0,0.014909026212990284,0.0004658934776671231,0.0004673571384046227,0.13073670864105225,0.47241753339767456
34300,16,0.06546536087989807,0.00032882773666642606,0.0663558840751648,0.0,0.014845216646790504,0.00045011931797489524,0.00045032816706225276,0.1330653727054596,0.4718838930130005
34350,16,0.06494006514549255,0.00035015848698094487,0.06688225269317627,0.0,0.014979840256273746,0.0004076618643011898,0.0004084996762685478,0.1330036073923111,0.4737620949745178
34400,16,0.06383731216192245,0.00035481833037920296,0.06516603380441666,0.0,0.014811539091169834,0.00048108978080563247,0.0004829985264223069,0.13033707439899445,0.47073566913604736
34450,16,0.06328972429037094,0.00036577630089595914,0.06543328613042831,0.0,0.014669974334537983,0.0004196793888695538,0.00042305028182454407,0.12994618713855743,0.4687710404396057
34500,16,0.06504402309656143,0.00034719944233074784,0.0651746466755867,0.0,0.014756384305655956,0.00042806885903701186,0.0004299746942706406,0.13143865764141083,0.47267305850982666
34550,16,0.06475269794464111,0.0003299680247437209,0.0660090371966362,0.0,0.01471964456140995,0.0004020236083306372,0.0004057228215970099,0.1319141834974289,0.46262505650520325
34600,16,0.06445924937725067,0.0003662554081529379,0.06631875783205032,0.0,0.014761568047106266,0.000444859906565398,0.00044358687591739,0.13204747438430786,0.46855202317237854
34650,16,0.06629924476146698,0.00032062953687272966,0.06532503664493561,0.0,0.014708464033901691,0.0004488085978664458,0.0004529569996520877,0.13286137580871582,0.4736863970756531
34700,16,0.06385305523872375,0.00037128356052562594,0.06608831882476807,0.0,0.014788622036576271,0.00045983144082129,0.00045861356193199754,0.13124588131904602,0.47506797313690186
34750,16,0.0637795627117157,0.00034396443516016006,0.06493192166090012,0.0,0.014753870666027069,0.0004042761283926666,0.0004058370250277221,0.12988030910491943,0.4688557982444763
34800,16,0.06319699436426163,0.00033848517341539264,0.06745351850986481,0.0,0.014586658217012882,0.0004634652868844569,0.00046482819016091526,0.13193188607692719,0.4698016345500946
34850,16,0.06454313546419144,0.0003633483429439366,0.06617734581232071,0.0,0.014600620605051517,0.0004364479100331664,0.0004367718065623194,0.13197165727615356,0.4725363850593567
34900,16,0.06323246657848358,0.0003435168182477355,0.06575801223516464,0.0,0.014730134047567844,0.0005005837301723659,0.0005011889152228832,0.1303505152463913,0.47029340267181396
34950,16,0.06463582813739777,0.00034670153399929404,0.06671793758869171,0.0,0.014722906984388828,0.00040523638017475605,0.00040509059908799827,0.1325255036354065,0.471424400806427
35000,16,0.06544282287359238,0.0003616863687057048,0.06703869253396988,0.0,0.014631613157689571,0.0005384729010984302,0.0005386739503592253,0.13393497467041016,0.46585679054260254
35050,16,0.06561654061079025,0.000367848202586174,0.06626253575086594,0.0,0.014546176418662071,0.0007563745020888746,0.0007586977444589138,0.13377654552459717,0.4741138815879822
35100,16,0.06493435055017471,0.0004207897000014782,0.06571075320243835,0.0,0.01465151272714138,0.0004709930217359215,0.0004708368214778602,0.13202236592769623,0.46246138215065
35150,16,0.06625010818243027,0.0003547235392034054,0.06631489098072052,0.0,0.014629937708377838,0.0004634762299247086,0.00046309310710057616,0.13386093080043793,0.4683679938316345
35200,16,0.06378339976072311,0.00035986368311569095,0.06513413041830063,0.0,0.01452972274273634,0.000482246425235644,0.0004827854863833636,0.13025695085525513,0.47364792227745056
35250,16,0.06546302884817123,0.00037908004014752805,0.064088836312294,0.0,0.014575490728020668,0.00046974746510386467,0.000469631893793121,0.13088490068912506,0.47223013639450073
35300,16,0.0623403899371624,0.0003375177620910108,0.06358107179403305,0.0,0.014559800736606121,0.0004884448135271668,0.0004906793474219739,0.12725265324115753,0.4648210406303406
35350,16,0.062364861369132996,0.0003237409982830286,0.06354361027479172,0.0,0.014577220194041729,0.000342400511726737,0.0003436021797824651,0.1269327849149704,0.4647616147994995
35400,16,0.06492169201374054,0.000323186453897506,0.0643526166677475,0.0,0.014628740958869457,0.0004330510855652392,0.00042988493805751204,0.13047505915164948,0.46923184394836426
35450,16,0.06460932642221451,0.000347026449162513,0.06549917161464691,0.0,0.014588538557291031,0.0005513123469427228,0.0005531018832698464,0.13157452642917633,0.4717845320701599
35500,16,0.06508595496416092,0.0003401082940399647,0.06466630846261978,0.0,0.014611059799790382,0.0004962458042427897,0.0004987885477021337,0.1311020404100418,0.4723728597164154
35550,16,0.06496744602918625,0.0003379133704584092,0.06757979840040207,0.0,0.014682874083518982,0.0004052598378621042,0.00040587614057585597,0.13371096551418304,0.47144827246665955
35600,16,0.06437046080827713,0.00033496704418212175,0.06304630637168884,0.0,0.014602194540202618,0.00041375565342605114,0.00041532592149451375,0.12859542667865753,0.471903532743454
35650,16,0.06384197622537613,0.00042348384158685803,0.06655805557966232,0.0,0.014653069898486137,0.000500693335197866,0.0005003174301236868,0.13183918595314026,0.4743810296058655
35700,16,0.06535854935646057,0.00038184961886145175,0.06247343868017197,0.0,0.014629025012254715,0.00038607630995102227,0.00038741069147363305,0.12900196015834808,0.46862977743148804
35750,16,0.061594925820827484,0.0003340472758281976,0.06355424225330353,0.0,0.014686865732073784,0.0004894742742180824,0.0004876518505625427,0.1264750361442566,0.4732587933540344
35800,16,0.0637965202331543,0.0003585854428820312,0.06489983946084976,0.0,0.01454312726855278,0.0004586685972753912,0.0004614906501956284,0.1299896538257599,0.4736025333404541
35850,16,0.06358180940151215,0.00039395171916112304,0.06677480041980743,0.0,0.014503040350973606,0.00042169925291091204,0.0004227146855555475,0.1316094845533371,0.47405216097831726
35900,16,0.061842381954193115,0.00034645412233658135,0.06703749299049377,0.0,0.01456132996827364,0.0004160204844083637,0.00041769788367673755,0.130074605345726,0.4675081968307495
35950,17,0.06285882741212845,0.0003574315342120826,0.06493929773569107,0.0,0.014476733282208443,0.0004658240359276533,0.00046688158181495965,0.12910275161266327,0.47070759534835815
36000,17,0.06216522306203842,0.00027304806280881166,0.06656774133443832,0.0,0.014710793271660805,0.00039778026985004544,0.0003988606622442603,0.12981736660003662,0.4755595326423645
36050,17,0.06362217664718628,0.0003307919832877815,0.06437473744153976,0.0,0.014622675254940987,0.0004962105304002762,0.0005021588876843452,0.12934067845344543,0.4711921811103821
36100,17,0.06328656524419785,0.0002932600327767432,0.06475727260112762,0.0,0.014588220976293087,0.0004256730026099831,0.0004287528863642365,0.129206120967865,0.471088171005249
36150,17,0.06526054441928864,0.00038078700890764594,0.06598275154829025,0.0,0.014720389619469643,0.0004208235186524689,0.0004221402923576534,0.13248175382614136,0.47304999828338623
36200,17,0.06361284852027893,0.0003290124295745045,0.06657133251428604,0.0,0.014646784402430058,0.00041596259688958526,0.00041631527710705996,0.13136011362075806,0.468778133392334
36250,17,0.06336081773042679,0.0003384004521649331,0.06391754746437073,0.0,0.014589843340218067,0.00043487863149493933,0.0004327840288169682,0.12849901616573334,0.4679050147533417
36300,17,0.0628039538860321,0.00042480899719521403,0.0644318237900734,0.0,0.014482214115560055,0.0004430166445672512,0.00044667895417660475,0.1285647600889206,0.473492294549942
36350,17,0.06277726590633392,0.0003234460309613496,0.06414270401000977,0.0,0.014550914987921715,0.00041242572478950024,0.00041288341162726283,0.128083273768425,0.4695354402065277
36400,17,0.06200338155031204,0.00034184393007308245,0.0651707798242569,0.0,0.014659393578767776,0.0004079189384356141,0.00041048540151678026,0.12834906578063965,0.47114986181259155
36450,17,0.06425577402114868,0.00034472462721168995,0.06401340663433075,0.0,0.014673847705125809,0.0004009633557870984,0.0004055036697536707,0.12943504750728607,0.4664706885814667
36500,17,0.0625021681189537,0.00028227115399204195,0.06572121381759644,0.0,0.014696148224174976,0.0004518527421168983,0.0004496782785281539,0.1294218748807907,0.472560852766037
36550,17,0.061840325593948364,0.0003102203772868961,0.06376193463802338,0.0,0.014706471934914589,0.00039753993041813374,0.00039912850479595363,0.12672387063503265,0.47405168414115906
36600,17,0.06153060495853424,0.00029977114172652364,0.06302889436483383,0.0,0.01464859489351511,0.0005411914899013937,0.0005466312286444008,0.12596175074577332,0.47389528155326843
36650,17,0.06394989788532257,0.000369224144378677,0.06680532544851303,0.0,0.014679058454930782,0.0005319556221365929,0.00052798812976107,0.13219906389713287,0.4768538475036621
36700,17,0.06206461414694786,0.0003685432020574808,0.06709734350442886,0.0,0.014599621295928955,0.0005208291695453227,0.0005215004784986377,0.13058744370937347,0.46919429302215576
36750,17,0.06260784715414047,0.00035255373222753406,0.06542189419269562,0.0,0.014492110349237919,0.0004846559604629874,0.0004835240833926946,0.1293649673461914,0.4717711806297302
36800,17,0.062100425362586975,0.0003248724387958646,0.06770411878824234,0.0,0.014492720365524292,0.0004108163411729038,0.000410725042456761,0.130965456366539,0.46579986810684204
36850,17,0.06355387717485428,0.00035884915268979967,0.06584067642688751,0.0,0.014552779495716095,0.0004435356240719557,0.0004466031095944345,0.1306581050157547,0.47556549310684204
36900,17,0.06312806159257889,0.0003345786826685071,0.06910248100757599,0.0,0.01457399781793356,0.0004430249100551009,0.00044940540101379156,0.13347211480140686,0.47022008895874023
36950,17,0.06221528351306915,0.00030092711676843464,0.06522541493177414,0.0,0.014603988267481327,0.00044508802238851786,0.00044581835390999913,0.12864714860916138,0.4717113971710205
37000,17,0.06182548403739929,0.000368444190826267,0.06654825061559677,0.0,0.01460544764995575,0.0003960448084399104,0.00039663465577177703,0.12954945862293243,0.4665297865867615
37050,17,0.06308405101299286,0.00033508887281641364,0.06373792141675949,0.0,0.014375414699316025,0.0004192014457657933,0.00042148944339714944,0.12801213562488556,0.46358340978622437
37100,17,0.06481669843196869,0.0003703575348481536,0.06525050848722458,0.0,0.01440782193094492,0.0004339084553066641,0.0004349871014710516,0.13132087886333466,0.4701915383338928
37150,17,0.06403644382953644,0.00036730029387399554,0.06802910566329956,0.0,0.0145950922742486,0.0004652094794437289,0.00046673425822518766,0.13337938487529755,0.4683602452278137
37200,17,0.0630163848400116,0.00032606138847768307,0.06500164419412613,0.0,0.014450006186962128,0.0003712452598847449,0.00037221459206193686,0.12910200655460358,0.4702082574367523
37250,17,0.06300795823335648,0.0003203364321961999,0.06353885680437088,0.0,0.01436659786850214,0.00039433027268387377,0.00039390631718561053,0.12766975164413452,0.4697192311286926
37300,17,0.06527415663003922,0.00034941203193739057,0.06482457369565964,0.0,0.01430833525955677,0.00048265617806464434,0.0004849856486544013,0.13143007457256317,0.4712701737880707
37350,17,0.066896453499794,0.00037210146547295153,0.06444966793060303,0.0,0.014363146387040615,0.00038041392690502107,0.00038038092316128314,0.13249337673187256,0.4688260555267334
37400,17,0.06223679333925247,0.0003226972185075283,0.06224258616566658,0.0,0.014290416613221169,0.00037540830089710653,0.0003763821441680193,0.12556816637516022,0.47335684299468994
37450,17,0.06295508146286011,0.0003413185477256775,0.06412399560213089,0.0,0.014269394800066948,0.00039817809010855854,0.0003991398261860013,0.1282319873571396,0.46695372462272644
37500,17,0.06143823638558388,0.00029987661400809884,0.06347116082906723,0.0,0.014215867966413498,0.0003240897785872221,0.0003243019455112517,0.12587188184261322,0.4640458822250366
37550,17,0.06292937695980072,0.00034536945167928934,0.06370731443166733,0.0,0.014181080274283886,0.0004234131774865091,0.0004249319317750633,0.12784458696842194,0.46998143196105957
37600,17,0.06330600380897522,0.00032132479827851057,0.06403635442256927,0.0,0.014334579929709435,0.00043574225855991244,0.0004400418256409466,0.12855379283428192,0.4720274806022644
37650,17,0.06044717878103256,0.00034525064984336495,0.06475996971130371,0.0,0.01443400513380766,0.000447037979029119,0.000446412421297282,0.12646028399467468,0.47021299600601196
37700,17,0.0637798011302948,0.0003134150174446404,0.06330458074808121,0.0,0.014475293457508087,0.00039458536775782704,0.0003967593074776232,0.1282036155462265,0.46415194869041443
37750,17,0.06346049159765244,0.00035358514287509024,0.06478925049304962,0.0,0.014444111846387386,0.0003975215076934546,0.0004017032333649695,0.12941698729991913,0.4750298261642456
37800,17,0.060737092047929764,0.0003312693443149328,0.06324764341115952,0.0,0.014284098520874977,0.00035621674032881856,0.0003597424947656691,0.1250462532043457,0.46889322996139526
37850,17,0.06668149679899216,0.0003925464698113501,0.06386715173721313,0.0,0.014222165569663048,0.0004389496170915663,0.0004424976068548858,0.13183686137199402,0.46725618839263916
37900,17,0.06308391690254211,0.00035244401078671217,0.06528285145759583,0.0,0.014289903454482555,0.000413876841776073,0.0004152034525759518,0.1295625865459442,0.4699476361274719
37950,17,0.06223030388355255,0.00034453003900125623,0.0648200660943985,0.0,0.014309191145002842,0.0003589260741136968,0.00035867589758709073,0.12812680006027222,0.46625372767448425
38000,17,0.06422724574804306,0.00033484859159216285,0.06646247208118439,0.0,0.014163799583911896,0.00041097323992289603,0.00040942319901660085,0.13185913860797882,0.47155892848968506
38050,17,0.06509122997522354,0.00033323344541713595,0.06365086138248444,0.0,0.014210361987352371,0.00037319763214327395,0.00037213368341326714,0.1298348605632782,0.4702589511871338
38100,17,0.06651280075311661,0.00033157767029479146,0.06591594964265823,0.0,0.014399152249097824,0.0004784941265825182,0.00048144912580028176,0.13373467326164246,0.4773515462875366
38150,17,0.06365593522787094,0.0003412066726014018,0.06491762399673462,0.0,0.014182187616825104,0.00037341000279411674,0.00037642911775037646,0.12967880070209503,0.4711511731147766
38200,18,0.06195733696222305,0.0003093158593401313,0.0645829364657402,0.0,0.014360272325575352,0.0004020062042400241,0.0004033478908240795,0.1276693046092987,0.4634135365486145
38250,18,0.06397745013237,0.00037682801485061646,0.06652779877185822,0.0,0.014371421188116074,0.00041327319922856987,0.0004150050808675587,0.13172473013401031,0.4670114517211914
38300,18,0.06235795468091965,0.0003794962540268898,0.06367296725511551,0.0,0.014296026900410652,0.0004171933396719396,0.00041860921191982925,0.12726052105426788,0.47353610396385193
38350,18,0.06256604194641113,0.00032387045212090015,0.06493059545755386,0.0,0.014162561856210232,0.0004531069425866008,0.00045408745063468814,0.12874186038970947,0.47127586603164673
38400,18,0.06210078299045563,0.00033313920721411705,0.06182413920760155,0.0,0.014395372942090034,0.00043971434934064746,0.0004400296020321548,0.12515220046043396,0.47046470642089844
38450,18,0.062415529042482376,0.0003664111136458814,0.0650256872177124,0.0,0.014442091807723045,0.00042144491453655064,0.0004214543732814491,0.12866495549678802,0.47218456864356995
38500,18,0.06480501592159271,0.0003526767832227051,0.06329101324081421,0.0,0.014384950511157513,0.00045638365554623306,0.0004525989934336394,0.12937206029891968,0.46761760115623474
38550,18,0.06213553249835968,0.0003323649289086461,0.06677818298339844,0.0,0.01426311582326889,0.0004375952994450927,0.00043646912672556937,0.13013440370559692,0.4687098562717438
38600,18,0.06400471180677414,0.00038161559496074915,0.06580345332622528,0.0,0.014173372648656368,0.0005107602337375283,0.0005091991042718291,0.1312239021062851,0.4694221615791321
38650,18,0.06288716197013855,0.00029936261125840247,0.06368538737297058,0.0,0.014232656918466091,0.0004441210185177624,0.00044733696267940104,0.1277776062488556,0.475051611661911
38700,18,0.06407882273197174,0.00036591629032045603,0.06509121507406235,0.0,0.014149989932775497,0.0004547562566585839,0.0004559630178846419,0.13046081364154816,0.471774160861969
38750,18,0.06347528100013733,0.0004008965042885393,0.06419721245765686,0.0,0.014262045733630657,0.0004907995462417603,0.0004951810697093606,0.1290736347436905,0.4713301658630371
38800,18,0.06495533883571625,0.00033405207796022296,0.06710100173950195,0.0,0.014276822097599506,0.0003877952112816274,0.0003917092690244317,0.13318417966365814,0.4689052700996399
38850,18,0.06492965668439865,0.0003132362035103142,0.06634693592786789,0.0,0.014248838648200035,0.00044559099478647113,0.0004465313395485282,0.1324961930513382,0.4735390543937683
38900,18,0.06172589585185051,0.00030572229297831655,0.06422681361436844,0.0,0.01430946122854948,0.00043374914093874395,0.0004355063720140606,0.12714199721813202,0.4707631766796112
38950,18,0.06432566046714783,0.0003633150481618941,0.06131433695554733,0.0,0.014247702434659004,0.0004221368581056595,0.0004220720729790628,0.12686176598072052,0.4714716672897339
39000,18,0.06508677452802658,0.0003979481116402894,0.06497476249933243,0.0,0.014233254827558994,0.0004303808091208339,0.0004305033362470567,0.1313346028327942,0.47292500734329224
39050,18,0.0627756267786026,0.0003431192599236965,0.06438944488763809,0.0,0.014173068106174469,0.00044664263259619474,0.00044782122131437063,0.12841682136058807,0.4707688093185425
39100,18,0.061936695128679276,0.0003298947704024613,0.06468077003955841,0.0,0.014274456538259983,0.0004064330132678151,0.0004072690207976848,0.12777534127235413,0.4685707688331604
39150,18,0.06226649135351181,0.00033617435838095844,0.06502054631710052,0.0,0.014191091060638428,0.0004544603289104998,0.0004589692107401788,0.12855082750320435,0.4717552065849304
39200,18,0.06613170355558395,0.00033036258537322283,0.0656379833817482,0.0,0.014228304848074913,0.0005740506458096206,0.0005757478647865355,0.13326407968997955,0.47153711318969727
39250,18,0.06428447365760803,0.00034942044294439256,0.06675048172473907,0.0,0.01422830205410719,0.00045677274465560913,0.00046230852603912354,0.1323176920413971,0.4712769389152527
39300,18,0.06215190142393112,0.0003247770946472883,0.06619053333997726,0.0,0.01406800001859665,0.0004049703129567206,0.0004060327773913741,0.12949226796627045,0.4722304940223694
39350,18,0.06217934191226959,0.0003362252900842577,0.06563419848680496,0.0,0.014110059477388859,0.00039629367529414594,0.00039516823017038405,0.12895533442497253,0.46847856044769287
39400,18,0.06315350532531738,0.0002993581583723426,0.06227564439177513,0.0,0.0141992699354887,0.00037955620791763067,0.00038227171171456575,0.12650452554225922,0.46435481309890747
39450,18,0.06317664682865143,0.00034946572850458324,0.06507910043001175,0.0,0.01414561364799738,0.00039476031088270247,0.00039780500810593367,0.12941192090511322,0.4702664017677307
39500,18,0.06459464877843857,0.00034230921301059425,0.06537623703479767,0.0,0.01411399058997631,0.0003895433619618416,0.00038942781975492835,0.13110627233982086,0.47114965319633484
39550,18,0.06434213370084763,0.0003803065628744662,0.06277566403150558,0.0,0.014248261228203773,0.0004169097519479692,0.0004160962416790426,0.12834535539150238,0.4685559868812561
39600,18,0.06434598565101624,0.00027434469666332006,0.06821281462907791,0.0,0.014110617339611053,0.00040299189276993275,0.00040422388701699674,0.13365447521209717,0.47211340069770813
39650,18,0.0630527213215828,0.00037312664790079,0.0646744966506958,0.0,0.014080528169870377,0.00035911667509935796,0.00036083164741285145,0.12883436679840088,0.47178202867507935
39700,18,0.06190931797027588,0.0003219586506020278,0.06601311266422272,0.0,0.014009617269039154,0.0003929732774849981,0.00039469197508879006,0.12904605269432068,0.46945106983184814
39750,18,0.06234697625041008,0.00038565712748095393,0.06616339087486267,0.0,0.013880742713809013,0.00047107419231906533,0.0004723994934465736,0.12985338270664215,0.47388210892677307
39800,18,0.06031350791454315,0.00033231754787266254,0.06433315575122833,0.0,0.013908701948821545,0.00039691588608548045,0.0003986095543950796,0.12578842043876648,0.46755251288414
39850,18,0.0628434494137764,0.00034852453973144293,0.06641354411840439,0.0,0.013884572312235832,0.0004186597070656717,0.00041978000081144273,0.13045784831047058,0.47048622369766235
39900,18,0.0662226602435112,0.00045310365385375917,0.06474760174751282,0.0,0.014032389037311077,0.00044914966565556824,0.00045224808854982257,0.13233880698680878,0.47370821237564087
39950,18,0.065450020134449,0.0003004135796800256,0.06563358008861542,0.0,0.014006108045578003,0.00039071484934538603,0.00039431609911844134,0.13218306005001068,0.4704951047897339
40000,18,0.06401364505290985,0.0003473409451544285,0.06267836689949036,0.0,0.01391103770583868,0.00041310477536171675,0.00041398106259293854,0.12788034975528717,0.4664602279663086
40050,18,0.06560346484184265,0.00033731263829395175,0.061149489134550095,0.0,0.014047184959053993,0.00043582345824688673,0.00043410828220658004,0.1279742419719696,0.46580007672309875
40100,18,0.061339326202869415,0.00031959128682501614,0.06285485625267029,0.0,0.013999620452523232,0.0004207734018564224,0.0004238816909492016,0.12537242472171783,0.47517311573028564
40150,18,0.06500807404518127,0.00031569210113957524,0.06464655697345734,0.0,0.013857405632734299,0.0004033336299471557,0.00040614992030896246,0.13079366087913513,0.4713567793369293
40200,18,0.06347888708114624,0.0003606599639169872,0.06347114592790604,0.0,0.014143075793981552,0.00044745428021997213,0.00044977309880778193,0.12822206318378448,0.47001492977142334
40250,18,0.06185214966535568,0.00030787900323048234,0.06478843092918396,0.0,0.01415492407977581,0.00041928747668862343,0.000422534387325868,0.1278044432401657,0.4688798189163208
40300,18,0.06338940560817719,0.0004149804590269923,0.06254300475120544,0.0,0.014035668224096298,0.00048094653175212443,0.0004821746260859072,0.12732455134391785,0.4722398817539215
40350,18,0.06153687834739685,0.00032994593493640423,0.06585540622472763,0.0,0.014112971723079681,0.0004426551458891481,0.00044776455615647137,0.1286267638206482,0.47612565755844116
40400,18,0.06408866494894028,0.0003381604328751564,0.0624343678355217,0.0,0.01399480551481247,0.0003926295612473041,0.00039610982639715075,0.12766391038894653,0.46994549036026
40450,19,0.06366822123527527,0.00029123169952072203,0.06266316026449203,0.0,0.013976352289319038,0.00041908788261935115,0.00042349903378635645,0.1274791806936264,0.468990683555603
40500,19,0.06129040941596031,0.00031589440186508,0.06428240239620209,0.0,0.013888624496757984,0.0004333861288614571,0.00043575221206992865,0.1267717331647873,0.4769550859928131
40550,19,0.059746261686086655,0.00034577486803755164,0.062168583273887634,0.0,0.013866644352674484,0.0004290034994482994,0.0004276688559912145,0.1231311559677124,0.4690653681755066
40600,19,0.06082783639431,0.00027818733360618353,0.06213923171162605,0.0,0.013943584635853767,0.0004585782007779926,0.00045415450586006045,0.12417192757129669,0.4720626473426819
40650,19,0.06263689696788788,0.000292917771730572,0.0614737868309021,0.0,0.013959329575300217,0.00034892611438408494,0.00035084510454908013,0.12511733174324036,0.46742942929267883
40700,19,0.062855564057827,0.0003510868700686842,0.0625830665230751,0.0,0.013927659951150417,0.0005119741545058787,0.0005109351477585733,0.12682655453681946,0.47375643253326416
40750,19,0.06339607387781143,0.0003444793401286006,0.06388750672340393,0.0,0.013785948976874352,0.0004960689693689346,0.0004988528089597821,0.12863676249980927,0.47197413444519043
40800,19,0.06347868591547012,0.0003496023127809167,0.0642877072095871,0.0,0.013750733807682991,0.0004967208951711655,0.0004968345165252686,0.12912330031394958,0.4757794439792633
40850,19,0.06161024421453476,0.000379680102923885,0.06303571909666061,0.0,0.013940177857875824,0.0005128305638208985,0.0005132720689289272,0.1260657012462616,0.47327184677124023
40900,19,0.06386065483093262,0.00033515121322125196,0.0617779903113842,0.0,0.013805638067424297,0.0003902311436831951,0.00038974510971456766,0.12676756083965302,0.4692639708518982
40950,19,0.06348253786563873,0.000292409211397171,0.06374490261077881,0.0,0.013899341225624084,0.0004229748446960002,0.00042085727909579873,0.12837758660316467,0.47337108850479126
41000,19,0.06382033228874207,0.000368106848327443,0.06354859471321106,0.0,0.014042971655726433,0.0003938193549402058,0.0003933434491045773,0.12853823602199554,0.4684998393058777
41050,19,0.059983786195516586,0.00035287742502987385,0.06347501277923584,0.0,0.013948791660368443,0.0003938501758966595,0.0003956075815949589,0.12461508065462112,0.47095537185668945
41100,19,0.061115287244319916,0.0004064266395289451,0.06612707674503326,0.0,0.013975883834064007,0.0006216802867129445,0.0006275548948906362,0.12891200184822083,0.4735853374004364
41150,19,0.0631338506937027,0.0003400214482098818,0.06532041728496552,0.0,0.013860843144357204,0.00040250332676805556,0.00040249311132356524,0.12961313128471375,0.4683014750480652
41200,19,0.06293600797653198,0.000361980521120131,0.0644245371222496,0.0,0.014012197963893414,0.00044573182822205126,0.0004471174324862659,0.1286293864250183,0.4659145176410675
41250,19,0.061779823154211044,0.00032735621789470315,0.06458614766597748,0.0,0.014023808762431145,0.000390576315112412,0.00039245677180588245,0.12749037146568298,0.4726124405860901
41300,19,0.0619809590280056,0.00032091670436784625,0.06130235642194748,0.0,0.01385977678000927,0.0003326643200125545,0.0003355153021402657,0.12428627163171768,0.46966588497161865
41350,19,0.061774805188179016,0.00031337799737229943,0.06328316032886505,0.0,0.013741844333708286,0.00041789328679442406,0.0004229354963172227,0.12622590363025665,0.4674956202507019
41400,19,0.059975072741508484,0.0002897052327170968,0.06120878458023071,0.0,0.01374727115035057,0.0004241256683599204,0.0004276449035387486,0.12233908474445343,0.46980899572372437
41450,19,0.06157130375504494,0.00036832893965765834,0.062265604734420776,0.0,0.013711350969970226,0.00042246116208843887,0.0004215654043946415,0.1250629723072052,0.4666908383369446
41500,19,0.06343505531549454,0.0003747826558537781,0.06333734095096588,0.0,0.013967100530862808,0.00039109704084694386,0.0003941787872463465,0.1279464066028595,0.46868783235549927
41550,19,0.06108326464891434,0.00035041410592384636,0.06497765332460403,0.0,0.013988053426146507,0.00038600893458351493,0.0003871931112371385,0.12719853222370148,0.4693278968334198
41600,19,0.06303191184997559,0.00033925080788321793,0.06181826815009117,0.0,0.013848785310983658,0.0004171586479060352,0.00041830973350442946,0.12603873014450073,0.46883946657180786
41650,19,0.06250269711017609,0.00037302167038433254,0.06438344717025757,0.0,0.01383662037551403,0.00039840827230364084,0.0003992248675785959,0.1280706375837326,0.4678691625595093
41700,19,0.06389889121055603,0.0002616348210722208,0.06205090507864952,0.0,0.013882273808121681,0.00040270236786454916,0.0004069930873811245,0.1270350217819214,0.4720715880393982
41750,19,0.06207725405693054,0.00036183444899506867,0.06468243896961212,0.0,0.013707627542316914,0.0004546777927316725,0.0004550584708340466,0.1280449628829956,0.4720565676689148
41800,19,0.06206488609313965,0.0003357569221407175,0.06329714506864548,0.0,0.01358652114868164,0.0004014283767901361,0.0004042893124278635,0.12651710212230682,0.47188800573349
41850,19,0.06252548843622208,0.00030371901812031865,0.06407129019498825,0.0,0.013624601066112518,0.0003735197242349386,0.00037681538378819823,0.1276644468307495,0.4670144021511078
41900,19,0.06279411911964417,0.0003298160445410758,0.0649920105934143,0.0,0.013700257055461407,0.000422027544118464,0.00042438451782800257,0.12897606194019318,0.47035738825798035
41950,19,0.061354704201221466,0.00028665357967838645,0.061028238385915756,0.0,0.013684125617146492,0.0003801967832259834,0.00038323982153087854,0.12344671785831451,0.4694581627845764
42000,19,0.06199469789862633,0.00030031229835003614,0.062295250594615936,0.0,0.01362660527229309,0.0003866157494485378,0.0003885590995196253,0.1253790706396103,0.4709816873073578
42050,19,0.06248186156153679,0.00036118965363129973,0.06267845630645752,0.0,0.013538778759539127,0.00041927318670786917,0.0004189360770396888,0.1263732612133026,0.4671233296394348
42100,19,0.060731615871191025,0.00034855742705985904,0.0646606832742691,0.0,0.013676953501999378,0.0005034989444538951,0.0005045478465035558,0.12676258385181427,0.47662997245788574
42150,19,0.0616627112030983,0.00033137458376586437,0.06425818055868149,0.0,0.013705221004784107,0.0003874695976264775,0.0003891338128596544,0.12704257667064667,0.46724700927734375
42200,19,0.06298021972179413,0.00033863543649204075,0.06255259364843369,0.0,0.013600637204945087,0.0003376365639269352,0.0003392034850548953,0.12656189501285553,0.46805626153945923
42250,19,0.06396601349115372,0.0004355122218839824,0.06549099087715149,0.0,0.013600940816104412,0.0005008199950680137,0.0005044715362600982,0.13091140985488892,0.4705413281917572
42300,19,0.06138836592435837,0.00032390718115493655,0.0636197179555893,0.0,0.013554724864661694,0.0004734871909022331,0.0004788374062627554,0.12629787623882294,0.4724993109703064
42350,19,0.06187422201037407,0.0003121992922388017,0.06440198421478271,0.0,0.013497055508196354,0.00042180554009974003,0.00042374717304483056,0.1274474561214447,0.4689600467681885
42400,19,0.06589051336050034,0.0003258138312958181,0.06350985169410706,0.0,0.013640252873301506,0.00039657321758568287,0.0004002621863037348,0.13053664565086365,0.4703361988067627
42450,19,0.06322650611400604,0.00034676602808758616,0.06511883437633514,0.0,0.01356569305062294,0.0003978832100983709,0.00040150893619284034,0.12950505316257477,0.4737829566001892
42500,19,0.06250844150781631,0.0003542462654877454,0.06278086453676224,0.0,0.01372772641479969,0.00042099939309991896,0.00042052369099110365,0.12649880349636078,0.47019636631011963
42550,19,0.06365739554166794,0.0002832468890119344,0.06266802549362183,0.0,0.013487957417964935,0.00041502719977870584,0.0004178373492322862,0.12745502591133118,0.4664192795753479
42600,19,0.06027160957455635,0.00035443605156615376,0.06436034291982651,0.0,0.013458150438964367,0.000321503437589854,0.000322192267049104,0.1256435364484787,0.46622779965400696
42650,19,0.06185024231672287,0.00030385906575247645,0.06274057924747467,0.0,0.013402059674263,0.0003978167660534382,0.00040092915878631175,0.12570682168006897,0.47361448407173157
42700,20,0.06333661079406738,0.0003335254150442779,0.06260202080011368,0.0,0.013597260229289532,0.0003480286686681211,0.0003487290523480624,0.12698251008987427,0.4690469801425934
42750,20,0.06133369356393814,0.000342374958563596,0.0635293647646904,0.0,0.013374469242990017,0.00036626134533435106,0.0003664115210995078,0.12595148384571075,0.46604669094085693
42800,20,0.06212516501545906,0.00031481616315431893,0.06438786536455154,0.0,0.013424200937151909,0.00044750532833859324,0.00045278144534677267,0.12774156033992767,0.469637930393219
42850,20,0.06075546145439148,0.00028839585138484836,0.06455894559621811,0.0,0.013392738997936249,0.0004080939688719809,0.0004071659059263766,0.12643146514892578,0.4677354097366333
42900,20,0.06162649765610695,0.00034854598925448954,0.06036605313420296,0.0,0.01341681182384491,0.00040381995495408773,0.0004049538401886821,0.12316329032182693,0.4709279239177704
42950,20,0.06239640712738037,0.0002866901340894401,0.06217745691537857,0.0,0.013389619067311287,0.00041354598943144083,0.0004126509593334049,0.12570014595985413,0.46811431646347046
43000,20,0.06377935409545898,0.00030234712176024914,0.06459019333124161,0.0,0.013464214280247688,0.00039429820026271045,0.0003958740271627903,0.12947553396224976,0.47536662220954895
43050,20,0.05912570655345917,0.00033203023485839367,0.06118025258183479,0.0,0.013582848012447357,0.0003942485200241208,0.0003945284988731146,0.1214403510093689,0.47171127796173096
43100,20,0.06294949352741241,0.0003719415981322527,0.06390141695737839,0.0,0.013448866084218025,0.0004755358677357435,0.00047613822971470654,0.12818798422813416,0.4677082896232605
43150,20,0.06426561623811722,0.000289386254735291,0.06174742802977562,0.0,0.01348052266985178,0.000443258264567703,0.0004444872902240604,0.12720367312431335,0.4711170196533203
43200,20,0.06248236820101738,0.0003839661949314177,0.06342851370573044,0.0,0.013494718819856644,0.0004689152119681239,0.00047025375533849,0.12724752724170685,0.4704324007034302
43250,20,0.06265692412853241,0.0003614808665588498,0.06310145556926727,0.0,0.013576231896877289,0.00043153364094905555,0.0004315824480727315,0.12699654698371887,0.4695989787578583
43300,20,0.061876025050878525,0.000324236141750589,0.06572920829057693,0.0,0.013478276319801807,0.0004006963281426579,0.00040343223372474313,0.12874707579612732,0.47419795393943787
43350,20,0.06407357007265091,0.0004074181488249451,0.06265013664960861,0.0,0.013285642489790916,0.00045994651736691594,0.0004637518140953034,0.12806811928749084,0.4724937081336975
43400,20,0.0634722113609314,0.00039424345595762134,0.06319962441921234,0.0,0.01340043731033802,0.00043914036359637976,0.00044672287185676396,0.12796533107757568,0.4702468514442444
43450,20,0.060677479952573776,0.0003847627085633576,0.06257389485836029,0.0,0.013357700780034065,0.0004176874062977731,0.0004192134947516024,0.12448640167713165,0.4672102928161621
43500,20,0.06393396854400635,0.00033899734262377024,0.06100199371576309,0.0,0.013388291001319885,0.0003787627792917192,0.00038222770672291517,0.12604932487010956,0.47144174575805664
43550,20,0.06333596259355545,0.00024968775687739253,0.061368297785520554,0.0,0.013326136395335197,0.0003495622077025473,0.00034955248702317476,0.12566639482975006,0.468453973531723
43600,20,0.06180211156606674,0.00036771834129467607,0.06315750628709793,0.0,0.013479406014084816,0.0004079235368408263,0.0004100376972928643,0.12615877389907837,0.47374412417411804
43650,20,0.06169614940881729,0.0003020302683580667,0.061058804392814636,0.0,0.013478136621415615,0.000374381837900728,0.0003762681153602898,0.12382111698389053,0.4639255404472351
43700,20,0.06275421380996704,0.00032386553357355297,0.06427101045846939,0.0,0.013490809127688408,0.00044650817289948463,0.0004463486257009208,0.1282554268836975,0.4743044972419739
43750,20,0.06241253390908241,0.0002665570646058768,0.06348986178636551,0.0,0.013450724072754383,0.00037871074164286256,0.00038127118023112416,0.12694239616394043,0.4724505543708801
43800,20,0.060722995549440384,0.00034616305492818356,0.06287307292222977,0.0,0.013446889817714691,0.00037056562723591924,0.0003710698219947517,0.12469731271266937,0.46609216928482056
43850,20,0.06207704544067383,0.0003488680813461542,0.06381871551275253,0.0,0.013478010892868042,0.00036800530506297946,0.00036905144224874675,0.12699516117572784,0.4670156240463257
43900,20,0.06334362924098969,0.00033575500128790736,0.06572217494249344,0.0,0.013557564467191696,0.0003700625093188137,0.0003731159376911819,0.13015830516815186,0.4724651575088501
43950,20,0.06066463887691498,0.0002722330391407013,0.06145863980054855,0.0,0.013462882488965988,0.00040268414886668324,0.0004055858589708805,0.12321724742650986,0.472016304731369
44000,20,0.06025546044111252,0.00032249934156425297,0.059615664184093475,0.0,0.013436084613204002,0.00039762345841154456,0.00039958441630005836,0.12100426107645035,0.4703274369239807
44050,20,0.06093209981918335,0.0002833264588844031,0.062490347772836685,0.0,0.013271115720272064,0.00037823509774170816,0.0003795193915721029,0.12447679787874222,0.46791744232177734
44100,20,0.06275518983602524,0.0003244541003368795,0.06298066675662994,0.0,0.013364344835281372,0.00039860449032858014,0.0004016495659016073,0.1268739253282547,0.4707621932029724
44150,20,0.0588863268494606,0.0003009513602592051,0.06345746666193008,0.0,0.013268215581774712,0.00037909921957179904,0.0003833473310805857,0.12342046201229095,0.4630093574523926
44200,20,0.06045326218008995,0.00038518564542755485,0.06125111132860184,0.0,0.013309287838637829,0.0004485421231947839,0.0004490165156312287,0.12300042062997818,0.47095972299575806
44250,20,0.060062654316425323,0.0002985022438224405,0.06307356059551239,0.0,0.013356815092265606,0.00045262230560183525,0.00045531574869528413,0.12435601651668549,0.4705826938152313
44300,20,0.05926068499684334,0.00032519001979380846,0.06201762333512306,0.0,0.013417452573776245,0.0004514348111115396,0.0004538262146525085,0.12252218276262283,0.46979254484176636
44350,20,0.059962980449199677,0.0003561541670933366,0.06191616132855415,0.0,0.013414091430604458,0.000370800553355366,0.0003723630798049271,0.12299187481403351,0.47263890504837036
44400,20,0.06182514503598213,0.00031539518386125565,0.06334380060434341,0.0,0.013312281109392643,0.00039721812936477363,0.0003989007673226297,0.12629377841949463,0.46849170327186584
44450,20,0.06262125074863434,0.00032189179910346866,0.06236009672284126,0.0,0.013341723009943962,0.0003694184706546366,0.0003700799134094268,0.12605607509613037,0.4667985737323761
44500,20,0.061580490320920944,0.00035971897887066007,0.06066886708140373,0.0,0.01341042760759592,0.00037954322760924697,0.00038058418431319296,0.12338262051343918,0.46645182371139526
44550,20,0.061517875641584396,0.00037349178455770016,0.06202832609415054,0.0,0.013545149005949497,0.0004775820125360042,0.0004746074846480042,0.1248854324221611,0.4727801978588104
44600,20,0.06060723215341568,0.0002922181156463921,0.06232138350605965,0.0,0.013543286360800266,0.0003413725062273443,0.0003464766778051853,0.12392222881317139,0.4743344187736511
44650,20,0.06189865618944168,0.0003942687762901187,0.0614212341606617,0.0,0.013569132424890995,0.00040798645932227373,0.00040840203291736543,0.12454412132501602,0.47411656379699707
44700,20,0.06069382280111313,0.00036181131144985557,0.06331774592399597,0.0,0.013617823831737041,0.0004349910013843328,0.000436966132838279,0.12525895237922668,0.47021257877349854
44750,20,0.06261450797319412,0.0003512467083055526,0.06493373215198517,0.0,0.013747595250606537,0.00042034825310111046,0.00042087770998477936,0.12875448167324066,0.47001954913139343
44800,20,0.06366486847400665,0.00040800037095323205,0.062143512070178986,0.0,0.013665431179106236,0.000387480016797781,0.00039037573151290417,0.12700790166854858,0.46873751282691956
44850,20,0.062004588544368744,0.0003515455173328519,0.06161355972290039,0.0,0.013494852930307388,0.00039488679612986743,0.000398428353946656,0.12477649748325348,0.4711351990699768
44900,20,0.058628879487514496,0.0003862564917653799,0.06327559798955917,0.0,0.013477335684001446,0.00041973055340349674,0.000418614101363346,0.1231425553560257,0.4663048982620239
