step,epoch,recon,dyn,pred_recon,var,anchor,anchor_pred,total,latent_std
50,1,0.5417702198028564,0.002112830523401499,0.5454341769218445,0.0,0.2778658866882324,0.2777637243270874,1.644946813583374,0.46373212337493896
100,1,0.3785199224948883,0.002211072016507387,0.3711254894733429,0.0,0.29126036167144775,0.2909064292907715,1.3340232372283936,0.4654645025730133
150,1,0.3443281352519989,0.0016103623202070594,0.33033958077430725,0.0,0.3281199336051941,0.3277527689933777,1.3321508169174194,0.468176007270813
200,1,0.3388538062572479,0.0036460505798459053,0.32291358709335327,0.0,0.33298730850219727,0.3329686224460602,1.331369400024414,0.4603346586227417
250,1,0.30784618854522705,0.001430736854672432,0.2883404791355133,0.0,0.29320061206817627,0.2932387590408325,1.1840567588806152,0.4733218252658844
300,1,0.29566261172294617,0.005266757216304541,0.2818436622619629,0.0,0.3150367736816406,0.3153332769870758,1.2131431102752686,0.4615868628025055
350,1,0.27851802110671997,0.0014123618602752686,0.2679675817489624,0.0,0.2941362261772156,0.2939773499965668,1.1360114812850952,0.4633437395095825
400,1,0.26911038160324097,0.005543028935790062,0.2576698064804077,0.0,0.26820284128189087,0.2689123749732971,1.0694384574890137,0.47583669424057007
450,1,0.2679210305213928,0.005421641282737255,0.2582957446575165,0.0,0.25546759366989136,0.2562863230705261,1.043392300605774,0.47788089513778687
500,1,0.2632920742034912,0.005441337823867798,0.2611977159976959,0.0,0.16420762240886688,0.16533538699150085,0.8594741225242615,0.4954909086227417
550,1,0.26706844568252563,0.009818993508815765,0.2680591940879822,0.0,0.04192660003900528,0.04217250272631645,0.6290457844734192,0.5008460283279419
600,1,0.22982381284236908,0.007449609227478504,0.23142945766448975,0.0,0.015253420919179916,0.015111728571355343,0.499068021774292,0.502142608165741
650,1,0.20839044451713562,0.0038125417195260525,0.20924443006515503,0.0,0.008740464225411415,0.008644714020192623,0.4388325810432434,0.4972892105579376
700,1,0.20048405230045319,0.002508135512471199,0.20224711298942566,0.0,0.0072786035016179085,0.0073375701904296875,0.4198554456233978,0.4951310157775879
750,1,0.2016572803258896,0.0025346786715090275,0.20469450950622559,0.0,0.00673611368983984,0.006779282819479704,0.4224018454551697,0.4994419813156128
800,1,0.19396820664405823,0.005162357352674007,0.19418412446975708,0.0,0.008832895196974277,0.009196275845170021,0.41134387254714966,0.4917294681072235
850,1,0.19461360573768616,0.0022997562773525715,0.19380171597003937,0.0,0.006731211207807064,0.006879088934510946,0.40432536602020264,0.4980607032775879
900,1,0.178152933716774,0.0022523077204823494,0.18272548913955688,0.0,0.004595913924276829,0.004597878083586693,0.37232452630996704,0.4905144274234772
950,1,0.18373903632164001,0.001906517194584012,0.1829359531402588,0.0,0.004322790540754795,0.004283481277525425,0.3771877884864807,0.49231311678886414
1000,1,0.17734183371067047,0.001646942924708128,0.1785481870174408,0.0,0.004678926896303892,0.00476616807281971,0.3669820725917816,0.48778587579727173
1050,1,0.17210260033607483,0.001699855551123619,0.1733480840921402,0.0,0.0038813890423625708,0.003928306978195906,0.35496023297309875,0.49183765053749084
1100,1,0.16752678155899048,0.001501620514318347,0.17043396830558777,0.0,0.003913938999176025,0.004010808188468218,0.3473871052265167,0.48940911889076233
1150,1,0.17010928690433502,0.0016276908572763205,0.17108795046806335,0.0,0.003334060311317444,0.003374259453266859,0.3495332598686218,0.4833383560180664
1200,1,0.16280695796012878,0.0015657286858186126,0.16367237269878387,0.0,0.003343659918755293,0.0034290808252990246,0.3348177969455719,0.4830275774002075
1250,1,0.16111913323402405,0.0015285377157852054,0.16327372193336487,0.0,0.0031015705317258835,0.003163390327244997,0.33218634128570557,0.4861396551132202
1300,1,0.16137531399726868,0.0015063774771988392,0.16130422055721283,0.0,0.0029396554455161095,0.0029775749426335096,0.3301031291484833,0.48418986797332764
1350,1,0.16092833876609802,0.001159533392637968,0.162801593542099,0.0,0.0029260581359267235,0.0029691196978092194,0.3307846486568451,0.48552656173706055
1400,1,0.15953397750854492,0.001451865304261446,0.1586623191833496,0.0,0.0029441695660352707,0.002993411384522915,0.3255857229232788,0.48210152983665466
1450,1,0.15533491969108582,0.0013451592531055212,0.1577514111995697,0.0,0.0025270055048167706,0.0025470166001468897,0.319505512714386,0.47967395186424255
1500,1,0.15593299269676208,0.0012470022775232792,0.15340253710746765,0.0,0.0023684632033109665,0.0023686359636485577,0.31531962752342224,0.48435306549072266
1550,1,0.15168751776218414,0.0010733678936958313,0.1527562141418457,0.0,0.0023112487979233265,0.002380052348598838,0.31020841002464294,0.4778951108455658
1600,1,0.15407398343086243,0.001286463113501668,0.15471573173999786,0.0,0.002553572878241539,0.0026102112606167793,0.31523996591567993,0.48138993978500366
1650,1,0.1547100692987442,0.0012292794417589903,0.15349489450454712,0.0,0.002273213816806674,0.00227658124640584,0.3139840364456177,0.47782987356185913
1700,1,0.15046648681163788,0.0010730063077062368,0.15054979920387268,0.0,0.002024082001298666,0.002069166861474514,0.30618253350257874,0.4791272282600403
1750,1,0.15129941701889038,0.0010618292726576328,0.15190236270427704,0.0,0.0017131034983322024,0.0017316964222118258,0.30770838260650635,0.47901180386543274
1800,1,0.1524668037891388,0.0012964543420821428,0.15101538598537445,0.0,0.001974845305085182,0.0020022413227707148,0.3087557256221771,0.4790346622467041
1850,1,0.14824341237545013,0.0010041201021522284,0.15152676403522491,0.0,0.0017581922002136707,0.0017621639417484403,0.3042946457862854,0.4806855320930481
1900,1,0.14842236042022705,0.0010243228171020746,0.1484420895576477,0.0,0.0015704348916187882,0.0015780937392264605,0.3010372817516327,0.4803299903869629
1950,1,0.1469753384590149,0.0010371142998337746,0.1499786674976349,0.0,0.0018266193801537156,0.0018371038604527712,0.3016548454761505,0.47769084572792053
2000,1,0.1485072523355484,0.0009338208474218845,0.14802759885787964,0.0,0.0017643547616899014,0.0017800977220758796,0.30101311206817627,0.48074978590011597
2050,1,0.14632472395896912,0.0009613595902919769,0.14528313279151917,0.0,0.0019359062425792217,0.001940149930305779,0.2964452803134918,0.4752945303916931
2100,1,0.14663530886173248,0.0010437656892463565,0.14445963501930237,0.0,0.0018186927773058414,0.0018350033788010478,0.2957924008369446,0.47683870792388916
2150,1,0.15007686614990234,0.0009967591613531113,0.1491008996963501,0.0,0.0017501118127256632,0.001752587966620922,0.3036772310733795,0.4765474796295166
2200,1,0.14300689101219177,0.0007698505651205778,0.14436551928520203,0.0,0.0015722638927400112,0.0015731796156615019,0.29128772020339966,0.47829297184944153
2250,1,0.145932137966156,0.0008700124453753233,0.1473003327846527,0.0,0.001675606588833034,0.0016689280746504664,0.2974470257759094,0.47935670614242554
2300,2,0.13726654648780823,0.0009057739516720176,0.13955123722553253,0.0,0.0017881033709272742,0.0017897901125252247,0.28130143880844116,0.47768211364746094
2350,2,0.13979974389076233,0.0009189540869556367,0.14322137832641602,0.0,0.0017863045213744044,0.0018009553896263242,0.28752732276916504,0.4820834994316101
2400,2,0.13795322179794312,0.0008875633939169347,0.1390388011932373,0.0,0.0014344551600515842,0.0014330713311210275,0.28074711561203003,0.4728958308696747
2450,2,0.13716842234134674,0.0007818788290023804,0.13914485275745392,0.0,0.0014625299954786897,0.0014826867263764143,0.28004035353660583,0.4724827706813812
2500,2,0.141360342502594,0.0009007055778056383,0.14008724689483643,0.0,0.0014985745074227452,0.0015035922406241298,0.2853504419326782,0.47435131669044495
2550,2,0.13350114226341248,0.0008114654920063913,0.1355689913034439,0.0,0.0013640999095514417,0.0013659251853823662,0.2726116180419922,0.4720079302787781
2600,2,0.1363973766565323,0.0007483571534976363,0.13822484016418457,0.0,0.0016009543323889375,0.001590506755746901,0.2785620391368866,0.4782911539077759
2650,2,0.13674110174179077,0.000701563956681639,0.13901843130588531,0.0,0.0013760377187281847,0.001378846587613225,0.2792159914970398,0.4754098653793335
2700,2,0.13463342189788818,0.0006594219012185931,0.13491886854171753,0.0,0.0014811070868745446,0.0014792908914387226,0.2731720805168152,0.47862696647644043
2750,2,0.13573962450027466,0.0006884729955345392,0.13549667596817017,0.0,0.0013677296228706837,0.0013661717530339956,0.2746587097644806,0.47834980487823486
2800,2,0.13430429995059967,0.0009437061962671578,0.1359184980392456,0.0,0.0017199406865984201,0.0017272969707846642,0.27461373805999756,0.47632652521133423
2850,2,0.1393599808216095,0.0007362918695434928,0.14224913716316223,0.0,0.0017117951065301895,0.0017057397635653615,0.2857629358768463,0.4827311933040619
2900,2,0.13307513296604156,0.0007133684703148901,0.13430416584014893,0.0,0.0014020841335877776,0.001396580715663731,0.27089133858680725,0.47662991285324097
2950,2,0.1323540359735489,0.00086907425429672,0.13136859238147736,0.0,0.0015488127246499062,0.0015525181079283357,0.26769301295280457,0.4750477969646454
3000,2,0.1342504769563675,0.0007731133373454213,0.13424542546272278,0.0,0.001465281704440713,0.0014517982490360737,0.2721861004829407,0.47917863726615906
3050,2,0.1307542771100998,0.0007632675697095692,0.13141068816184998,0.0,0.0011990908533334732,0.0011991485953330994,0.26532649993896484,0.4792461097240448
3100,2,0.13495273888111115,0.0008890311000868678,0.13296625018119812,0.0,0.0016026099910959601,0.0016026368830353022,0.27201324701309204,0.4790680408477783
3150,2,0.1341632604598999,0.0007742528105154634,0.1329147070646286,0.0,0.0013725119642913342,0.001369818695820868,0.2705945372581482,0.47524023056030273
3200,2,0.12837284803390503,0.0007786566857248545,0.1296079307794571,0.0,0.0013056718744337559,0.0013014222495257854,0.2613665461540222,0.4737122654914856
3250,2,0.12914299964904785,0.0006994285504333675,0.13165374100208282,0.0,0.001575219677761197,0.001573393470607698,0.2646448016166687,0.4776548147201538
3300,2,0.1278793215751648,0.0007331675151363015,0.12784308195114136,0.0,0.0012018200941383839,0.0012039553839713335,0.25886133313179016,0.4780561327934265
3350,2,0.1326223462820053,0.0007137138745747507,0.13327254354953766,0.0,0.0013748190831393003,0.0013839976163581014,0.26936742663383484,0.4739747643470764
3400,2,0.13050751388072968,0.0006402907893061638,0.12817564606666565,0.0,0.0013903501676395535,0.0013886397937312722,0.2621024250984192,0.46986332535743713
3450,2,0.12650196254253387,0.000668711494654417,0.1267930120229721,0.0,0.001367177115753293,0.001365397940389812,0.25669625401496887,0.47575631737709045
3500,2,0.1280011087656021,0.0006286156130954623,0.1282643973827362,0.0,0.0011350746499374509,0.0011326265521347523,0.2591618001461029,0.4727456867694855
3550,2,0.12562280893325806,0.0007216566009446979,0.12506340444087982,0.0,0.0012067678617313504,0.0012058720458298922,0.2538205087184906,0.4717367887496948
3600,2,0.12778541445732117,0.0006786001031287014,0.12828890979290009,0.0,0.0012671991717070341,0.0012649658601731062,0.2592850625514984,0.47591185569763184
3650,2,0.12910695374011993,0.0007259610574692488,0.1276138573884964,0.0,0.0014624567702412605,0.0014601454604417086,0.26036936044692993,0.4801042675971985
3700,2,0.12441255152225494,0.0005913174245506525,0.12490253150463104,0.0,0.0013738854322582483,0.0013737116241827607,0.2526540160179138,0.4749353528022766
3750,2,0.12274305522441864,0.0007884454680606723,0.12300848960876465,0.0,0.0012539946474134922,0.001256743911653757,0.24905072152614594,0.47393572330474854
3800,2,0.12179888784885406,0.0005559644196182489,0.12514163553714752,0.0,0.0010691338684409857,0.001067631528712809,0.24963325262069702,0.47439515590667725
3850,2,0.12448792159557343,0.0006445585750043392,0.12487529963254929,0.0,0.0012873327359557152,0.0012884375173598528,0.2525835633277893,0.4759144186973572
3900,2,0.12358341366052628,0.0007359617738984525,0.12798990309238434,0.0,0.0012726441491395235,0.0012685211841017008,0.2548504173755646,0.47093361616134644
3950,2,0.12512004375457764,0.0006413778755813837,0.12622562050819397,0.0,0.0011751421261578798,0.0011778055923059583,0.2543399930000305,0.47940462827682495
4000,2,0.11948654055595398,0.0006223454838618636,0.12183456122875214,0.0,0.0013410872779786587,0.001341322436928749,0.24462585151195526,0.47704198956489563
4050,2,0.12103734910488129,0.0006379577680490911,0.12141840159893036,0.0,0.0013824141351506114,0.0013829378876835108,0.2458590567111969,0.47568434476852417
4100,2,0.12196364253759384,0.000738372327759862,0.12404074519872665,0.0,0.001093492261134088,0.0010972542222589254,0.24893349409103394,0.47587430477142334
4150,2,0.11963217705488205,0.0006224733078852296,0.12252476811408997,0.0,0.0011490404140204191,0.0011542191496118903,0.24508267641067505,0.47348034381866455
4200,2,0.12057176232337952,0.0006324705900624394,0.12150457501411438,0.0,0.001121095148846507,0.0011224697809666395,0.24495236575603485,0.4717634916305542
4250,2,0.11777003109455109,0.0006023386376909912,0.11873693764209747,0.0,0.0011783045483753085,0.0011766371317207813,0.23946423828601837,0.47162362933158875
4300,2,0.11859463155269623,0.0006685731932520866,0.12046534568071365,0.0,0.0011927849845960736,0.0011916232760995626,0.24211294949054718,0.47378724813461304
4350,2,0.11830408871173859,0.0006589432596229017,0.12127412855625153,0.0,0.0012505855411291122,0.0012471493100747466,0.242734894156456,0.47812366485595703
4400,2,0.11578270047903061,0.0006277705542743206,0.11801600456237793,0.0,0.0010550878942012787,0.001057884655892849,0.23653943836688995,0.46873462200164795
4450,2,0.12397858500480652,0.0005498315440490842,0.1215885728597641,0.0,0.0012798800598829985,0.0012803592253476381,0.24867723882198334,0.47521859407424927
4500,2,0.11771663278341293,0.0006035046535544097,0.11918099224567413,0.0,0.0012225790414959192,0.0012304320698603988,0.2399541437625885,0.47545260190963745
4550,3,0.11747990548610687,0.0005837267963215709,0.11777150630950928,0.0,0.0014100077096372843,0.001409739488735795,0.23865488171577454,0.4737132489681244
4600,3,0.1162441074848175,0.0005449727177619934,0.11539142578840256,0.0,0.0010450861882418394,0.0010466239182278514,0.23427221179008484,0.476178377866745
4650,3,0.11438333243131638,0.0005711147096008062,0.11609625071287155,0.0,0.0010696114040911198,0.0010700654238462448,0.2331903725862503,0.4768403172492981
4700,3,0.11406999826431274,0.0005422218819148839,0.11869947612285614,0.0,0.0012116399593651295,0.001223202794790268,0.23574654757976532,0.47822436690330505
4750,3,0.11377081274986267,0.0005048689199611545,0.11687429994344711,0.0,0.0010495895985513926,0.0010499544441699982,0.2332495152950287,0.4728925824165344
4800,3,0.11500668525695801,0.0005814465694129467,0.11982868611812592,0.0,0.0009730631136335433,0.0009760110406205058,0.23736588656902313,0.47691619396209717
4850,3,0.11871360242366791,0.0006116675212979317,0.12049144506454468,0.0,0.0011519177351146936,0.0011475689243525267,0.24211621284484863,0.4748299717903137
4900,3,0.11336210370063782,0.0006536474102176726,0.11390864849090576,0.0,0.0010660197585821152,0.0010682826396077871,0.2300587147474289,0.47007662057876587
4950,3,0.1151965782046318,0.0006534194108098745,0.1178412064909935,0.0,0.0013170213205739856,0.0013156894128769636,0.23632390797138214,0.47815370559692383
5000,3,0.11447134613990784,0.0005565636674873531,0.11322274804115295,0.0,0.0013140114024281502,0.0013119466602802277,0.2308766096830368,0.47521349787712097
5050,3,0.11318681389093399,0.0005898922681808472,0.11293157935142517,0.0,0.0012320755049586296,0.0012344819260761142,0.22917485237121582,0.47285571694374084
5100,3,0.112614706158638,0.000587732414714992,0.11471973359584808,0.0,0.0013576219789683819,0.0013619993114843965,0.23064179718494415,0.47862252593040466
5150,3,0.11081458628177643,0.0005313855363056064,0.11199311912059784,0.0,0.001210731454193592,0.0012107964139431715,0.22576060891151428,0.4745014011859894
5200,3,0.11098136752843857,0.0005175604019314051,0.11112666130065918,0.0,0.0010976368794217706,0.0011013303883373737,0.22482454776763916,0.4776032269001007
5250,3,0.11163260042667389,0.0004529630532488227,0.110420361161232,0.0,0.0012436802498996258,0.0012424516025930643,0.2249920517206192,0.47755560278892517
5300,3,0.115701824426651,0.0006600249325856566,0.11503562331199646,0.0,0.0011551369680091739,0.00115602754522115,0.23370864987373352,0.4743577837944031
5350,3,0.10850837826728821,0.0005258639575913548,0.1094898208975792,0.0,0.0011989285703748465,0.0011916400399059057,0.22091463208198547,0.4713537096977234
5400,3,0.11294347047805786,0.0005548223271034658,0.11679182201623917,0.0,0.0012168835382908583,0.0012182181235402822,0.23272521793842316,0.47755125164985657
5450,3,0.10944011807441711,0.00048382391105405986,0.11037790775299072,0.0,0.0011953712673857808,0.0011967692989856005,0.22269399464130402,0.47418785095214844
5500,3,0.11048948764801025,0.0005465999711304903,0.11408165097236633,0.0,0.001033283886499703,0.001034421380609274,0.2271854430437088,0.47771716117858887
5550,3,0.10526016354560852,0.0005492531345225871,0.10562936961650848,0.0,0.0010429961839690804,0.0010502937948331237,0.21353207528591156,0.47244441509246826
5600,3,0.10864798724651337,0.0005472978227771819,0.10933509469032288,0.0,0.0011183780152350664,0.0011227848008275032,0.22077155113220215,0.47574084997177124
5650,3,0.11076796799898148,0.0006475320551544428,0.11052387207746506,0.0,0.0011355617316439748,0.0011341046774759889,0.2242090404033661,0.47598737478256226
5700,3,0.10845717042684555,0.0004570655873976648,0.11111032962799072,0.0,0.0012024997267872095,0.0012106839567422867,0.22243773937225342,0.47417140007019043
5750,3,0.10423538088798523,0.0006836822722107172,0.10687825083732605,0.0,0.0013291211798787117,0.0013364674523472786,0.21446290612220764,0.4754359722137451
5800,3,0.10887983441352844,0.0006148878019303083,0.11141479760408401,0.0,0.001079962239600718,0.001081723952665925,0.22307120263576508,0.47927993535995483
5850,3,0.11222510784864426,0.0005967639153823256,0.10932650417089462,0.0,0.0010208808816969395,0.0010217460803687572,0.22419099509716034,0.4772774577140808
5900,3,0.10905125737190247,0.0004957932978868484,0.11087894439697266,0.0,0.0010972456075251102,0.0010999535443261266,0.22262319922447205,0.4772505462169647
5950,3,0.11013339459896088,0.0005968520417809486,0.11038418114185333,0.0,0.0012166807428002357,0.0012296754866838455,0.22356078028678894,0.48076269030570984
6000,3,0.10415980964899063,0.0005258310120552778,0.10754746943712234,0.0,0.0011219203006476164,0.0011238439474254847,0.21447888016700745,0.4695693254470825
6050,3,0.10648511350154877,0.0005279184551909566,0.10772933810949326,0.0,0.0010256157256662846,0.0010342310415580869,0.2168022096157074,0.47387975454330444
6100,3,0.11305070668458939,0.0005201805615797639,0.11163374036550522,0.0,0.001106645679101348,0.0011111665517091751,0.22742243111133575,0.47749942541122437
6150,3,0.11168278753757477,0.00047546482528559864,0.11268898844718933,0.0,0.0010075888130813837,0.0010100724175572395,0.22686490416526794,0.472940593957901
6200,3,0.10329509526491165,0.0004730916698463261,0.10732445865869522,0.0,0.001088517252355814,0.0010952104348689318,0.21327637135982513,0.47179627418518066
6250,3,0.10241779685020447,0.0004825076903216541,0.10150633752346039,0.0,0.0010600704699754715,0.0010638483799993992,0.20653057098388672,0.47547614574432373
6300,3,0.10583566874265671,0.000638393044937402,0.10778559744358063,0.0,0.0013735549291595817,0.0013733400264754891,0.21700654923915863,0.4796504080295563
6350,3,0.10368075966835022,0.0005236011929810047,0.10537800937891006,0.0,0.0010635863291099668,0.0010600242530927062,0.2117059826850891,0.47260239720344543
6400,3,0.10379289090633392,0.0005174262914806604,0.10436401516199112,0.0,0.001141177723184228,0.0011423740070313215,0.21095789968967438,0.4770326614379883
6450,3,0.10255645215511322,0.0004313466197345406,0.10480789095163345,0.0,0.001148078590631485,0.001149540999904275,0.21009330451488495,0.48117661476135254
6500,3,0.10665382444858551,0.0006233955500647426,0.10727567970752716,0.0,0.0012550130486488342,0.0012585767544806004,0.21706649661064148,0.48179173469543457
6550,3,0.10260163247585297,0.0005984636372886598,0.10343652963638306,0.0,0.0011370992287993431,0.0011372244916856289,0.20891094207763672,0.4764905571937561
6600,3,0.10503935813903809,0.0004673778312280774,0.10434446483850479,0.0,0.0010675215162336826,0.0010738540440797806,0.21199257671833038,0.47765159606933594
6650,3,0.10151179879903793,0.0005292933201417327,0.10593613237142563,0.0,0.0011120475828647614,0.0011161700822412968,0.21020545065402985,0.475694477558136
6700,3,0.10422815382480621,0.0005742310313507915,0.10768762975931168,0.0,0.0010679459664970636,0.0010686120949685574,0.21462658047676086,0.4748460650444031
6750,3,0.10258196294307709,0.0005613157991319895,0.10400299727916718,0.0,0.0010391492396593094,0.0010408959351480007,0.2092263251543045,0.4738157093524933
6800,4,0.10127068310976028,0.00047875544987618923,0.10188096016645432,0.0,0.000954583752900362,0.00095915183192119,0.2055441290140152,0.477881520986557
6850,4,0.10306978970766068,0.0006958340527489781,0.10345642268657684,0.0,0.0009635643218643963,0.0009674391476437449,0.20915304124355316,0.47313156723976135
6900,4,0.10526207089424133,0.0005063917487859726,0.10467485338449478,0.0,0.0010515714529901743,0.0010521054500713944,0.21254698932170868,0.47710710763931274
6950,4,0.10036130994558334,0.0004841208574362099,0.10104425996541977,0.0,0.0009991922415792942,0.0010052749421447515,0.20389416813850403,0.46947962045669556
7000,4,0.10182328522205353,0.0005226799985393882,0.1019153743982315,0.0,0.0008231796091422439,0.0008233588305301964,0.20590786635875702,0.47213417291641235
7050,4,0.0983453243970871,0.00045847080764360726,0.10120464116334915,0.0,0.0010971329174935818,0.0011040795361623168,0.20220965147018433,0.4713912308216095
7100,4,0.09927323460578918,0.000548210518900305,0.10321038216352463,0.0,0.0011175510007888079,0.0011218752479180694,0.20527125895023346,0.47422662377357483
7150,4,0.10150597989559174,0.0005435981438495219,0.10279111564159393,0.0,0.0012383254943415523,0.0012392392382025719,0.2073182612657547,0.4798445701599121
7200,4,0.10158971697092056,0.00043622031807899475,0.1009015291929245,0.0,0.0010905286762863398,0.001092354767024517,0.2051103562116623,0.47988957166671753
7250,4,0.09788358211517334,0.00047407764941453934,0.10061384737491608,0.0,0.0010458569740876555,0.0010534768225625157,0.2010708451271057,0.47507619857788086
7300,4,0.09605967253446579,0.00053932931041345,0.10096684098243713,0.0,0.0009287119028158486,0.0009323562262579799,0.19942691922187805,0.4732666015625
7350,4,0.09646410495042801,0.0004548479919321835,0.09765681624412537,0.0,0.00094265938969329,0.0009403934236615896,0.1964588314294815,0.4686606228351593
7400,4,0.10094548016786575,0.0005382508970797062,0.10103118419647217,0.0,0.0010695861419662833,0.001067628851160407,0.20465213060379028,0.47708219289779663
7450,4,0.09874304383993149,0.0004516261687967926,0.1000174805521965,0.0,0.0009923541219905019,0.0009979910682886839,0.20120249688625336,0.47431397438049316
7500,4,0.09910023212432861,0.00047692388761788607,0.10168193280696869,0.0,0.0011575906537473202,0.0011589301284402609,0.20357561111450195,0.47574669122695923
7550,4,0.09628988802433014,0.000472576473839581,0.09613505005836487,0.0,0.0009241057559847832,0.0009257380152121186,0.19474735856056213,0.47069743275642395
7600,4,0.10135212540626526,0.000533057376742363,0.10268894582986832,0.0,0.001087389886379242,0.0010886122472584248,0.20675013959407806,0.4767000675201416
7650,4,0.09808427095413208,0.0004407180822454393,0.09858077764511108,0.0,0.001051588449627161,0.001053754473105073,0.19921110570430756,0.47273311018943787
7700,4,0.09702500700950623,0.0005210054223425686,0.09910950064659119,0.0,0.0010430060792714357,0.0010490135755389929,0.19874753057956696,0.4738117456436157
7750,4,0.10080058872699738,0.00048103893641382456,0.1021958515048027,0.0,0.00111183722037822,0.0011161513393744826,0.205705463886261,0.48008906841278076
7800,4,0.09888376295566559,0.0004990203306078911,0.09661270678043365,0.0,0.0010203929850831628,0.00102024688385427,0.19803611934185028,0.4714592695236206
7850,4,0.09649521112442017,0.00046188096166588366,0.09747486561536789,0.0,0.0009675580076873302,0.000959946948569268,0.19635947048664093,0.4727433919906616
7900,4,0.10190033167600632,0.00044392060954123735,0.10158658027648926,0.0,0.0012459552381187677,0.0012543774209916592,0.20643115043640137,0.4757729470729828
7950,4,0.09982886910438538,0.0005644630873575807,0.10108526051044464,0.0,0.0013481223722919822,0.0013579814694821835,0.20418471097946167,0.4771050214767456
8000,4,0.10388913005590439,0.0005072914063930511,0.1063501387834549,0.0,0.001048928126692772,0.001048893085680902,0.2128443717956543,0.48022526502609253
8050,4,0.09644633531570435,0.00055086356587708,0.09845602512359619,0.0,0.0011348905973136425,0.0011361745418980718,0.19772429764270782,0.47628098726272583
8100,4,0.09551195800304413,0.0006232181331142783,0.09578647464513779,0.0,0.0010860192123800516,0.0010889313416555524,0.19409659504890442,0.47249749302864075
8150,4,0.09450598061084747,0.0005292973946779966,0.09818249195814133,0.0,0.0009419468697160482,0.0009436109685339034,0.19510333240032196,0.4764556288719177
8200,4,0.09533984959125519,0.00046660442603752017,0.09694191068410873,0.0,0.0009754811180755496,0.0009754353086464107,0.19469928741455078,0.47244301438331604
8250,4,0.10179145634174347,0.0004544832045212388,0.10089541971683502,0.0,0.0011269212700426579,0.001133676152676344,0.2054019570350647,0.48224565386772156
8300,4,0.09599244594573975,0.0004940501530654728,0.09371469914913177,0.0,0.0010113315656781197,0.001014356268569827,0.19222688674926758,0.4764738082885742
8350,4,0.09619532525539398,0.00041770172538235784,0.09542596340179443,0.0,0.000849194941110909,0.0008527881000190973,0.19374096393585205,0.47360771894454956
8400,4,0.09453701972961426,0.0004897108883596957,0.09374658018350601,0.0,0.000857416249345988,0.0008607212221249938,0.1904914379119873,0.46984755992889404
8450,4,0.09623830020427704,0.0005714957951568067,0.09707604348659515,0.0,0.0010604539420455694,0.001063049305230379,0.1960093379020691,0.4800358712673187
8500,4,0.09826021641492844,0.0004337419231887907,0.09789519757032394,0.0,0.00097768590785563,0.0009799102554097772,0.19854675233364105,0.47365620732307434
8550,4,0.0913396030664444,0.00044785262434743345,0.09192437678575516,0.0,0.0010119164362549782,0.0010187308071181178,0.18574246764183044,0.47372809052467346
8600,4,0.09646911919116974,0.00048527540639042854,0.0960392951965332,0.0,0.000980723649263382,0.0009843865409493446,0.19495880603790283,0.4786754846572876
8650,4,0.09330471605062485,0.00046824809396639466,0.09716534614562988,0.0,0.0008976832032203674,0.000898132799193263,0.19273412227630615,0.47100692987442017
8700,4,0.09120190143585205,0.00044964090920984745,0.09597671031951904,0.0,0.0008178501739166677,0.0008200780139304698,0.189266175031662,0.4713946580886841
8750,4,0.09476617723703384,0.0005210530944168568,0.09575289487838745,0.0,0.0011053141206502914,0.0011032400652766228,0.1932486891746521,0.4804491102695465
8800,4,0.09407300502061844,0.0005110538331791759,0.09382173418998718,0.0,0.0008490830659866333,0.0008563444716855884,0.1901112049818039,0.4688272476196289
8850,4,0.0911441445350647,0.0005012043984606862,0.09486070275306702,0.0,0.0010438434546813369,0.0010466824751347303,0.18859659135341644,0.47841987013816833
8900,4,0.09485644847154617,0.00048722210340201855,0.09721654653549194,0.0,0.0009641608921810985,0.0009625746752135456,0.19448696076869965,0.4752870798110962
8950,4,0.09687943011522293,0.0004768748767673969,0.09592778980731964,0.0,0.0010901422938331962,0.0010882331989705563,0.19546246528625488,0.4760516285896301
9000,4,0.09445840865373611,0.0004415271687321365,0.09215046465396881,0.0,0.0010000566253438592,0.001002293429337442,0.1890527456998825,0.4789942502975464
9050,5,0.09292874485254288,0.00047856284072622657,0.0942738950252533,0.0,0.00106587924528867,0.0010692509822547436,0.18981632590293884,0.476054310798645
9100,5,0.093314029276371,0.0003940279420930892,0.09374576807022095,0.0,0.0010404711356386542,0.0010432825656607747,0.18953758478164673,0.4772055447101593
9150,5,0.09254799038171768,0.0004693110822699964,0.09483630955219269,0.0,0.0010668681934475899,0.0010669303592294455,0.1899874061346054,0.4756362736225128
9200,5,0.09258872270584106,0.00048562634037807584,0.0933249443769455,0.0,0.0010759251890704036,0.001078963978216052,0.18855418264865875,0.47184234857559204
9250,5,0.09449431300163269,0.0005090232007205486,0.09589532017707825,0.0,0.001043975818902254,0.0010417676530778408,0.19298440217971802,0.47464194893836975
9300,5,0.09330929070711136,0.0004971888847649097,0.09498878568410873,0.0,0.0010289468336850405,0.0010301654692739248,0.19085438549518585,0.4798445701599121
9350,5,0.0928824320435524,0.00047957603237591684,0.09488978981971741,0.0,0.0009508879156783223,0.0009493472753092647,0.19015203416347504,0.4769846796989441
9400,5,0.08959290385246277,0.00044147291919216514,0.090948686003685,0.0,0.000889439950697124,0.0008869632729329169,0.18275946378707886,0.4702974557876587
9450,5,0.08821621537208557,0.0004300786822568625,0.0895947515964508,0.0,0.0007449872209690511,0.0007498972117900848,0.17973592877388,0.4701750874519348
9500,5,0.09181152284145355,0.0004235229571349919,0.09294649958610535,0.0,0.0008920167456381023,0.0008975305827334523,0.18697108328342438,0.477182000875473
9550,5,0.09387887269258499,0.0004696581745520234,0.09111662954092026,0.0,0.0009804541477933526,0.0009846159955486655,0.1874302327632904,0.4673179090023041
9600,5,0.09111897647380829,0.0005573436501435935,0.0941011905670166,0.0,0.0011014260817319155,0.0011008261935785413,0.1879797726869583,0.4769800901412964
9650,5,0.0956987515091896,0.0005706127267330885,0.09394920617341995,0.0,0.0009775579674169421,0.0009821037529036403,0.19217823445796967,0.475410521030426
9700,5,0.09173880517482758,0.0005002030520699918,0.09296687692403793,0.0,0.001077632769010961,0.0010837502777576447,0.1873672604560852,0.4796123206615448
9750,5,0.08747392892837524,0.0004312911769375205,0.09005994349718094,0.0,0.0010704316664487123,0.0010702317813411355,0.18010583519935608,0.477500319480896
9800,5,0.09056039899587631,0.0004640727420337498,0.0898427739739418,0.0,0.0009415111853741109,0.0009514926350675523,0.18276025354862213,0.47914615273475647
9850,5,0.09220720827579498,0.0004296970146242529,0.09160488843917847,0.0,0.0008895561331883073,0.0008953448268584907,0.1860267072916031,0.4713760316371918
9900,5,0.09154091775417328,0.0004798944282811135,0.0928308442234993,0.0,0.0010050346609205008,0.0010062898509204388,0.186862975358963,0.4714566171169281
9950,5,0.0915042832493782,0.0004486298421397805,0.09223808348178864,0.0,0.0008756679017096758,0.0008746824460104108,0.18594133853912354,0.47610658407211304
10000,5,0.08974282443523407,0.0004513307358138263,0.0908365547657013,0.0,0.0008647943031974137,0.000863961991854012,0.18275947868824005,0.4746035933494568
10050,5,0.08932321518659592,0.0004912253352813423,0.09451481699943542,0.0,0.0009149601100943983,0.0009164461516775191,0.18616066873073578,0.47669219970703125
10100,5,0.09241098165512085,0.0004208416794426739,0.09214797616004944,0.0,0.0009729353478178382,0.0009739169618114829,0.18692664802074432,0.47480764985084534
10150,5,0.08499597012996674,0.0004889934789389372,0.09033562242984772,0.0,0.0008877606596797705,0.0008886841242201626,0.1775970309972763,0.4745626449584961
10200,5,0.08930595964193344,0.00044604489812627435,0.09123282134532928,0.0,0.0008756020106375217,0.0008767772815190256,0.18273720145225525,0.47576165199279785
10250,5,0.08941921591758728,0.00046636740444228053,0.09057052433490753,0.0,0.0010661387350410223,0.001061603776179254,0.18258383870124817,0.4727620780467987
10300,5,0.0864810049533844,0.00041184324072673917,0.08991007506847382,0.0,0.001031483756378293,0.001030190847814083,0.17886461317539215,0.47733280062675476
10350,5,0.08631366491317749,0.0004363979969639331,0.08961714059114456,0.0,0.000858303508721292,0.0008572358638048172,0.17808273434638977,0.47109612822532654
10400,5,0.09112359583377838,0.00044314793194644153,0.09180964529514313,0.0,0.0009686161647550762,0.0009665391407907009,0.18531154096126556,0.4725404977798462
10450,5,0.09044186770915985,0.0004915849422104657,0.0938587635755539,0.0,0.0009397226385772228,0.0009408098412677646,0.18667274713516235,0.47289299964904785
10500,5,0.09118005633354187,0.0004675968666560948,0.09161529690027237,0.0,0.0010214017238467932,0.0010232902131974697,0.18530763685703278,0.47343677282333374
10550,5,0.0944434404373169,0.000492732971906662,0.09414505958557129,0.0,0.0010244105942547321,0.0010270288912579417,0.19113267958164215,0.47346174716949463
10600,5,0.09106766432523727,0.00044829017133452,0.09278906881809235,0.0,0.0010219600517302752,0.001024851226247847,0.18635182082653046,0.47786033153533936
10650,5,0.0908651202917099,0.00046371121425181627,0.08918672055006027,0.0,0.0008859539520926774,0.000889431219547987,0.1822909414768219,0.47264397144317627
10700,5,0.0917450338602066,0.0005156687693670392,0.09326639771461487,0.0,0.0009736035717651248,0.000976933166384697,0.18747763335704803,0.4820832312107086
10750,5,0.09090305864810944,0.0004802847979590297,0.09171022474765778,0.0,0.0008925280999392271,0.0008946218295022845,0.18488073348999023,0.4736875891685486
10800,5,0.09002739191055298,0.00043731703772209585,0.08877686411142349,0.0,0.0008148710476234555,0.0008153165690600872,0.18087175488471985,0.4754333794116974
10850,5,0.08808799088001251,0.0004101584490854293,0.08712736517190933,0.0,0.00086300412658602,0.000866624410264194,0.17735514044761658,0.4718639850616455
10900,5,0.08656151592731476,0.00045495384256355464,0.08942091464996338,0.0,0.0009012643713504076,0.000904318003449589,0.17824296653270721,0.4728074073791504
10950,5,0.0890241265296936,0.00042904276051558554,0.09218896180391312,0.0,0.0008518171962350607,0.0008474751957692206,0.18334142863750458,0.4702322781085968
11000,5,0.08690132200717926,0.0005170469521544874,0.0890100821852684,0.0,0.0010155986528843641,0.0010282561415806413,0.17847231030464172,0.47075220942497253
11050,5,0.08642145246267319,0.00039452288183383644,0.08986237645149231,0.0,0.0007679656846448779,0.000769980950281024,0.17821630835533142,0.47006112337112427
11100,5,0.08567863702774048,0.00039279984775930643,0.08564373850822449,0.0,0.0008742293575778604,0.0008728580432944,0.17346225678920746,0.47529494762420654
11150,5,0.08797291666269302,0.000430718413554132,0.0870835930109024,0.0,0.0009204882080666721,0.0009258452337235212,0.1773335486650467,0.46821340918540955
11200,5,0.08508890867233276,0.0004504458629526198,0.08646564930677414,0.0,0.0008146589389070868,0.0008170186192728579,0.17363667488098145,0.4728981852531433
11250,5,0.0874483734369278,0.0005228315130807459,0.08908017724752426,0.0,0.0008562407456338406,0.0008588741766288877,0.17876648902893066,0.471563458442688
11300,6,0.08931411802768707,0.000464203127194196,0.08799329400062561,0.0,0.0008594706887379289,0.0008627779316157103,0.17949385941028595,0.4769475758075714
11350,6,0.09095761924982071,0.0004727575578726828,0.08929070830345154,0.0,0.0009311270550824702,0.0009316171053797007,0.18258382380008698,0.47771579027175903
11400,6,0.0863543376326561,0.00045106763718649745,0.08786898106336594,0.0,0.0008237579604610801,0.0008241113391704857,0.17632226645946503,0.470211386680603
11450,6,0.0869852676987648,0.0004253135120961815,0.08819004893302917,0.0,0.0008298318134620786,0.0008340905187651515,0.17726455628871918,0.4768584966659546
11500,6,0.0854405015707016,0.0004391794209368527,0.08597157150506973,0.0,0.0008232245454564691,0.000825515016913414,0.17349998652935028,0.47459709644317627
11550,6,0.08668940514326096,0.000504370080307126,0.09015599638223648,0.0,0.0009052490349858999,0.0009087427752092481,0.17916376888751984,0.4758620858192444
11600,6,0.08675891160964966,0.0004994632909074426,0.0863664448261261,0.0,0.0009222188382409513,0.0009286856511607766,0.17547571659088135,0.47474926710128784
11650,6,0.08795700967311859,0.00047487180563621223,0.08876463770866394,0.0,0.0009322826517745852,0.0009356029913760722,0.17906440794467926,0.47614341974258423
11700,6,0.0848507359623909,0.0004506834375206381,0.08773720264434814,0.0,0.0008360014762729406,0.0008344436064362526,0.17470908164978027,0.4725279211997986
11750,6,0.08559514582157135,0.0004152799374423921,0.08663014322519302,0.0,0.0009143301867879927,0.0009245685068890452,0.17447945475578308,0.47840648889541626
11800,6,0.08652913570404053,0.0004187389858998358,0.0884590670466423,0.0,0.00080377038102597,0.0008040141547098756,0.17701472342014313,0.4746972918510437
11850,6,0.08501651138067245,0.0004033781006000936,0.08942088484764099,0.0,0.0007943629752844572,0.0007960496004670858,0.17643119394779205,0.47312426567077637
11900,6,0.08493820577859879,0.00044455419993028045,0.08464666455984116,0.0,0.000831804471090436,0.0008335810271091759,0.171694815158844,0.475898802280426
11950,6,0.08527906239032745,0.0004118529031984508,0.0887673869729042,0.0,0.0009090121602639556,0.0009083697223104537,0.17627567052841187,0.4750577509403229
12000,6,0.08424228429794312,0.00042751149157993495,0.085442453622818,0.0,0.0008972882060334086,0.000900577288120985,0.1719101220369339,0.47550180554389954
12050,6,0.08527305722236633,0.00043052976252511144,0.08521617949008942,0.0,0.0008346333052031696,0.0008387367706745863,0.1725931465625763,0.47351235151290894
12100,6,0.0837443545460701,0.0004668798064813018,0.08636198937892914,0.0,0.0007546358974650502,0.0007582189282402396,0.17208608984947205,0.4714924097061157
12150,6,0.082235187292099,0.00043885313789360225,0.08498340100049973,0.0,0.00084004329983145,0.0008397693745791912,0.16933724284172058,0.46958404779434204
12200,6,0.08603852987289429,0.0004288271884433925,0.08800569176673889,0.0,0.0008644869085401297,0.0008639528532512486,0.1762014925479889,0.4752752482891083
12250,6,0.0843762755393982,0.0004244212177582085,0.08618120104074478,0.0,0.0008654493722133338,0.0008722421480342746,0.17271959781646729,0.47273898124694824
12300,6,0.0845152884721756,0.0004075199831277132,0.08568625897169113,0.0,0.0007881886558607221,0.0007880363846197724,0.1721852868795395,0.4724293053150177
12350,6,0.08473952114582062,0.0004527574928943068,0.0871587023139,0.0,0.0008377470658160746,0.0008439606754109263,0.17403268814086914,0.4726381003856659
12400,6,0.08459129184484482,0.0004430224362295121,0.08630162477493286,0.0,0.0009085134952329099,0.0009100533206947148,0.17315450310707092,0.47287625074386597
12450,6,0.08699336647987366,0.0004593093763105571,0.08751015365123749,0.0,0.0007635513320565224,0.0007649544859305024,0.17649132013320923,0.4695797562599182
12500,6,0.08426297456026077,0.00044219274423085153,0.08483384549617767,0.0,0.0007365892524830997,0.0007364297052845359,0.1710120290517807,0.470501571893692
12550,6,0.08862785249948502,0.000445739075075835,0.08717822283506393,0.0,0.0009689641883596778,0.0009738002554513514,0.1781945824623108,0.48018524050712585
12600,6,0.08800214529037476,0.0005225066561251879,0.08697160333395004,0.0,0.0008798065246082842,0.0008810014696791768,0.17725706100463867,0.47123435139656067
12650,6,0.08639615774154663,0.0004627943562809378,0.0824396163225174,0.0,0.00082751689478755,0.0008298386819660664,0.17095591127872467,0.4734437167644501
12700,6,0.08267734944820404,0.0005031246691942215,0.08341015130281448,0.0,0.0008193243993446231,0.0008197844144888222,0.16822974383831024,0.4733962416648865
12750,6,0.0836486741900444,0.0004819523892365396,0.08472134917974472,0.0,0.00087368069216609,0.0008740085177123547,0.17059965431690216,0.4721176028251648
12800,6,0.08572155237197876,0.00047899538185447454,0.08738850057125092,0.0,0.0008352135773748159,0.0008366769179701805,0.17526094615459442,0.4814837872982025
12850,6,0.08432112634181976,0.0004267957992851734,0.08452841639518738,0.0,0.0008294381550513208,0.0008260445902124047,0.1709318310022354,0.47043830156326294
12900,6,0.08292228728532791,0.00044590007746592164,0.08680009841918945,0.0,0.0007855554576963186,0.0007947024423629045,0.17174853384494781,0.4735862612724304
12950,6,0.08530724048614502,0.000417804520111531,0.08517533540725708,0.0,0.0007886813837103546,0.0007898673648014665,0.17247892916202545,0.4706091284751892
13000,6,0.08406580984592438,0.00040812173392623663,0.08706215769052505,0.0,0.0007967451820150018,0.0008033229969441891,0.1731361597776413,0.47802263498306274
13050,6,0.08155675232410431,0.0004397598095238209,0.08487455546855927,0.0,0.0007927719270810485,0.0007961043156683445,0.168459951877594,0.47489166259765625
13100,6,0.08387249708175659,0.00035933766048401594,0.08546604961156845,0.0,0.0006982819177210331,0.0006998165627010167,0.17109598219394684,0.473538339138031
13150,6,0.08371036499738693,0.00043515709694474936,0.08615769445896149,0.0,0.0007502352236770093,0.0007525813416577876,0.17180603742599487,0.46760910749435425
13200,6,0.0855717658996582,0.00044417695607990026,0.0850767195224762,0.0,0.0007267527980729938,0.000727290753275156,0.17254669964313507,0.47277188301086426
13250,6,0.08323115110397339,0.00042909488547593355,0.08551803976297379,0.0,0.0008371140575036407,0.0008383146487176418,0.17085370421409607,0.47540318965911865
13300,6,0.08622685074806213,0.0005037869559600949,0.08791093528270721,0.0,0.0009609610424377024,0.0009613866568543017,0.17656393349170685,0.47566714882850647
13350,6,0.08259604871273041,0.0004510212456807494,0.08410587906837463,0.0,0.0009209344862028956,0.00092558772303164,0.16899946331977844,0.47354656457901
13400,6,0.08182236552238464,0.0004197706002742052,0.08554285019636154,0.0,0.0007705509196966887,0.0007741161971352994,0.1693296581506729,0.4695318639278412
13450,6,0.08104415237903595,0.0005155496182851493,0.08374111354351044,0.0,0.0009350145701318979,0.0009367539314553142,0.16717258095741272,0.47081586718559265
13500,6,0.07988843321800232,0.00043394090607762337,0.08236010372638702,0.0,0.0007055244059301913,0.0007077160989865661,0.1640957146883011,0.46711570024490356
13550,7,0.08458619564771652,0.000346556946169585,0.08305525779724121,0.0,0.0008490650216117501,0.0008524598670192063,0.16968952119350433,0.47142064571380615
13600,7,0.08534567803144455,0.0003578985342755914,0.08165393024682999,0.0,0.0009259546641260386,0.0009266564156860113,0.16921012103557587,0.4760195016860962
13650,7,0.08014687150716782,0.00042983819730579853,0.08256395906209946,0.0,0.0007791846874170005,0.0007807328947819769,0.16470058262348175,0.4758078157901764
13700,7,0.08101695775985718,0.0004636796365957707,0.08320102840662003,0.0,0.0006884774775244296,0.0006889153155498207,0.16605906188488007,0.4735909402370453
13750,7,0.08248153328895569,0.0004413907299749553,0.08177801966667175,0.0,0.0009033044334501028,0.0009030097862705588,0.16650725901126862,0.4745659828186035
13800,7,0.08416248857975006,0.0004056942998431623,0.0847887247800827,0.0,0.0009445134783163667,0.0009464934701099992,0.1712479144334793,0.4733462929725647
13850,7,0.08044449239969254,0.000382193858968094,0.08324355632066727,0.0,0.0007222635322250426,0.0007275434909388423,0.1655200570821762,0.472957968711853
13900,7,0.08262941241264343,0.0003845643950626254,0.08107517659664154,0.0,0.0007268455228768289,0.000727691687643528,0.16554367542266846,0.4693484306335449
13950,7,0.08238916099071503,0.00040216141496784985,0.08312974125146866,0.0,0.0008963037980720401,0.0008982970612123609,0.1677156686782837,0.4766431748867035
14000,7,0.07976128160953522,0.00044890595017932355,0.08306202292442322,0.0,0.000902057159692049,0.0009003556333482265,0.16507461667060852,0.47383618354797363
14050,7,0.08238694816827774,0.0004577627987600863,0.07907602190971375,0.0,0.000767492048908025,0.0007671313942410052,0.16345535218715668,0.4756294786930084
14100,7,0.08250727504491806,0.00039931683568283916,0.08725040405988693,0.0,0.000748942606151104,0.0007503158412873745,0.17165625095367432,0.47282180190086365
14150,7,0.08221719413995743,0.0003977719461545348,0.08441272377967834,0.0,0.0007629988249391317,0.0007611051551066339,0.16855178773403168,0.4706050753593445
14200,7,0.08308570086956024,0.00040894042467698455,0.08194372802972794,0.0,0.0008560935966670513,0.0008557392284274101,0.16715019941329956,0.4739946722984314
14250,7,0.08163917064666748,0.0004511559382081032,0.08374350517988205,0.0,0.0007802509935572743,0.0007856821175664663,0.16739976406097412,0.47427892684936523
14300,7,0.08337114006280899,0.0004044317756779492,0.08163636177778244,0.0,0.0008330077398568392,0.000834057223983109,0.16707900166511536,0.47082260251045227
14350,7,0.08156785368919373,0.0003975809086114168,0.08304783701896667,0.0,0.0007431763806380332,0.0007449279073625803,0.16650137305259705,0.4719753861427307
14400,7,0.07943009585142136,0.0004469099221751094,0.08203041553497314,0.0,0.000750624923966825,0.0007530066068284214,0.16341105103492737,0.4725559949874878
14450,7,0.08489400148391724,0.00043782053398899734,0.08547905087471008,0.0,0.0008445504354313016,0.000845761620439589,0.17250119149684906,0.47263994812965393
14500,7,0.08167840540409088,0.0003969637327827513,0.08283010125160217,0.0,0.000702449819073081,0.000701368844602257,0.16630929708480835,0.47122806310653687
14550,7,0.0806853175163269,0.00045974456588737667,0.083555668592453,0.0,0.0008136379765346646,0.0008209616644307971,0.166335329413414,0.47111421823501587
14600,7,0.08040478825569153,0.0004167811421211809,0.08292654901742935,0.0,0.0007968071149662137,0.0007993961917236447,0.16534431278705597,0.47747695446014404
14650,7,0.079527348279953,0.0004284281167201698,0.08220095932483673,0.0,0.0007186370203271508,0.0007239870028570294,0.16359935700893402,0.47174280881881714
14700,7,0.08442666381597519,0.0004224667209200561,0.08537217229604721,0.0,0.0008197893621399999,0.0008229796076193452,0.17186406254768372,0.4675041437149048
14750,7,0.0796678438782692,0.0004165860009379685,0.08098991960287094,0.0,0.0007382209878414869,0.0007386071374639869,0.1625511646270752,0.46996888518333435
14800,7,0.08183208107948303,0.0004126981948502362,0.08310821652412415,0.0,0.0007182802073657513,0.0007182644912973046,0.16678954660892487,0.47242116928100586
14850,7,0.07810593396425247,0.0004436039016582072,0.08045002818107605,0.0,0.0007356757996603847,0.0007349487859755754,0.16047018766403198,0.47229859232902527
14900,7,0.08189387619495392,0.00042688794201239944,0.08028233051300049,0.0,0.0007778040017001331,0.0007806092617101967,0.16416150331497192,0.4734342694282532
14950,7,0.08047253638505936,0.00033236166927963495,0.08073905855417252,0.0,0.0007551720482297242,0.0007557590724900365,0.16305489838123322,0.47407788038253784
15000,7,0.08038242906332016,0.00044862154754810035,0.0797993391752243,0.0,0.0007814794662408531,0.0007801773026585579,0.16219204664230347,0.46784675121307373
15050,7,0.07701088488101959,0.0004898334154859185,0.07912702858448029,0.0,0.0007111008744686842,0.0007121978560462594,0.1580510437488556,0.4700486660003662
15100,7,0.08006881922483444,0.000392475223634392,0.08232937008142471,0.0,0.0007488001137971878,0.0007512110169045627,0.1642906665802002,0.4757440686225891
15150,7,0.07942505180835724,0.0004341393942013383,0.07882372289896011,0.0,0.0009415687527507544,0.000940586207434535,0.1605650633573532,0.47337836027145386
15200,7,0.08113608509302139,0.00040331511991098523,0.08303846418857574,0.0,0.0008908567251637578,0.0008933926583267748,0.16636212170124054,0.47178858518600464
15250,7,0.08197024464607239,0.0004728299973066896,0.08379444479942322,0.0,0.0007025914383120835,0.0007005495717749,0.16764065623283386,0.467936635017395
15300,7,0.07780550420284271,0.00039472972275689244,0.08223232626914978,0.0,0.0007818441372364759,0.0007851781556382775,0.16199958324432373,0.4723997116088867
15350,7,0.08294757455587387,0.0003775779332499951,0.08242228627204895,0.0,0.0006504130433313549,0.0006489647785201669,0.16704681515693665,0.46888136863708496
15400,7,0.07850205898284912,0.00040904205525293946,0.08023315668106079,0.0,0.0007393999840132892,0.0007370841922238469,0.16062073409557343,0.46866148710250854
15450,7,0.0788501724600792,0.00040453451219946146,0.08259197324514389,0.0,0.0007165768765844405,0.0007158539956435561,0.16327911615371704,0.4690117835998535
15500,7,0.07854168117046356,0.00041657668771222234,0.07806508243083954,0.0,0.0007463917136192322,0.0007507394184358418,0.15852047502994537,0.46793386340141296
15550,7,0.079794742166996,0.00047305788029916584,0.08128510415554047,0.0,0.0007866477826610208,0.0007865470834076405,0.16312609612941742,0.47159600257873535
15600,7,0.08026489615440369,0.0003659516223706305,0.08342038094997406,0.0,0.0006972755072638392,0.0006957852747291327,0.1654442995786667,0.4707224667072296
15650,7,0.08342915773391724,0.0004494200984481722,0.08241848647594452,0.0,0.0009148206445388496,0.0009236510377377272,0.16813553869724274,0.47242259979248047
15700,7,0.08159735053777695,0.00046291673788800836,0.08360185474157333,0.0,0.0009539094753563404,0.0009484998299740255,0.1675645411014557,0.46884146332740784
15750,7,0.0762963742017746,0.0005030197789892554,0.07936132699251175,0.0,0.0007101631490513682,0.0007101564551703632,0.15758103132247925,0.47581103444099426
15800,8,0.0772632583975792,0.00044500787043944,0.08080185949802399,0.0,0.0008023430709727108,0.0008037240477278829,0.16011618077754974,0.47118017077445984
15850,8,0.0772906243801117,0.0003971009864471853,0.07694154232740402,0.0,0.0008429976878687739,0.0008421266102232039,0.15631438791751862,0.46562662720680237
15900,8,0.07744122296571732,0.0003598536422941834,0.08001681417226791,0.0,0.0006572009297087789,0.0006578317261300981,0.1591329276561737,0.470337450504303
15950,8,0.0792621448636055,0.0003696111962199211,0.08282437175512314,0.0,0.0006660632789134979,0.000667032552883029,0.16378922760486603,0.47223153710365295
16000,8,0.07990311086177826,0.0005080985138192773,0.08229880779981613,0.0,0.0008441240061074495,0.0008429305162280798,0.16439706087112427,0.4773440361022949
16050,8,0.07818809151649475,0.00041809113463386893,0.08163027465343475,0.0,0.0007497837068513036,0.0007499528583139181,0.16173619031906128,0.4751495122909546
16100,8,0.08115768432617188,0.00042426041909493506,0.0808701366186142,0.0,0.0008952998905442655,0.0008988573681563139,0.16424623131752014,0.4780910015106201
16150,8,0.08095376938581467,0.00044510094448924065,0.08103214204311371,0.0,0.0007323886966332793,0.0007331421365961432,0.16389653086662292,0.47339245676994324
16200,8,0.07926824688911438,0.0004209119942970574,0.07791320234537125,0.0,0.0007240866543725133,0.0007270894129760563,0.15905354917049408,0.47204700112342834
16250,8,0.0772949829697609,0.00036022800486534834,0.07811904698610306,0.0,0.0006598065374419093,0.0006647429545409977,0.15709881484508514,0.47294139862060547
16300,8,0.07829592376947403,0.0003653840103652328,0.077784463763237,0.0,0.0008050877950154245,0.0008052200428210199,0.1580560803413391,0.47195494174957275
16350,8,0.07988095283508301,0.00045856426004320383,0.08108038455247879,0.0,0.0007607550360262394,0.0007595280767418444,0.16294017434120178,0.47628313302993774
16400,8,0.07960972189903259,0.0003886527265422046,0.07831095904111862,0.0,0.0006935943965800107,0.0006947582587599754,0.15969769656658173,0.4652271866798401
16450,8,0.07821473479270935,0.00040763424476608634,0.07878535240888596,0.0,0.0007074158056639135,0.0007056543254293501,0.15882080793380737,0.4730631113052368
16500,8,0.0795229971408844,0.00042636177386157215,0.0811392143368721,0.0,0.0008542140712961555,0.000853572622872889,0.16279636323451996,0.47122275829315186
16550,8,0.07916200160980225,0.00036208287929184735,0.07962522655725479,0.0,0.0008573152590543032,0.0008605690090917051,0.16086719930171967,0.47464218735694885
16600,8,0.07567424327135086,0.00042278890032321215,0.07804037630558014,0.0,0.0006842822185717523,0.0006865030154585838,0.15550819039344788,0.47314250469207764
16650,8,0.07853934168815613,0.0004046880640089512,0.07969304919242859,0.0,0.0006964522763155401,0.000698877265676856,0.16003240644931793,0.475051611661911
16700,8,0.0782373771071434,0.00043229968287050724,0.08080397546291351,0.0,0.0007681899005547166,0.0007666228921152651,0.16100847721099854,0.4698917865753174
16750,8,0.07633788883686066,0.00040451035602018237,0.08140294998884201,0.0,0.0007660096161998808,0.0007669417536817491,0.15967829525470734,0.4749920964241028
16800,8,0.0805809497833252,0.00039955441025085747,0.07669633626937866,0.0,0.0009177708416245878,0.0009221761720255017,0.15951679646968842,0.4750892221927643
16850,8,0.07788987457752228,0.00038950357702560723,0.0794961154460907,0.0,0.000815356383100152,0.0008178404532372952,0.15940868854522705,0.47378331422805786
16900,8,0.07988882809877396,0.00036292930599302053,0.08061385154724121,0.0,0.0007430450641550124,0.0007434588624164462,0.16235211491584778,0.4760807752609253
16950,8,0.07822249829769135,0.000408909167163074,0.07871534675359726,0.0,0.000691852590534836,0.0006934303091838956,0.15873204171657562,0.4766075611114502
17000,8,0.08009561151266098,0.0004206204612273723,0.08017754554748535,0.0,0.0006701902020722628,0.0006685504340566695,0.16203251481056213,0.47295308113098145
17050,8,0.08169180154800415,0.0004211759951431304,0.08168704062700272,0.0,0.0006413069786503911,0.0006388290785253048,0.16508014500141144,0.4707014560699463
17100,8,0.07989101111888885,0.00036599108716472983,0.07861621677875519,0.0,0.0007739050779491663,0.00077488599345088,0.16042201220989227,0.4756363034248352
17150,8,0.07741201668977737,0.00036912618088535964,0.08201391249895096,0.0,0.0007786097703501582,0.0007798805017955601,0.16135354340076447,0.47271788120269775
17200,8,0.08063128590583801,0.0004234215593896806,0.07948245108127594,0.0,0.0006949333474040031,0.0006971859838813543,0.16192927956581116,0.47337275743484497
17250,8,0.07835890352725983,0.0003756003570742905,0.07806183397769928,0.0,0.0006890090880915523,0.0006890277145430446,0.15817436575889587,0.4740099310874939
17300,8,0.07752673327922821,0.00037749746115878224,0.08040466904640198,0.0,0.000662549224216491,0.000663444516249001,0.15963488817214966,0.4707551598548889
17350,8,0.07801203429698944,0.0004197813104838133,0.08059437572956085,0.0,0.0007391280960291624,0.0007384986383840442,0.1605038195848465,0.4736490249633789
17400,8,0.07723964005708694,0.0004332530661486089,0.07794263958930969,0.0,0.0007578509394079447,0.0007600310491397977,0.15713341534137726,0.47389695048332214
17450,8,0.077375128865242,0.0003994824946857989,0.07925469428300858,0.0,0.0008041578694246709,0.0008024870185181499,0.1586359441280365,0.4765927195549011
17500,8,0.07675978541374207,0.00041059701470658183,0.07988951355218887,0.0,0.0006281364476308227,0.0006270346930250525,0.15831506252288818,0.4672088027000427
17550,8,0.07751194387674332,0.0004268807824701071,0.07641518861055374,0.0,0.0007403467316180468,0.0007408153032884002,0.15583516657352448,0.4726719856262207
17600,8,0.07978421449661255,0.0004157695220783353,0.0804237648844719,0.0,0.0008027390576899052,0.0008043276611715555,0.16223081946372986,0.4739934802055359
17650,8,0.0774085521697998,0.00040835389518179,0.07740135490894318,0.0,0.0006524074706248939,0.0006514157284982502,0.15652208030223846,0.4713260531425476
17700,8,0.07991692423820496,0.00038391302223317325,0.08071538805961609,0.0,0.000607395835686475,0.0006036362610757351,0.16222725808620453,0.47451627254486084
17750,8,0.07697165012359619,0.000393986061681062,0.07772700488567352,0.0,0.0007171972538344562,0.000716426526196301,0.15652626752853394,0.47197914123535156
17800,8,0.07766921073198318,0.00037585533573292196,0.07932741940021515,0.0,0.0006878382991999388,0.0006874888204038143,0.1587478071451187,0.4734734892845154
17850,8,0.07568615674972534,0.0004457195464055985,0.07921648770570755,0.0,0.0006612120196223259,0.0006636081961914897,0.15667317807674408,0.4702112078666687
17900,8,0.07728015631437302,0.00040720560355111957,0.07795578986406326,0.0,0.00066361203789711,0.0006630403804592788,0.1569698005914688,0.4656826853752136
17950,8,0.07946405559778214,0.0004764092154800892,0.07951638102531433,0.0,0.0011376822367310524,0.0011399295181035995,0.1617344617843628,0.4737141728401184
18000,8,0.07708631455898285,0.0006118720048107207,0.08169404417276382,0.0,0.0008597382693551481,0.0008607317577116191,0.1611127108335495,0.47447726130485535
18050,9,0.07642492651939392,0.000434410001616925,0.07845598459243774,0.0,0.0009067940409295261,0.0009074971312656999,0.15712961554527283,0.4764961302280426
18100,9,0.0749916359782219,0.00044464028906077147,0.08013969659805298,0.0,0.0007716211257502437,0.0007741591543890536,0.15712176263332367,0.4759531617164612
18150,9,0.07550086826086044,0.0004273054073564708,0.08057592809200287,0.0,0.0006355110090225935,0.0006356248632073402,0.15777522325515747,0.4737709164619446
18200,9,0.07508784532546997,0.0004120145458728075,0.07932493835687637,0.0,0.0006649434217251837,0.000666883192025125,0.15615661442279816,0.4735456705093384
18250,9,0.07880697399377823,0.00034516543382778764,0.08048290759325027,0.0,0.0007021009223535657,0.0007045180536806583,0.16104166209697723,0.4736414849758148
18300,9,0.07862655073404312,0.00046033348189666867,0.0775454193353653,0.0,0.0008223570184782147,0.0008220811141654849,0.1582767367362976,0.47334444522857666
18350,9,0.07773871719837189,0.0003873117093462497,0.07649710774421692,0.0,0.000679160701110959,0.0006818650290369987,0.15598416328430176,0.4716767370700836
18400,9,0.07572751492261887,0.00039608730003237724,0.07522475719451904,0.0,0.0007683136500418186,0.000774899497628212,0.15289156138896942,0.471962571144104
18450,9,0.07853645831346512,0.0004617049708031118,0.07860487699508667,0.0,0.0006356224184855819,0.0006367989117279649,0.1588754653930664,0.46823650598526
18500,9,0.07814839482307434,0.00036349461879581213,0.07819660753011703,0.0,0.0006633708253502846,0.0006689814617857337,0.158040851354599,0.4743698835372925
18550,9,0.07580238580703735,0.00043700766400434077,0.07711318880319595,0.0,0.0007260963902808726,0.0007252116920426488,0.15480390191078186,0.473479688167572
18600,9,0.07444610446691513,0.0004527296987362206,0.07745213061571121,0.0,0.0006647414993494749,0.0006641406798735261,0.15367984771728516,0.47158747911453247
18650,9,0.07734764367341995,0.0004707735497504473,0.07830362021923065,0.0,0.0006742117111571133,0.0006767091108486056,0.15747295320034027,0.47651150822639465
18700,9,0.07530181109905243,0.00037918498856015503,0.07773025333881378,0.0,0.0007373046828433871,0.0007408728124573827,0.15488941967487335,0.4716918468475342
18750,9,0.07357048988342285,0.0003957935841754079,0.07584406435489655,0.0,0.0006525757489725947,0.000652641523629427,0.1511155664920807,0.47103139758110046
18800,9,0.0784725546836853,0.00044050137512385845,0.08037993311882019,0.0,0.0007353420951403677,0.0007380518363788724,0.1607663929462433,0.4707006514072418
18850,9,0.07787087559700012,0.00041010716813616455,0.07871585339307785,0.0,0.0006950699025765061,0.0006998811149969697,0.1583918035030365,0.4707459807395935
18900,9,0.07670175284147263,0.0004622853302862495,0.07549553364515305,0.0,0.000709831714630127,0.0007104231044650078,0.15407982468605042,0.4699136018753052
18950,9,0.07403043657541275,0.00044125679414719343,0.07815736532211304,0.0,0.0007197660743258893,0.0007231003837659955,0.15407191216945648,0.4691622853279114
19000,9,0.07418626546859741,0.0004142001853324473,0.07602386176586151,0.0,0.0006448288331739604,0.0006443217862397432,0.15191347897052765,0.4748048484325409
19050,9,0.0754375234246254,0.00036101386649534106,0.07903783768415451,0.0,0.0007084912504069507,0.0007108849240466952,0.15625575184822083,0.4736465513706207
19100,9,0.07739489525556564,0.0004048264236189425,0.08162315934896469,0.0,0.0008424487896263599,0.0008454128983430564,0.16111072897911072,0.47788989543914795
19150,9,0.07287328690290451,0.00036277499748393893,0.0754203274846077,0.0,0.0006951597752049565,0.0006986915832385421,0.15005025267601013,0.47270554304122925
19200,9,0.07586079090833664,0.00040425959741696715,0.07840586453676224,0.0,0.0007315243710763752,0.0007307135965675116,0.15613315999507904,0.4682181775569916
19250,9,0.0733843743801117,0.0003953808918595314,0.07462741434574127,0.0,0.0006029300857335329,0.0006044645560905337,0.14961455762386322,0.47146499156951904
19300,9,0.07611827552318573,0.0003686290583573282,0.07439188659191132,0.0,0.0006454864051192999,0.0006461789598688483,0.15217044949531555,0.4749106168746948
19350,9,0.07331927865743637,0.00040815467946231365,0.07546908408403397,0.0,0.0007236271630972624,0.0007272036746144295,0.1506473571062088,0.47476857900619507
19400,9,0.07407994568347931,0.0003689856093842536,0.07900623977184296,0.0,0.0007370623643510044,0.0007353386608883739,0.1549275666475296,0.4724063575267792
19450,9,0.07545913755893707,0.0003885972546413541,0.07499946653842926,0.0,0.0007121668313629925,0.0007136549102142453,0.1522730141878128,0.47251325845718384
19500,9,0.07771046459674835,0.0004068407288286835,0.07705728709697723,0.0,0.0006549685494974256,0.0006558349123224616,0.1564853936433792,0.4721837639808655
19550,9,0.0744955763220787,0.000358523364411667,0.07804186642169952,0.0,0.0006180221680551767,0.0006187584949657321,0.15413273870944977,0.4727620482444763
19600,9,0.07320509850978851,0.0003848936758004129,0.07770689576864243,0.0,0.0007134989136829972,0.000717801449354738,0.15272818505764008,0.4717438817024231
19650,9,0.07521867752075195,0.0003972548001911491,0.0762043297290802,0.0,0.0006451969966292381,0.0006432359223254025,0.15310870110988617,0.46838104724884033
19700,9,0.07131636142730713,0.000330998154822737,0.07550056278705597,0.0,0.0005947188474237919,0.000593491131439805,0.14833612740039825,0.4677639603614807
19750,9,0.0759819746017456,0.0004113488830626011,0.07781486213207245,0.0,0.0007352398824878037,0.0007361918687820435,0.1556796133518219,0.4731227159500122
19800,9,0.07458633184432983,0.00037851405795663595,0.0769944041967392,0.0,0.0007435784209519625,0.0007465507369488478,0.15344937145709991,0.47518229484558105
19850,9,0.07769961655139923,0.0003724326379597187,0.07639752328395844,0.0,0.0006812410429120064,0.0006802650168538094,0.15583108365535736,0.4729577898979187
19900,9,0.07472903281450272,0.00039065314922481775,0.07589741051197052,0.0,0.0007041526841931045,0.00070600351318717,0.15242725610733032,0.4705447554588318
19950,9,0.07334590703248978,0.00042528961785137653,0.07794327288866043,0.0,0.0005951767088845372,0.0005956905661150813,0.15290534496307373,0.4685062766075134
20000,9,0.07347634434700012,0.0004277110565453768,0.0780244693160057,0.0,0.0006776064983569086,0.0006786648882552981,0.15328478813171387,0.4721909165382385
20050,9,0.07380887120962143,0.000410454289522022,0.07513002306222916,0.0,0.0006525396020151675,0.0006536842556670308,0.1506555676460266,0.4678577780723572
20100,9,0.07208693772554398,0.0004202164418529719,0.07484705001115799,0.0,0.0006622457876801491,0.000662420061416924,0.14867886900901794,0.46668916940689087
20150,9,0.07446180284023285,0.0004663412692025304,0.07750902324914932,0.0,0.0006830384954810143,0.0006826510652899742,0.15380285680294037,0.47013747692108154
20200,9,0.0740620344877243,0.0004800955648534,0.07241031527519226,0.0,0.0006622743094339967,0.0006580820772796869,0.1482728123664856,0.46901726722717285
20250,9,0.07758800685405731,0.0003929821541532874,0.07583355903625488,0.0,0.0007570263696834445,0.000757917994633317,0.15532949566841125,0.47578978538513184
20300,9,0.07605800777673721,0.0004154755733907223,0.07822124660015106,0.0,0.0007049042033031583,0.0007071412401273847,0.15610678493976593,0.4763539135456085
20350,10,0.07356692850589752,0.0004099163634236902,0.07619599252939224,0.0,0.0005994111998006701,0.0006034059915691614,0.1513756513595581,0.46833813190460205
20400,10,0.07420843839645386,0.0004052171716466546,0.07884231954813004,0.0,0.0006612241850234568,0.0006631269934587181,0.1547803282737732,0.47410303354263306
20450,10,0.07364493608474731,0.00039938377449288964,0.07302199304103851,0.0,0.0006637847982347012,0.0006641320651397109,0.14839422702789307,0.4689359664916992
20500,10,0.0723164901137352,0.00038734308327548206,0.07460461556911469,0.0,0.0006577189778909087,0.0006582735804840922,0.14862443506717682,0.47363126277923584
20550,10,0.07380951941013336,0.0003411946527194232,0.07621327042579651,0.0,0.0006165084196254611,0.0006187997641973197,0.15159928798675537,0.4759317636489868
20600,10,0.07436124980449677,0.00036036159144714475,0.07591701298952103,0.0,0.0006548714591190219,0.0006619330961257219,0.15195542573928833,0.4749009609222412
20650,10,0.0759332999587059,0.00033192260889336467,0.0743497759103775,0.0,0.0006808097823522985,0.0006819711998105049,0.1519777923822403,0.4698525369167328
20700,10,0.07677318155765533,0.0004133021575398743,0.08032294362783432,0.0,0.0006939461454749107,0.000694891030434519,0.1588982492685318,0.4759722650051117
20750,10,0.07192856073379517,0.00038584350841119885,0.07759970426559448,0.0,0.0006628615665249527,0.0006640760111622512,0.15124104917049408,0.4770675301551819
20800,10,0.07246163487434387,0.00038068799767643213,0.07645300775766373,0.0,0.0005933659849688411,0.0005957833491265774,0.15048447251319885,0.47083598375320435
20850,10,0.07223943620920181,0.00033116614213213325,0.07418268173933029,0.0,0.0006496571586467326,0.0006515572313219309,0.14805449545383453,0.4715258479118347
20900,10,0.07371744513511658,0.00037248479202389717,0.07743026316165924,0.0,0.0007228113245218992,0.000724304118193686,0.15296730399131775,0.4753216803073883
20950,10,0.07465553283691406,0.00041185185546055436,0.07340116053819656,0.0,0.0006048057111911476,0.0006114260177128017,0.14968478679656982,0.46922749280929565
21000,10,0.07163017988204956,0.0003580316551961005,0.07529357820749283,0.0,0.000619023572653532,0.0006206108373589814,0.14852142333984375,0.4692472219467163
21050,10,0.07157256454229355,0.0004108839784748852,0.07329431176185608,0.0,0.0006541527109220624,0.00065837730653584,0.14659029245376587,0.4697805345058441
21100,10,0.07374835014343262,0.00042789208237081766,0.0724189355969429,0.0,0.0007168300217017531,0.0007139461231417954,0.14802595973014832,0.46844011545181274
21150,10,0.07418674230575562,0.00041011208668351173,0.07685229182243347,0.0,0.0006549805402755737,0.0006519514136016369,0.15275608003139496,0.4707864820957184
21200,10,0.07464157044887543,0.00038177863461896777,0.07481814175844193,0.0,0.0005225045024417341,0.0005214192206040025,0.1508854180574417,0.4672887921333313
21250,10,0.07503684610128403,0.00044698239071294665,0.07596656680107117,0.0,0.0007108428981155157,0.0007105502882041037,0.15287178754806519,0.47827664017677307
21300,10,0.07394568622112274,0.0004510738654062152,0.07577209919691086,0.0,0.0007919686613604426,0.0007957323105074465,0.15175656974315643,0.47307515144348145
21350,10,0.07235782593488693,0.000418325187638402,0.07376641780138016,0.0,0.0006550313555635512,0.0006548032397404313,0.14785242080688477,0.4734819531440735
21400,10,0.0746004581451416,0.0003607110702432692,0.07515354454517365,0.0,0.0006891984376125038,0.000692991481628269,0.15149690210819244,0.47348737716674805
21450,10,0.07469812035560608,0.0004127411521039903,0.07533247768878937,0.0,0.0006830975180491805,0.0006855891551822424,0.15181203186511993,0.46971943974494934
21500,10,0.07558757811784744,0.000429056235589087,0.07628108561038971,0.0,0.0006575885927304626,0.0006584852235391736,0.15361379086971283,0.473044216632843
21550,10,0.07468371838331223,0.0004278454289305955,0.07517629861831665,0.0,0.0006040101870894432,0.0006009162170812488,0.15149278938770294,0.4691331386566162
21600,10,0.07713260501623154,0.00034438117290847003,0.0739215612411499,0.0,0.0006169812404550612,0.0006153110880404711,0.15263083577156067,0.47219258546829224
21650,10,0.07372277230024338,0.00037229666486382484,0.0766986757516861,0.0,0.0007606020662933588,0.0007648750906810164,0.15231922268867493,0.47199809551239014
21700,10,0.07162760198116302,0.00041259347926825285,0.07513637095689774,0.0,0.0006574944127351046,0.0006569698452949524,0.1484910249710083,0.4695459306240082
21750,10,0.07372909784317017,0.00040502549381926656,0.07583317160606384,0.0,0.0007318464340642095,0.0007347110658884048,0.15143385529518127,0.47055503726005554
21800,10,0.07143845409154892,0.0003556827432475984,0.07433322072029114,0.0,0.0006274129264056683,0.0006319105159491301,0.14738668501377106,0.4724288284778595
21850,10,0.0739215612411499,0.00032906525302678347,0.0755399689078331,0.0,0.000630051945336163,0.0006331773474812508,0.15105381608009338,0.47001105546951294
21900,10,0.07184311002492905,0.0003947220102418214,0.07329820096492767,0.0,0.0006177041796036065,0.0006220481591299176,0.14677578210830688,0.47108668088912964
21950,10,0.07163739949464798,0.00030568320653401315,0.07513546198606491,0.0,0.0007146243588067591,0.0007150243036448956,0.1485081911087036,0.47097861766815186
22000,10,0.07098431140184402,0.000386594096198678,0.07690900564193726,0.0,0.0006676027551293373,0.0006684034015052021,0.14961591362953186,0.4683235287666321
22050,10,0.07309039682149887,0.0003995657025370747,0.0756465494632721,0.0,0.0007537786150351167,0.000755159358959645,0.150645449757576,0.4726574122905731
22100,10,0.07272739708423615,0.00041459014755673707,0.07560918480157852,0.0,0.000620683713350445,0.0006210075807757676,0.14999285340309143,0.46656158566474915
22150,10,0.07458115369081497,0.00036633526906371117,0.07448992133140564,0.0,0.0005438527441583574,0.0005447290604934096,0.1505259871482849,0.47332143783569336
22200,10,0.07758667320013046,0.00036977342097088695,0.07625207304954529,0.0,0.0007046923274174333,0.0007085725665092468,0.15562178194522858,0.4709966778755188
22250,10,0.07105846703052521,0.0004284129827283323,0.07569056004285812,0.0,0.0007490311982110143,0.000749196857213974,0.14867566525936127,0.4705319404602051
22300,10,0.07152692973613739,0.0003644281532615423,0.07244189828634262,0.0,0.0005861301906406879,0.0005851293099112809,0.14550451934337616,0.46953070163726807
22350,10,0.07235479354858398,0.0003819010453298688,0.07319346815347672,0.0,0.0005917412927374244,0.0005932882195338607,0.14711520075798035,0.46910732984542847
22400,10,0.0740017294883728,0.00037960876943543553,0.07483848929405212,0.0,0.0005814130418002605,0.0005803259555250406,0.15038156509399414,0.4677993655204773
22450,10,0.07134010642766953,0.00039411973557434976,0.07579240202903748,0.0,0.0006528712110593915,0.0006539470050483942,0.14883343875408173,0.4741953909397125
22500,10,0.07273733615875244,0.00039150757947936654,0.07284338772296906,0.0,0.0006274533225223422,0.0006288508884608746,0.14722852408885956,0.474021315574646
22550,10,0.07118745893239975,0.00033477373654022813,0.07301133871078491,0.0,0.000688625150360167,0.0006902205641381443,0.14591242372989655,0.4734955430030823
22600,11,0.07226234674453735,0.0003642952360678464,0.07536162436008453,0.0,0.0006280572852119803,0.0006286175921559334,0.14924493432044983,0.46988236904144287
22650,11,0.07215841114521027,0.0003615650930441916,0.07205405831336975,0.0,0.0005781356012448668,0.0005740934866480529,0.1457262635231018,0.4650654196739197
22700,11,0.07397127151489258,0.0004023378132842481,0.07370074838399887,0.0,0.0005714142462238669,0.0005688456003554165,0.14921462535858154,0.46923762559890747
22750,11,0.07128111273050308,0.0004151723987888545,0.0720391571521759,0.0,0.0006592437857761979,0.0006660121725872159,0.1450606882572174,0.4712583124637604
22800,11,0.07205002009868622,0.00039998110150918365,0.07431907951831818,0.0,0.0006013065576553345,0.0006060381419956684,0.14797642827033997,0.4731818735599518
22850,11,0.07175030559301376,0.0003349341277498752,0.07236522436141968,0.0,0.0005407824646681547,0.0005426201969385147,0.14553385972976685,0.4737967252731323
22900,11,0.07625088095664978,0.00035509804729372263,0.07496942579746246,0.0,0.0006147233070805669,0.0006181896897032857,0.1528083086013794,0.46867308020591736
22950,11,0.0726383626461029,0.00041510650771670043,0.07438141107559204,0.0,0.000608131114859134,0.000610625371336937,0.14865364134311676,0.4735630452632904
23000,11,0.07292822748422623,0.0003424277529120445,0.07348235696554184,0.0,0.0007335972622968256,0.0007352956454269588,0.1482219099998474,0.47365862131118774
23050,11,0.06961521506309509,0.00039392252801917493,0.07171054184436798,0.0,0.0005415003979578614,0.0005416155327111483,0.14280278980731964,0.47115153074264526
23100,11,0.07249053567647934,0.0003940893802791834,0.07736373692750931,0.0,0.000725062214769423,0.0007278783596120775,0.15170130133628845,0.4712023138999939
23150,11,0.06882353872060776,0.00033890927443280816,0.07169786840677261,0.0,0.0006358181708492339,0.0006357485544867814,0.14213187992572784,0.4736504554748535
23200,11,0.07216081023216248,0.00035893722088076174,0.07548515498638153,0.0,0.0007379719172604382,0.0007393124978989363,0.14948219060897827,0.4708603024482727
23250,11,0.07164286077022552,0.00037467663059942424,0.07056868076324463,0.0,0.0006419923156499863,0.0006421519792638719,0.14387035369873047,0.47137612104415894
23300,11,0.0737646296620369,0.00038500840310007334,0.07455930858850479,0.0,0.000678965006954968,0.0006810873164795339,0.150068998336792,0.47012779116630554
23350,11,0.07340267300605774,0.00033024809090420604,0.07340962439775467,0.0,0.0005263539496809244,0.0005264802020974457,0.14819538593292236,0.468122661113739
23400,11,0.0711512491106987,0.00038889815914444625,0.07084059715270996,0.0,0.0006173357833176851,0.0006172778084874153,0.14361536502838135,0.47708219289779663
23450,11,0.07148352265357971,0.0003791258786804974,0.07215961813926697,0.0,0.0006064627086743712,0.0006094467244111001,0.14523816108703613,0.47229862213134766
23500,11,0.07200556248426437,0.00033339328365400434,0.07238083332777023,0.0,0.0006331470794975758,0.0006315326318144798,0.1459844559431076,0.47259214520454407
23550,11,0.0726451426744461,0.0003740618412848562,0.073377825319767,0.0,0.0006566995871253312,0.0006583217764273286,0.14771205186843872,0.46967101097106934
23600,11,0.07012255489826202,0.00034665188286453485,0.0748334750533104,0.0,0.0006283135153353214,0.0006290225428529084,0.14656001329421997,0.4739653766155243
23650,11,0.07060451060533524,0.0003782958665397018,0.07411792874336243,0.0,0.0005908442544750869,0.0005920943804085255,0.14628368616104126,0.46696752309799194
23700,11,0.07004941254854202,0.000357115117367357,0.07096274197101593,0.0,0.0006368431495502591,0.0006355407531373203,0.14264164865016937,0.4701496958732605
23750,11,0.07344381511211395,0.00040780665585771203,0.07530159503221512,0.0,0.0007030306151136756,0.0007052375585772097,0.15056148171424866,0.47296690940856934
23800,11,0.07491279393434525,0.00040245725540444255,0.07514200359582901,0.0,0.0007810916285961866,0.0007844469510018826,0.1520228087902069,0.47588518261909485
23850,11,0.07320146262645721,0.0003962327027693391,0.07520239055156708,0.0,0.0005826407577842474,0.0005822831299155951,0.14996500313282013,0.4704889953136444
23900,11,0.07201636582612991,0.0003565902297850698,0.072451651096344,0.0,0.0007600152166560292,0.0007633836939930916,0.1463480144739151,0.47796404361724854
23950,11,0.07204535603523254,0.00038012798177078366,0.07233662158250809,0.0,0.0005997228436172009,0.0006044713081791997,0.1459662914276123,0.4685137867927551
24000,11,0.07314357906579971,0.00035215128445997834,0.07283338904380798,0.0,0.0005543010774999857,0.000553835416212678,0.14743725955486298,0.47268998622894287
24050,11,0.06803663820028305,0.00035878713242709637,0.0725928321480751,0.0,0.00051000842358917,0.0005087698227725923,0.1420070379972458,0.4687442183494568
24100,11,0.07133788615465164,0.00034600053913891315,0.07372824102640152,0.0,0.000709546497091651,0.0007150935707613826,0.1468367576599121,0.4742235541343689
24150,11,0.07253065705299377,0.00034371684887446463,0.07439905405044556,0.0,0.0005376543267630041,0.0005414875922724605,0.14835256338119507,0.46834227442741394
24200,11,0.06926321238279343,0.00032909997389651835,0.0714588314294815,0.0,0.0005098454421386123,0.0005116589600220323,0.1420726478099823,0.4695066213607788
24250,11,0.07257634401321411,0.0003325813449919224,0.0733051523566246,0.0,0.0005820629885420203,0.0005837536882609129,0.14737989008426666,0.4747604429721832
24300,11,0.0696163922548294,0.0003582800563890487,0.07219450920820236,0.0,0.000534620659891516,0.0005379291251301765,0.1432417333126068,0.46906840801239014
24350,11,0.0700613334774971,0.00036497454857453704,0.07285023480653763,0.0,0.000577904749661684,0.0005785070243291557,0.1444329470396042,0.4746207594871521
24400,11,0.07361256331205368,0.00038617709651589394,0.07357761263847351,0.0,0.0005618995637632906,0.0005625246558338404,0.1487007886171341,0.4684593081474304
24450,11,0.07175900787115097,0.00032433762680739164,0.0724221020936966,0.0,0.0006387196481227875,0.0006367160240188241,0.14578087627887726,0.47484374046325684
24500,11,0.07187040150165558,0.0004551596357487142,0.0724203884601593,0.0,0.0006181855569593608,0.0006223036325536668,0.1459864377975464,0.4690781831741333
24550,11,0.07373493909835815,0.00037997972685843706,0.0744767040014267,0.0,0.0005849340232089162,0.0005848453147336841,0.1497614085674286,0.4711173176765442
24600,11,0.0738043412566185,0.000420992961153388,0.07531365752220154,0.0,0.0006798575050197542,0.0006811898783780634,0.15090003609657288,0.47394853830337524
24650,11,0.0694177970290184,0.0003582231584005058,0.07212167978286743,0.0,0.0007435474544763565,0.0007406051736325026,0.14338186383247375,0.46806448698043823
24700,11,0.07464021444320679,0.00037227675784379244,0.07234200835227966,0.0,0.0006255214684642851,0.0006260602967813611,0.148606076836586,0.4710731506347656
24750,11,0.07184351235628128,0.00038682640297338367,0.07137788087129593,0.0,0.000687653198838234,0.000688645988702774,0.14498451352119446,0.4699092507362366
24800,11,0.06900402158498764,0.0003843710874207318,0.07261938601732254,0.0,0.0005082203424535692,0.0005122879520058632,0.14302827417850494,0.4725016951560974
24850,12,0.07212843000888824,0.000370663998182863,0.07255619019269943,0.0,0.000637734483461827,0.0006382386200129986,0.14633126556873322,0.47265034914016724
24900,12,0.0713045746088028,0.0003822421422228217,0.07226188480854034,0.0,0.0005394519539549947,0.0005419148365035653,0.14503006637096405,0.46859294176101685
24950,12,0.07217956334352493,0.00038780042086727917,0.0738520473241806,0.0,0.000622020335868001,0.0006248729769140482,0.1476663053035736,0.47230979800224304
25000,12,0.06897325813770294,0.0003161780477967113,0.07041266560554504,0.0,0.000518633343745023,0.0005180994630791247,0.140738844871521,0.4688395857810974
25050,12,0.07103081047534943,0.00028248640592209995,0.07123242318630219,0.0,0.0005684677744284272,0.0005660942988470197,0.14368028938770294,0.4697420001029968
25100,12,0.07193972915410995,0.0003403249429538846,0.07356346398591995,0.0,0.0005976315005682409,0.0006014535902068019,0.14704260230064392,0.4729997515678406
25150,12,0.07007011771202087,0.0003719856031239033,0.07174672186374664,0.0,0.0006677566561847925,0.000668609980493784,0.14352518320083618,0.4753870964050293
25200,12,0.07064605504274368,0.0003430487122386694,0.07321766763925552,0.0,0.0006756462389603257,0.000679032236803323,0.14556144177913666,0.4744529128074646
25250,12,0.06963305920362473,0.0003745179856196046,0.0709599107503891,0.0,0.0006032204255461693,0.0006042292807251215,0.14217494428157806,0.4739130735397339
25300,12,0.06978580355644226,0.0003671023005153984,0.0707065612077713,0.0,0.0006899558939039707,0.0006947279907763004,0.1422441601753235,0.4717547595500946
25350,12,0.07092007994651794,0.0003493123222142458,0.07143017649650574,0.0,0.0005612127133645117,0.0005692788399755955,0.1438300609588623,0.4724958539009094
25400,12,0.07160542160272598,0.0002890492614824325,0.0711190402507782,0.0,0.0005516897072084248,0.0005537258111871779,0.14411891996860504,0.4700121283531189
25450,12,0.07090384513139725,0.0003661063965409994,0.07160467654466629,0.0,0.0005188608192838728,0.0005206693895161152,0.14391416311264038,0.4665871262550354
25500,12,0.07002410292625427,0.00037068393430672586,0.07244794070720673,0.0,0.0005237972363829613,0.0005247301887720823,0.14389124512672424,0.47102922201156616
25550,12,0.07171855121850967,0.00044426327804103494,0.07254469394683838,0.0,0.0006690275040455163,0.0006666533881798387,0.14604318141937256,0.4780512750148773
25600,12,0.06920737773180008,0.00036121378070674837,0.07055803388357162,0.0,0.0006989077082835138,0.0007004165090620518,0.14152593910694122,0.47577303647994995
25650,12,0.0698433443903923,0.000391171604860574,0.07293187081813812,0.0,0.0006715476047247648,0.0006731939502060413,0.1445111334323883,0.4695568084716797
25700,12,0.06737113744020462,0.00035591222695074975,0.07119423151016235,0.0,0.0005020592361688614,0.000503233284689486,0.13992658257484436,0.46734267473220825
25750,12,0.07144960016012192,0.0004119098011869937,0.0702107697725296,0.0,0.0005574431270360947,0.0005572906229645014,0.1431870311498642,0.47495266795158386
25800,12,0.06993089616298676,0.0003325255820527673,0.07036140561103821,0.0,0.0005590502405539155,0.0005597564741037786,0.14174363017082214,0.469655305147171
25850,12,0.07049881666898727,0.0003794681979343295,0.07189801335334778,0.0,0.0005636950372718275,0.0005639813607558608,0.1439039707183838,0.46765953302383423
25900,12,0.07009562104940414,0.000345617881976068,0.07375945895910263,0.0,0.0006286022835411131,0.0006312633049674332,0.1454605609178543,0.4726509749889374
25950,12,0.07110220193862915,0.00035864560049958527,0.07244323194026947,0.0,0.0005153249367140234,0.0005137347616255283,0.14493314921855927,0.47354164719581604
26000,12,0.07010509073734283,0.0003055589331779629,0.07208133488893509,0.0,0.0005400782101787627,0.0005400481750257313,0.1435721069574356,0.46955081820487976
26050,12,0.07054262608289719,0.0003261977981310338,0.069855235517025,0.0,0.0005080621922388673,0.0005068755708634853,0.14173899590969086,0.4713214039802551
26100,12,0.0685744658112526,0.00031451566610485315,0.07265101373195648,0.0,0.00048249284736812115,0.00047979026567190886,0.14250227808952332,0.46599823236465454
26150,12,0.07075803726911545,0.00042319114436395466,0.07262878865003586,0.0,0.0005848115542903543,0.0005868362495675683,0.14498166739940643,0.4716681241989136
26200,12,0.07129597663879395,0.0003674931940622628,0.0714256539940834,0.0,0.0006159801851026714,0.0006154566071927547,0.144320547580719,0.4714505672454834
26250,12,0.0674116313457489,0.0003774985671043396,0.06993064284324646,0.0,0.0006397073157131672,0.000639557430986315,0.13899904489517212,0.4727212190628052
26300,12,0.06886956095695496,0.00035749300150200725,0.07074885815382004,0.0,0.0005045169964432716,0.0005041948170401156,0.14098462462425232,0.46867990493774414
26350,12,0.06945956498384476,0.00045763401431031525,0.06954626739025116,0.0,0.0004857213352806866,0.0004879201005678624,0.14043711125850677,0.4687933623790741
26400,12,0.06991339474916458,0.00041714709368534386,0.07082701474428177,0.0,0.0004760670126415789,0.00047969649313017726,0.1421133279800415,0.4691885709762573
26450,12,0.0709255263209343,0.0003670317819342017,0.07198380678892136,0.0,0.0005607061320915818,0.0005653137341141701,0.1444023847579956,0.47075679898262024
26500,12,0.07038765400648117,0.00039107678458094597,0.07386938482522964,0.0,0.0005160026485100389,0.0005128958728164434,0.14567700028419495,0.4682859778404236
26550,12,0.07163175195455551,0.00034936959855258465,0.07226473838090897,0.0,0.0006428518681786954,0.000645922205876559,0.14553463459014893,0.47505271434783936
26600,12,0.07081402838230133,0.00029145090957172215,0.07273350656032562,0.0,0.0005667702062055469,0.0005680002504959702,0.1449737548828125,0.4675053358078003
26650,12,0.0701688826084137,0.0004250062629580498,0.07052916288375854,0.0,0.0005294486181810498,0.0005350971478037536,0.14218759536743164,0.47311311960220337
26700,12,0.0688941478729248,0.00042279023909941316,0.07019992172718048,0.0,0.0006391205824911594,0.0006416374817490578,0.14079761505126953,0.47010090947151184
26750,12,0.06945060193538666,0.00042788797873072326,0.07066786289215088,0.0,0.0005326185491867363,0.0005306724924594164,0.14160963892936707,0.4665091931819916
26800,12,0.0699872225522995,0.00040982267819345,0.06995467096567154,0.0,0.0006661504157818854,0.0006655368488281965,0.1416833996772766,0.4729897379875183
26850,12,0.07458177208900452,0.0003356376546435058,0.07212675362825394,0.0,0.0007224461296573281,0.0007196652004495263,0.14848627150058746,0.47348862886428833
26900,12,0.07226721197366714,0.00038605474401265383,0.07142720371484756,0.0,0.0006044868496246636,0.0006059246952645481,0.14529086649417877,0.47118377685546875
26950,12,0.06936930865049362,0.0004087123670615256,0.06926120072603226,0.0,0.0006714072660543025,0.0006727095460519195,0.14038333296775818,0.4706786274909973
27000,12,0.0683899000287056,0.00037077011074870825,0.06944496184587479,0.0,0.00065386644564569,0.000652315909974277,0.1395118087530136,0.47374624013900757
27050,12,0.0674264132976532,0.00034293736098334193,0.07013171166181564,0.0,0.0005429746815934777,0.0005426898715086281,0.138986736536026,0.47031891345977783
27100,13,0.06800530850887299,0.00038475097971968353,0.06991159915924072,0.0,0.0005125964526087046,0.0005128018092364073,0.1393270492553711,0.4669741988182068
27150,13,0.07083798944950104,0.00034153624437749386,0.07276272773742676,0.0,0.0005594099638983607,0.0005606075283139944,0.14506226778030396,0.47043663263320923
27200,13,0.06698005646467209,0.0003287434228695929,0.06822548061609268,0.0,0.0005199568695388734,0.0005178548162803054,0.13657209277153015,0.46950751543045044
27250,13,0.07033690065145493,0.0003568988759070635,0.0699266791343689,0.0,0.0005390031146816909,0.0005420891102403402,0.1417015641927719,0.4676697552204132
27300,13,0.07041527330875397,0.0004043837543576956,0.07073214650154114,0.0,0.0005404783878475428,0.0005426144343800843,0.14263488352298737,0.4638969600200653
27350,13,0.07050736248493195,0.0003344459109939635,0.07047790288925171,0.0,0.0005301577621139586,0.0005310996784828603,0.1423809826374054,0.47199147939682007
27400,13,0.07161271572113037,0.0003491930547170341,0.0701749324798584,0.0,0.0006429021013900638,0.0006472058012150228,0.14342695474624634,0.46799030900001526
27450,13,0.07004857063293457,0.00039791170274838805,0.06938443332910538,0.0,0.0005399354267865419,0.000541908317245543,0.1409127563238144,0.4741974472999573
27500,13,0.06876327097415924,0.00039681693306192756,0.06808077543973923,0.0,0.0005995559622533619,0.0006017506821081042,0.13844215869903564,0.4742322266101837
27550,13,0.06906574219465256,0.0004474057932384312,0.06966441869735718,0.0,0.000564569840207696,0.0005660538445226848,0.1403081864118576,0.4711264669895172
27600,13,0.06907347589731216,0.00037795730167999864,0.07249682396650314,0.0,0.0006298556691035628,0.0006302658002823591,0.1432083696126938,0.4735620617866516
27650,13,0.06882370263338089,0.00038254831451922655,0.06979956477880478,0.0,0.0005334801971912384,0.0005344880046322942,0.1400737762451172,0.4676955044269562
27700,13,0.07093648612499237,0.0003479667939245701,0.07136742025613785,0.0,0.0006348049500957131,0.0006358921527862549,0.1439225673675537,0.46812447905540466
27750,13,0.06955725699663162,0.00032346078660339117,0.06902098655700684,0.0,0.0006572565762326121,0.0006580401677638292,0.14021700620651245,0.4751289486885071
27800,13,0.07022839784622192,0.0003694529877975583,0.06938242167234421,0.0,0.0004916114266961813,0.0004931409494020045,0.1409650295972824,0.47373753786087036
27850,13,0.07064016908407211,0.00037341934512369335,0.0709240734577179,0.0,0.00048163713654503226,0.0004816105938516557,0.14290089905261993,0.47221440076828003
27900,13,0.06847566366195679,0.0004272496444173157,0.06984572112560272,0.0,0.0005809535505250096,0.0005840809317305684,0.1399136632680893,0.4685446619987488
27950,13,0.06957589834928513,0.0003794680815190077,0.06929232180118561,0.0,0.0005905147409066558,0.0005960311973467469,0.14043423533439636,0.471224844455719
28000,13,0.06797095388174057,0.000443249853560701,0.07039837539196014,0.0,0.0006173951551318169,0.0006188513361848891,0.1400488168001175,0.469259649515152
28050,13,0.06466013193130493,0.00041820600745268166,0.06826451420783997,0.0,0.0005228588124737144,0.0005229301750659943,0.13438865542411804,0.4705958962440491
28100,13,0.0676976814866066,0.0003377047833055258,0.06954267621040344,0.0,0.00047714519314467907,0.00047670898493379354,0.13853192329406738,0.47155508399009705
28150,13,0.06583715230226517,0.0003711160970851779,0.06855583935976028,0.0,0.0006032619858160615,0.0006072102696634829,0.13597457110881805,0.4746464788913727
28200,13,0.0659615695476532,0.00036048461333848536,0.0690002515912056,0.0,0.0005515077500604093,0.0005504029104486108,0.1364242136478424,0.47057807445526123
28250,13,0.07028111815452576,0.0003227227716706693,0.0700703114271164,0.0,0.0005033487686887383,0.0005065640434622765,0.14168405532836914,0.47040289640426636
28300,13,0.06890207529067993,0.0003571609267964959,0.07335441559553146,0.0,0.0004673026851378381,0.0004714980605058372,0.14355245232582092,0.46823859214782715
28350,13,0.06955057382583618,0.0003528174420353025,0.06815843284130096,0.0,0.0005518446560017765,0.0005517516983672976,0.13916541635990143,0.47016027569770813
28400,13,0.0662907287478447,0.0003067383076995611,0.0669366866350174,0.0,0.0005258711753413081,0.0005269962130114436,0.13458703458309174,0.46723610162734985
28450,13,0.06857849657535553,0.0003656421322375536,0.06858247518539429,0.0,0.0005295625887811184,0.0005274088471196592,0.13858358561992645,0.46912112832069397
28500,13,0.06760874390602112,0.00036773347528651357,0.06901201605796814,0.0,0.00045010377652943134,0.0004517670313362032,0.13789036870002747,0.4638882875442505
28550,13,0.07142771780490875,0.0003795844968408346,0.07033447176218033,0.0,0.0005005983402952552,0.0005031661130487919,0.14314553141593933,0.46764838695526123
28600,13,0.06985199451446533,0.00036010652547702193,0.07090572267770767,0.0,0.0005624188343062997,0.0005597580457106233,0.1422400027513504,0.4694764316082001
28650,13,0.06683105230331421,0.0003631784929893911,0.06797483563423157,0.0,0.0004926574183627963,0.0004944122629240155,0.1361561268568039,0.46768712997436523
28700,13,0.0665549486875534,0.00034308299655094743,0.07085992395877838,0.0,0.0005184389883652329,0.0005166525952517986,0.13879305124282837,0.47036316990852356
28750,13,0.06653225421905518,0.000369722256436944,0.06831630319356918,0.0,0.0006291453028097749,0.0006303166155703366,0.1364777386188507,0.473582923412323
28800,13,0.06618844717741013,0.00041766391950659454,0.06769409775733948,0.0,0.0005085232551209629,0.0005086102755740285,0.1353173404932022,0.4670312702655792
28850,13,0.07019015401601791,0.00035435601603239775,0.0713096335530281,0.0,0.0004988592700101435,0.0004981801612302661,0.14285117387771606,0.471174955368042
28900,13,0.07040167599916458,0.00031013970146887004,0.06946246325969696,0.0,0.0005113286897540092,0.0005120586138218641,0.14119765162467957,0.4690612554550171
28950,13,0.06752975285053253,0.0003643110394477844,0.06938906013965607,0.0,0.0005724482471123338,0.0005725872470065951,0.13842815160751343,0.46985316276550293
29000,13,0.0664936751127243,0.0004069316782988608,0.06819440424442291,0.0,0.0005094295484013855,0.0005162965971976519,0.1361207216978073,0.4710424542427063
29050,13,0.06960679590702057,0.0003098383895121515,0.06996406614780426,0.0,0.0005339593044482172,0.0005368319689296186,0.1409514993429184,0.47424203157424927
29100,13,0.06698577105998993,0.0003774003707803786,0.06859366595745087,0.0,0.0005140728317201138,0.0005151254590600729,0.13698603212833405,0.4687894582748413
29150,13,0.06839897483587265,0.0003389095072634518,0.06940969824790955,0.0,0.0005012930487282574,0.0005027878796681762,0.1391516774892807,0.46887826919555664
29200,13,0.06867922842502594,0.0003590084670577198,0.07071006298065186,0.0,0.0007220742991194129,0.0007212419295683503,0.14119161665439606,0.47365978360176086
29250,13,0.06830327957868576,0.00028417728026397526,0.07036386430263519,0.0,0.0005081166746094823,0.0005086685414426029,0.1399681121110916,0.4702305495738983
29300,13,0.06958308815956116,0.0003502776671666652,0.07122053951025009,0.0,0.0005915147485211492,0.0005892800400033593,0.1423346996307373,0.4686110019683838
29350,14,0.06804610788822174,0.0003950560058001429,0.06960754841566086,0.0,0.0005489999311976135,0.000548224663361907,0.13914594054222107,0.4688471853733063
29400,14,0.06731118261814117,0.00029749464010819793,0.06875436007976532,0.0,0.000478109170217067,0.0004811358521692455,0.13732227683067322,0.465115487575531
29450,14,0.06690865755081177,0.00031800506985746324,0.06883639842271805,0.0,0.0004930637078359723,0.0004945294349454343,0.13705065846443176,0.46658816933631897
29500,14,0.06863370537757874,0.0004059335042256862,0.06915152072906494,0.0,0.0005899649113416672,0.000590386101976037,0.13937151432037354,0.47311657667160034
29550,14,0.06572224944829941,0.00035960687091574073,0.07037881016731262,0.0,0.0005290564731694758,0.0005271541886031628,0.13751687109470367,0.4709872603416443
29600,14,0.07004526257514954,0.0003711674944497645,0.07162138819694519,0.0,0.0005537851247936487,0.0005529378540813923,0.14314453303813934,0.47373875975608826
29650,14,0.06841002404689789,0.00036302063381299376,0.06889976561069489,0.0,0.0005591722438111901,0.0005632893298752606,0.13879527151584625,0.47445711493492126
29700,14,0.06629776954650879,0.0002510205958969891,0.06810375303030014,0.0,0.00047237923718057573,0.0004764179466292262,0.13560134172439575,0.46330589056015015
29750,14,0.06851707398891449,0.0003039943694602698,0.0703519880771637,0.0,0.0005306111997924745,0.0005326200043782592,0.1402362883090973,0.46534979343414307
29800,14,0.07201758772134781,0.00037152745062485337,0.0698423683643341,0.0,0.0005589459324255586,0.0005607404746115208,0.14335118234157562,0.473041832447052
29850,14,0.06583552062511444,0.00044031397555954754,0.06797340512275696,0.0,0.0006323284469544888,0.0006313801859505475,0.13551294803619385,0.4735388159751892
29900,14,0.06533362716436386,0.0003348190803080797,0.06922949105501175,0.0,0.0004999158554710448,0.000499792629852891,0.1358976513147354,0.46791380643844604
29950,14,0.06683750450611115,0.00026922905817627907,0.06845718622207642,0.0,0.0005709903780370951,0.0005740459891967475,0.13670894503593445,0.470180869102478
30000,14,0.06415000557899475,0.00035634724190458655,0.07113564014434814,0.0,0.0005343561060726643,0.0005331474239937961,0.13670949637889862,0.4679097831249237
30050,14,0.06924476474523544,0.0003905924968421459,0.06838618218898773,0.0,0.000562274653930217,0.0005609405925497413,0.13914474844932556,0.4708274304866791
30100,14,0.06719399243593216,0.000411936198361218,0.070304736495018,0.0,0.0006606599199585617,0.0006589277181774378,0.13923025131225586,0.4702017903327942
30150,14,0.06962284445762634,0.00032854476012289524,0.07010297477245331,0.0,0.0005259067984297872,0.0005288198590278625,0.14110910892486572,0.4637393355369568
30200,14,0.06633077561855316,0.00035998865496367216,0.06604455411434174,0.0,0.0005383344832807779,0.0005379740614444017,0.13381162285804749,0.4683097004890442
30250,14,0.06790263950824738,0.00036128252395428717,0.0667654275894165,0.0,0.0004770771483890712,0.00047732889652252197,0.13598375022411346,0.46513932943344116
30300,14,0.06600189954042435,0.00035722198663279414,0.06969224661588669,0.0,0.0005970050115138292,0.0005991579964756966,0.13724753260612488,0.4714340269565582
30350,14,0.06561315059661865,0.0003809657064266503,0.06758785247802734,0.0,0.0005271648988127708,0.0005307791288942099,0.1346399039030075,0.46830296516418457
30400,14,0.06437159329652786,0.00040346072637476027,0.06663890182971954,0.0,0.0006577764870598912,0.0006566974334418774,0.1327284425497055,0.4677145779132843
30450,14,0.06973803788423538,0.00038668824709020555,0.07161112874746323,0.0,0.0006208444247022271,0.0006205803947523236,0.1429772824048996,0.46747109293937683
30500,14,0.07022426277399063,0.00036862684646621346,0.07046063989400864,0.0,0.0005258977180346847,0.0005235449643805623,0.14210297167301178,0.47037971019744873
30550,14,0.06670916825532913,0.0003658263012766838,0.06693413853645325,0.0,0.0006345903966575861,0.0006373574142344296,0.13528107106685638,0.46901625394821167
30600,14,0.06805545091629028,0.000335611286573112,0.06803259253501892,0.0,0.0005199551815167069,0.0005151400109753013,0.13745874166488647,0.4694083034992218
30650,14,0.06813168525695801,0.00039425279828719795,0.07160378992557526,0.0,0.0005105253076180816,0.0005093790823593736,0.141149640083313,0.4690778851509094
30700,14,0.06706807762384415,0.0003181601641699672,0.0674634724855423,0.0,0.00048100121784955263,0.0004832285630982369,0.13581393659114838,0.46610355377197266
30750,14,0.06812809407711029,0.0003576138406060636,0.06881660223007202,0.0,0.0005256145959720016,0.0005257644224911928,0.13835369050502777,0.46886634826660156
30800,14,0.06829101592302322,0.0003356069792062044,0.06887827068567276,0.0,0.0005893242196179926,0.0005899104289710522,0.13868412375450134,0.473561555147171
30850,14,0.06598670035600662,0.00041489111026749015,0.06847679615020752,0.0,0.0006160555058158934,0.0006193884182721376,0.13611383736133575,0.47482749819755554
30900,14,0.06822671741247177,0.00041703504393808544,0.07074850052595139,0.0,0.000588218797929585,0.0005936204688623548,0.14057409763336182,0.47426509857177734
30950,14,0.06444144994020462,0.000383145350497216,0.06741512566804886,0.0,0.0005057388334535062,0.0005056335357949138,0.1332511007785797,0.4666656255722046
31000,14,0.06663614511489868,0.000375084753613919,0.07177811861038208,0.0,0.000500315916724503,0.0004998762742616236,0.13978955149650574,0.47285571694374084
31050,14,0.06608039885759354,0.0003729548479896039,0.06871768832206726,0.0,0.0004920459468849003,0.0004930900176987052,0.13615617156028748,0.4679778814315796
31100,14,0.06561265885829926,0.0003554855356924236,0.0698244646191597,0.0,0.0005118214758113027,0.0005142151494510472,0.13681864738464355,0.4701400101184845
31150,14,0.06946858763694763,0.0004182218690402806,0.06760338693857193,0.0,0.0006240590009838343,0.0006218297639861703,0.1387360841035843,0.4701070189476013
31200,14,0.0688048005104065,0.0003689685254357755,0.0664113312959671,0.0,0.0005897950031794608,0.0005883494741283357,0.13676324486732483,0.47221601009368896
31250,14,0.06881451606750488,0.0003923202457372099,0.06747298687696457,0.0,0.0005415727500803769,0.0005432689795270562,0.13776466250419617,0.4725077450275421
31300,14,0.06771548837423325,0.0004216551606077701,0.07034176588058472,0.0,0.000549500691704452,0.0005547765176743269,0.13958318531513214,0.47151410579681396
31350,14,0.06884989142417908,0.0003391658538021147,0.07033843547105789,0.0,0.0006194171728566289,0.000624427804723382,0.14077134430408478,0.46921855211257935
31400,14,0.06861284375190735,0.0003325092257000506,0.06730642914772034,0.0,0.0005306240054778755,0.0005332269938662648,0.13731563091278076,0.4688345789909363
31450,14,0.0680675208568573,0.0003704786067828536,0.06874562799930573,0.0,0.000643993669655174,0.0006461344892159104,0.1384737640619278,0.47297799587249756
31500,14,0.06828709691762924,0.00035055240732617676,0.06744150817394257,0.0,0.0005630547530017793,0.0005635577836073935,0.13720577955245972,0.4776075482368469
31550,14,0.06784932315349579,0.0004131433670409024,0.06757250428199768,0.0,0.0005999100976623595,0.0006033689714968204,0.1370382457971573,0.47002995014190674
31600,15,0.06738780438899994,0.00032800447661429644,0.06929196417331696,0.0,0.0005766664980910718,0.0005757657345384359,0.13816019892692566,0.4764758348464966
31650,15,0.06298992037773132,0.00038506370037794113,0.06912727653980255,0.0,0.0005839387304149568,0.000583594897761941,0.13366979360580444,0.4704076945781708
31700,15,0.06536442041397095,0.0003434363170526922,0.06684949994087219,0.0,0.0005026077851653099,0.0005006074206903577,0.13356058299541473,0.4703941345214844
31750,15,0.06750275939702988,0.00029130943585187197,0.07019737362861633,0.0,0.0005459970561787486,0.0005456885555759072,0.139083132147789,0.47394657135009766
31800,15,0.06613006442785263,0.0003560175537131727,0.06615765392780304,0.0,0.0005945100565440953,0.0005956154782325029,0.1338338553905487,0.47182193398475647
31850,15,0.06629309803247452,0.00041278242133557796,0.0699329525232315,0.0,0.0005517675308510661,0.0005538355326279998,0.13774444162845612,0.47097694873809814
31900,15,0.06682637333869934,0.00033687034738250077,0.06853653490543365,0.0,0.0005137440748512745,0.0005132375517860055,0.1367267668247223,0.4681249260902405
31950,15,0.06625209003686905,0.0004169349849689752,0.06780235469341278,0.0,0.0005691818660125136,0.0005676699802279472,0.1356082409620285,0.46729788184165955
32000,15,0.06452397257089615,0.00040174659807235,0.06708347052335739,0.0,0.0005174709367565811,0.0005226557841524482,0.13304932415485382,0.47131407260894775
32050,15,0.06951441615819931,0.00036016834201291203,0.06728215515613556,0.0,0.0005360294599086046,0.0005361659568734467,0.13822893798351288,0.47283437848091125
32100,15,0.0674782246351242,0.0003542269696481526,0.06899271160364151,0.0,0.0005080803530290723,0.0005072452477179468,0.13784049451351166,0.4706723093986511
32150,15,0.06942286342382431,0.00033912257640622556,0.06886987388134003,0.0,0.0005636592395603657,0.0005651236278936267,0.13976062834262848,0.4698314666748047
32200,15,0.06453736871480942,0.00034581709769554436,0.06552454829216003,0.0,0.000478370493510738,0.00047862809151411057,0.13136473298072815,0.46604597568511963
32250,15,0.06581036001443863,0.0003669581492431462,0.06859762966632843,0.0,0.0005134938983246684,0.0005106021999381483,0.13579905033111572,0.4727298617362976
32300,15,0.06614719331264496,0.00034865105408243835,0.0668996125459671,0.0,0.0005240397294983268,0.0005256040021777153,0.13444510102272034,0.466658353805542
32350,15,0.06848707050085068,0.000326804060023278,0.06850537657737732,0.0,0.0005226488574407995,0.0005247149965725839,0.13836660981178284,0.46579796075820923
32400,15,0.0657958835363388,0.0003406833275221288,0.06837412714958191,0.0,0.0004758747818414122,0.0004781805328093469,0.13546475768089294,0.4706297218799591
32450,15,0.06819519400596619,0.0003884909092448652,0.06892801821231842,0.0,0.00048496617819182575,0.0004889941192232072,0.13848565518856049,0.4650290012359619
32500,15,0.0654955506324768,0.000384833721909672,0.06599637120962143,0.0,0.00047968217404559255,0.00048194159171544015,0.1328383833169937,0.4705011248588562
32550,15,0.06606025248765945,0.0003666887350846082,0.06701774150133133,0.0,0.0005208798684179783,0.0005229096859693527,0.13448847830295563,0.46787750720977783
32600,15,0.06489472836256027,0.000316984805976972,0.06911395490169525,0.0,0.0004808532539755106,0.0004818274173885584,0.13528834283351898,0.4707777798175812
32650,15,0.06327307224273682,0.0003125296498183161,0.0679841861128807,0.0,0.0004169434541836381,0.00041759939631447196,0.13240432739257812,0.46399474143981934
32700,15,0.06374787539243698,0.0003325720608700067,0.0679311603307724,0.0,0.0005086034652777016,0.0005112664657644928,0.1330314725637436,0.47070175409317017
32750,15,0.0663856491446495,0.0003674904874060303,0.0673891007900238,0.0,0.0005122213624417782,0.0005121189169585705,0.13516658544540405,0.4705604314804077
32800,15,0.06775625050067902,0.0003571433189790696,0.0668906643986702,0.0,0.0006355075165629387,0.000636450422462076,0.1362760215997696,0.4749288260936737
32850,15,0.06883855909109116,0.00034715552465058863,0.06897452473640442,0.0,0.0005613912362605333,0.0005609379732050002,0.13928255438804626,0.4709281623363495
32900,15,0.0656508281826973,0.0004132902540732175,0.06750569492578506,0.0,0.0006892713718116283,0.0006909259827807546,0.13494999706745148,0.4736499488353729
32950,15,0.06827293336391449,0.0003741347463801503,0.06738738715648651,0.0,0.0004887875402346253,0.00048795121256262064,0.13701120018959045,0.46980562806129456
33000,15,0.06617841124534607,0.0003623387310653925,0.06756765395402908,0.0,0.0005540682468563318,0.0005554704694077373,0.13521793484687805,0.47165340185165405
33050,15,0.06609324365854263,0.0003962554910685867,0.06790784001350403,0.0,0.0005284349317662418,0.0005323718651197851,0.13545815646648407,0.4722033739089966
33100,15,0.06875130534172058,0.0003561325720511377,0.06723067164421082,0.0,0.0005054976791143417,0.00050471315626055,0.13734832406044006,0.4773780107498169
33150,15,0.06811337918043137,0.0003752796328626573,0.06704556941986084,0.0,0.0006391213391907513,0.0006425948813557625,0.13681595027446747,0.4680522680282593
33200,15,0.0665513351559639,0.000376775860786438,0.0684661716222763,0.0,0.0005551184294745326,0.0005573482485488057,0.13650673627853394,0.4710891842842102
33250,15,0.06499389559030533,0.0003107456723228097,0.06811756640672684,0.0,0.0004292525991331786,0.00043042644392699003,0.13428188860416412,0.4651365280151367
33300,15,0.06480572372674942,0.0003607330727390945,0.0678410530090332,0.0,0.0005321347853168845,0.0005314395530149341,0.13407108187675476,0.47158652544021606
33350,15,0.06445816904306412,0.0003487261710688472,0.06499901413917542,0.0,0.0005085219163447618,0.0005100172129459679,0.13082444667816162,0.4716218411922455
33400,15,0.06613370776176453,0.0003903718024957925,0.06797260791063309,0.0,0.0005194389959797263,0.0005197037244215608,0.1355358362197876,0.46517282724380493
33450,15,0.06417521089315414,0.000320946128340438,0.07022419571876526,0.0,0.0005195713019929826,0.0005208099610172212,0.13576073944568634,0.46882960200309753
33500,15,0.06549227237701416,0.00033105508191511035,0.06272081285715103,0.0,0.000506010721437633,0.0005077165551483631,0.12955786287784576,0.46540406346321106
33550,15,0.06547680497169495,0.0003190358402207494,0.0656716376543045,0.0,0.0005273089045658708,0.0005285611259751022,0.1325233429670334,0.4746851325035095
33600,15,0.06618950515985489,0.0004183025157544762,0.06814661622047424,0.0,0.0004949492285959423,0.0004985964042134583,0.1357479691505432,0.4653623700141907
33650,15,0.06398114562034607,0.0003714514314197004,0.06562305986881256,0.0,0.0004837599117308855,0.00048175218398682773,0.13094115257263184,0.467181921005249
33700,15,0.06430850923061371,0.0003496324934531003,0.06510244309902191,0.0,0.0005297592142596841,0.0005301370401866734,0.13082048296928406,0.4710565209388733
33750,15,0.06675491482019424,0.0003704637347254902,0.06766732782125473,0.0,0.000577075348701328,0.0005797991179861128,0.13594959676265717,0.4705459177494049
33800,15,0.06682680547237396,0.0002803173556458205,0.06869787722826004,0.0,0.00048791791778057814,0.0004892308497801423,0.13678215444087982,0.46563011407852173
33850,16,0.06289144605398178,0.0003904078039340675,0.06759161502122879,0.0,0.00046722666593268514,0.0004672092036344111,0.13180790841579437,0.47454124689102173
33900,16,0.0677126795053482,0.00032612745417281985,0.06723348796367645,0.0,0.0006519048474729061,0.0006492008687928319,0.1365734040737152,0.4718298316001892
33950,16,0.06838328391313553,0.0003530801914166659,0.06643731892108917,0.0,0.0005103714065626264,0.000510995916556567,0.13619504868984222,0.46713584661483765
34000,16,0.06629011780023575,0.00033478630939498544,0.06784769147634506,0.0,0.0005774536402896047,0.0005797897465527058,0.1356298327445984,0.4716280996799469
34050,16,0.06331376731395721,0.00039369123987853527,0.06668872386217117,0.0,0.0005221595638431609,0.0005217139259912074,0.13144005835056305,0.4712802469730377
34100,16,0.06465479731559753,0.00039052945794537663,0.06555574387311935,0.0,0.0005020976532250643,0.0005075607332400978,0.13161073625087738,0.47132647037506104
34150,16,0.06434036791324615,0.0003887949278578162,0.0651894062757492,0.0,0.0005489393370226026,0.0005540146958082914,0.13102152943611145,0.4750460982322693
34200,16,0.06464394927024841,0.00035070526064373553,0.06324288249015808,0.0,0.0005216636345721781,0.0005272826529107988,0.1292864978313446,0.46898549795150757
34250,16,0.06599870324134827,0.00035235632094554603,0.06763386726379395,0.0,0.00045111594954505563,0.00045178664731793106,0.13488782942295074,0.46912115812301636
34300,16,0.06527220457792282,0.0003799199184868485,0.06587418168783188,0.0,0.00046096136793494225,0.00046358592226170003,0.13245084881782532,0.46671903133392334
34350,16,0.06728947162628174,0.00034369874629192054,0.06610680371522903,0.0,0.0004561512032523751,0.0004568047297652811,0.13465292751789093,0.46866893768310547
34400,16,0.06507040560245514,0.00038375784060917795,0.069038026034832,0.0,0.0006169331609271467,0.0006188511033542454,0.13572797179222107,0.474906861782074
34450,16,0.06498964130878448,0.00037995545426383615,0.06952162832021713,0.0,0.0005733229918405414,0.0005738312611356378,0.1360383778810501,0.47544389963150024
34500,16,0.06693880259990692,0.00032332545379176736,0.0677076205611229,0.0,0.000623103347606957,0.0006237389170564711,0.13621658086776733,0.4719109535217285
34550,16,0.06375334411859512,0.0003297173825558275,0.06710105389356613,0.0,0.0004881185886915773,0.00049020373262465,0.1321624368429184,0.473222553730011
34600,16,0.0640946477651596,0.00034096252056770027,0.06769707798957825,0.0,0.0004741216835100204,0.000473822932690382,0.1330806165933609,0.4688151478767395
34650,16,0.0679856613278389,0.0003533318522386253,0.06845642626285553,0.0,0.0006091946270316839,0.000613072537817061,0.1380176842212677,0.46877604722976685
34700,16,0.06144733354449272,0.0003487415087874979,0.0648512989282608,0.0,0.0006007651099935174,0.0006020482396706939,0.12785018980503082,0.46932727098464966
34750,16,0.06437729299068451,0.0003834367380477488,0.06539366394281387,0.0,0.00043295486830174923,0.0004304494068492204,0.131017804145813,0.4744964838027954
34800,16,0.06756985187530518,0.0003619177732616663,0.06923144310712814,0.0,0.00045782176312059164,0.0004597697115968913,0.13808082044124603,0.4735604524612427
34850,16,0.06678999960422516,0.0003540843026712537,0.06764873117208481,0.0,0.0004135053895879537,0.00041595130460336804,0.13562226295471191,0.4652579128742218
34900,16,0.06645025312900543,0.0003552594280336052,0.06584887206554413,0.0,0.00048044638242572546,0.0004795437562279403,0.13361437618732452,0.46725398302078247
34950,16,0.06299897283315659,0.0003653895400930196,0.0674361139535904,0.0,0.00044714659452438354,0.0004481133073568344,0.13169574737548828,0.47044986486434937
35000,16,0.06649336218833923,0.00028369014034979045,0.06837170571088791,0.0,0.0004313341632951051,0.00043119752081111073,0.1360113024711609,0.4739433526992798
35050,16,0.06753527373075485,0.00039726553950458765,0.06780017167329788,0.0,0.0005526541499421,0.0005532176583074033,0.13683858513832092,0.46632274985313416
35100,16,0.06997308135032654,0.0003849446657113731,0.06954766809940338,0.0,0.0005102360155433416,0.0005103815929032862,0.1409263014793396,0.46992188692092896
35150,16,0.0657043382525444,0.0003550547990016639,0.06734906882047653,0.0,0.0004312095115892589,0.00043344174628145993,0.13427311182022095,0.47129783034324646
35200,16,0.06925124675035477,0.0003626357938628644,0.06587003916501999,0.0,0.0005423105321824551,0.0005463582929223776,0.13657258450984955,0.47271543741226196
35250,16,0.06739961355924606,0.00031993919401429594,0.06622740626335144,0.0,0.0005307287210598588,0.0005300643388181925,0.13500775396823883,0.46842771768569946
35300,16,0.06579355150461197,0.00029169931076467037,0.06749820709228516,0.0,0.0005796332843601704,0.0005820791702717543,0.13474516570568085,0.4681573808193207
35350,16,0.06442161649465561,0.0003163610817864537,0.06747673451900482,0.0,0.0004266516480129212,0.0004286668845452368,0.13307002186775208,0.47333407402038574
35400,16,0.06769222766160965,0.0003573169815354049,0.06502363830804825,0.0,0.0005031637265346944,0.000502824317663908,0.13407917320728302,0.47073638439178467
35450,16,0.06617049127817154,0.00029852084117010236,0.06701496988534927,0.0,0.0004965444677509367,0.0005002073012292385,0.13448072969913483,0.4707086384296417
35500,16,0.06771591305732727,0.00032855337485671043,0.07089882344007492,0.0,0.0004038047627545893,0.0004047654219903052,0.1397518515586853,0.4670918583869934
35550,16,0.06542893499135971,0.00033223122591152787,0.06723915040493011,0.0,0.000517688225954771,0.0005189732764847577,0.13403697311878204,0.4721520245075226
35600,16,0.06458140909671783,0.00031919157481752336,0.0670212060213089,0.0,0.0004785103374160826,0.0004774556146003306,0.13287776708602905,0.46619531512260437
35650,16,0.06652065366506577,0.0004214787913952023,0.06885957717895508,0.0,0.000487842335132882,0.0004925598623231053,0.13678210973739624,0.4692891240119934
35700,16,0.0658881813287735,0.0003859122225549072,0.06759188324213028,0.0,0.0004999854136258364,0.000502481241710484,0.13486844301223755,0.47323572635650635
35750,16,0.06411473453044891,0.0003436062834225595,0.06851465255022049,0.0,0.0005282060010358691,0.0005290934350341558,0.134030282497406,0.47395992279052734
35800,16,0.066042959690094,0.0003705502604134381,0.06661330908536911,0.0,0.00047352584078907967,0.00047409243416041136,0.13397443294525146,0.4707423746585846
35850,16,0.06276791542768478,0.000389769091270864,0.06533005088567734,0.0,0.00041853374568745494,0.00041888863779604435,0.12932515144348145,0.4617975652217865
35900,16,0.06465469300746918,0.0003107888041995466,0.06496043503284454,0.0,0.0005420377710834146,0.0005480709951370955,0.13101601600646973,0.4749280512332916
35950,16,0.06339410692453384,0.0003511165559757501,0.06723912060260773,0.0,0.0004655235097743571,0.0004626837617252022,0.13191254436969757,0.4705559015274048
36000,16,0.0667114332318306,0.0003446312330197543,0.06777140498161316,0.0,0.0005352117004804313,0.0005344934179447591,0.1358971744775772,0.4690735340118408
36050,16,0.06513185799121857,0.000355597585439682,0.06715425848960876,0.0,0.0005226732464507222,0.0005241704639047384,0.1336885541677475,0.46665889024734497
36100,17,0.06531558185815811,0.00029571098275482655,0.06543612480163574,0.0,0.00048425793647766113,0.00048484746366739273,0.13201653957366943,0.46580934524536133
36150,17,0.06442328542470932,0.0003479736333247274,0.06406563520431519,0.0,0.0005175726255401969,0.0005163074820302427,0.12987078726291656,0.4713979661464691
36200,17,0.06473217159509659,0.0003739203093573451,0.06663989275693893,0.0,0.0005272912094369531,0.0005282479105517268,0.13280153274536133,0.47253766655921936
36250,17,0.06556941568851471,0.00029912684112787247,0.06705793738365173,0.0,0.00044248218182474375,0.0004478193004615605,0.13381677865982056,0.46888622641563416
36300,17,0.06263411790132523,0.00034065148793160915,0.06458999961614609,0.0,0.0005438938969746232,0.0005438735242933035,0.12865252792835236,0.46848851442337036
36350,17,0.06472288072109222,0.0003299959353171289,0.06913525611162186,0.0,0.00046098034363240004,0.0004613531637005508,0.13511046767234802,0.4683762788772583
36400,17,0.06479144841432571,0.00032705257763154805,0.06565752625465393,0.0,0.0004534235631581396,0.00045681337360292673,0.1316862553358078,0.4687475860118866
36450,17,0.06514617800712585,0.0003609536215662956,0.06654448807239532,0.0,0.0004985418636351824,0.0005000870442017913,0.13305024802684784,0.47095778584480286
36500,17,0.06752242147922516,0.000330514507368207,0.06623733043670654,0.0,0.00043164397357031703,0.0004297957639209926,0.13495171070098877,0.46954822540283203
36550,17,0.06509419530630112,0.0003665700787678361,0.06581401824951172,0.0,0.0005378891946747899,0.0005391855956986547,0.1323518604040146,0.4744861125946045
36600,17,0.06490545719861984,0.0003347689635120332,0.06861183047294617,0.0,0.0005156531697139144,0.0005161360022611916,0.134883850812912,0.4716232120990753
36650,17,0.06589163839817047,0.00041105441050603986,0.06667052954435349,0.0,0.0006364347063936293,0.0006361150881275535,0.13424576818943024,0.47047632932662964
36700,17,0.06387095153331757,0.0003777934471145272,0.0640188679099083,0.0,0.0004934711614623666,0.0004938382189720869,0.12925492227077484,0.46787792444229126
36750,17,0.0667702928185463,0.0003914112166967243,0.06523055583238602,0.0,0.000563129608053714,0.0005663968622684479,0.13352178037166595,0.467447429895401
36800,17,0.06202276796102524,0.0003835912502836436,0.06521539390087128,0.0,0.0004986427957192063,0.0005009343731217086,0.12862132489681244,0.46650710701942444
36850,17,0.07293456792831421,0.0004253453225828707,0.07163642346858978,0.0,0.0006163252983242273,0.0006156897870823741,0.1462283581495285,0.474100798368454
36900,17,0.06595668941736221,0.00042327825212851167,0.06549280881881714,0.0,0.0005502064013853669,0.000547860749065876,0.13297083973884583,0.4717729687690735
36950,17,0.06573215126991272,0.0003689117729663849,0.06409943103790283,0.0,0.0004592968907672912,0.0004635112709365785,0.13112330436706543,0.470813125371933
37000,17,0.06708204001188278,0.0003962729824706912,0.06708341836929321,0.0,0.000531392521224916,0.0005332973669283092,0.135626420378685,0.4704893231391907
37050,17,0.0649150088429451,0.0003671522135846317,0.06481947749853134,0.0,0.0005199129809625447,0.0005227856454439461,0.13114432990550995,0.4647809565067291
37100,17,0.06671811640262604,0.00036491360515356064,0.06543129682540894,0.0,0.0006181797944009304,0.0006218254566192627,0.13375432789325714,0.47104549407958984
37150,17,0.06572307646274567,0.00030618664459325373,0.06500417739152908,0.0,0.0004805008939001709,0.0004799283924512565,0.1319938749074936,0.4657779335975647
37200,17,0.06567955017089844,0.000372414942830801,0.06488040834665298,0.0,0.000492348219268024,0.0004948909627273679,0.13191962242126465,0.47096994519233704
37250,17,0.06412465870380402,0.0003213141462765634,0.06411225348711014,0.0,0.00047316972631961107,0.0004758836585097015,0.12950727343559265,0.4735978841781616
37300,17,0.06573557108640671,0.00036408210871741176,0.06561308354139328,0.0,0.0005747416871599853,0.0005758741172030568,0.1328633576631546,0.4706730544567108
37350,17,0.06354029476642609,0.0003685174451675266,0.06566968560218811,0.0,0.00047746810014359653,0.00047563412226736546,0.13053160905838013,0.4693976044654846
37400,17,0.06429993361234665,0.00031444476917386055,0.06448668241500854,0.0,0.0005803891690447927,0.0005826421547681093,0.13026410341262817,0.4768480062484741
37450,17,0.06519477814435959,0.00032337260199710727,0.06874711811542511,0.0,0.0004519477079156786,0.00045679943286813796,0.13517402112483978,0.4656479060649872
37500,17,0.06602966040372849,0.00033961638109758496,0.06621630489826202,0.0,0.0005554842646233737,0.0005548604531213641,0.13369593024253845,0.46798670291900635
37550,17,0.06507913768291473,0.0003614186425693333,0.0672035664319992,0.0,0.0005083134165033698,0.0005088491598144174,0.13366128504276276,0.475540429353714
37600,17,0.06482093036174774,0.0004577095387503505,0.06651712208986282,0.0,0.00048947858158499,0.0004914759192615747,0.13277672231197357,0.4677901864051819
37650,17,0.06482214480638504,0.0003927970537915826,0.06894910335540771,0.0,0.0005667938385158777,0.0005660848692059517,0.13529691100120544,0.4751027226448059
37700,17,0.06337204575538635,0.00037626424455083907,0.06653797626495361,0.0,0.00044400227488949895,0.00044365861685946584,0.13117393851280212,0.46947234869003296
37750,17,0.06651826202869415,0.0003204519744031131,0.0687406063079834,0.0,0.0004842078487854451,0.00048370385775342584,0.13654722273349762,0.4723348021507263
37800,17,0.06479697674512863,0.0003905350749846548,0.06543033570051193,0.0,0.0004995226045139134,0.0005006176652386785,0.13161799311637878,0.4676362872123718
37850,17,0.06300968676805496,0.0003737987717613578,0.06488178670406342,0.0,0.000532856909558177,0.0005348639097064734,0.1293329894542694,0.47073209285736084
37900,17,0.0632929727435112,0.0003243412065785378,0.06794749945402145,0.0,0.0005054642097093165,0.0005061058327555656,0.1325763761997223,0.4729773998260498
37950,17,0.06353354454040527,0.0003490726521704346,0.06836992502212524,0.0,0.0004695772076956928,0.00046894303523004055,0.1331910640001297,0.4677812457084656
38000,17,0.06784824281930923,0.0003778152749873698,0.06527013331651688,0.0,0.00048804166726768017,0.0004880267661064863,0.13447226583957672,0.46707260608673096
38050,17,0.06379329413175583,0.0003179450868628919,0.06775716692209244,0.0,0.0005248121451586485,0.0005221745232120156,0.13291539251804352,0.46931809186935425
38100,17,0.06541238725185394,0.00032778613967821,0.06698039174079895,0.0,0.000503860239405185,0.000503355695400387,0.1337277740240097,0.475827693939209
38150,17,0.06168968230485916,0.000299661245662719,0.06398802995681763,0.0,0.0003993032732978463,0.0003998074389528483,0.12677647173404694,0.4689815044403076
38200,17,0.0661943182349205,0.0003509180969558656,0.06846608966588974,0.0,0.0005960539565421641,0.0005990517674945295,0.13620641827583313,0.4715314507484436
38250,17,0.06310176104307175,0.00035932823084294796,0.0633196011185646,0.0,0.0004804054624401033,0.0004806452780030668,0.127741739153862,0.4677010178565979
38300,17,0.06511148810386658,0.00034207303542643785,0.06855092942714691,0.0,0.00048020147369243205,0.00048107700422406197,0.13496576249599457,0.46882352232933044
38350,17,0.06328903138637543,0.0003050267696380615,0.06607799977064133,0.0,0.00044408958638086915,0.0004471330903470516,0.13056327402591705,0.46928006410598755
38400,18,0.06378523260354996,0.0003016307600773871,0.06428997218608856,0.0,0.0004731426597572863,0.00047615746734663844,0.12932613492012024,0.470364511013031
38450,18,0.06311683356761932,0.0003377533284947276,0.06566869467496872,0.0,0.0004961414379067719,0.0004998543881811202,0.13011926412582397,0.4765547811985016
38500,18,0.06223621964454651,0.0003593370784074068,0.06463177502155304,0.0,0.0005271343979984522,0.0005272419075481594,0.12828171253204346,0.4715996980667114
38550,18,0.06393572688102722,0.0003664923133328557,0.06654485315084457,0.0,0.0005137447733432055,0.0005169148207642138,0.13187772035598755,0.4765932559967041
38600,18,0.06727351248264313,0.0003681255620904267,0.06663529574871063,0.0,0.0005233902484178543,0.0005224384367465973,0.13532274961471558,0.4708694815635681
38650,18,0.06441230326890945,0.00030204292852431536,0.06536967307329178,0.0,0.0005079081747680902,0.0005093574873171747,0.13110129535198212,0.4693112373352051
38700,18,0.06623061746358871,0.0003350661136209965,0.06325669586658478,0.0,0.00046909693628549576,0.0004696653923019767,0.13076113164424896,0.46506983041763306
38750,18,0.06568537652492523,0.0003754684003069997,0.06345170736312866,0.0,0.00047448964323848486,0.0004774132976308465,0.13046444952487946,0.46595779061317444
38800,18,0.06599167734384537,0.0003614537708926946,0.06622971594333649,0.0,0.0004997689393348992,0.0005017698276787996,0.1335843801498413,0.4749554395675659
38850,18,0.06457880884408951,0.00033117839484475553,0.06768117845058441,0.0,0.0004695466486737132,0.00047311041271314025,0.13353382050991058,0.4718819856643677
38900,18,0.06466913223266602,0.00031743510044179857,0.06694653630256653,0.0,0.00045693444553762674,0.0004579268570523709,0.13284794986248016,0.46969592571258545
38950,18,0.06479431688785553,0.0003590789856389165,0.06571197509765625,0.0,0.000470028433483094,0.0004734384419862181,0.1318088322877884,0.4681558609008789
39000,18,0.06570767611265182,0.0003151749260723591,0.06372762471437454,0.0,0.0005071266205050051,0.0005078579997643828,0.13076545298099518,0.46788859367370605
39050,18,0.062172453850507736,0.0004019871703349054,0.06271207332611084,0.0,0.0004233262734487653,0.0004224758013151586,0.1261323243379593,0.47200506925582886
39100,18,0.06675552576780319,0.0003299294912721962,0.06608530879020691,0.0,0.0005895254435017705,0.0005904132267460227,0.13435068726539612,0.47115713357925415
39150,18,0.06489557027816772,0.00033799459924921393,0.0655054897069931,0.0,0.0005407211720012128,0.0005435340572148561,0.1318233162164688,0.474047988653183
39200,18,0.06408464163541794,0.00036788484430871904,0.06396779417991638,0.0,0.0004735316033475101,0.00047663282020948827,0.12937048077583313,0.46897685527801514
39250,18,0.06476636230945587,0.00032170111080631614,0.06429234892129898,0.0,0.00039757671765983105,0.00039882370037958026,0.13017681241035461,0.46395766735076904
39300,18,0.06409910321235657,0.00032990460749715567,0.06593233346939087,0.0,0.00047193001955747604,0.00047857308527454734,0.13131184875965118,0.47417378425598145
39350,18,0.06493465602397919,0.00034184264950454235,0.06547316908836365,0.0,0.0005136252730153501,0.0005186181515455246,0.1317819207906723,0.4752793312072754
39400,18,0.06299558281898499,0.00034411242813803256,0.06260909885168076,0.0,0.0005532451905310154,0.0005523914587683976,0.12705442309379578,0.4697747230529785
39450,18,0.06299839913845062,0.00032544974237680435,0.06322697550058365,0.0,0.00044563732808455825,0.00044702464947476983,0.12744349241256714,0.4690040349960327
39500,18,0.06703562289476395,0.0003304866258986294,0.06726197898387909,0.0,0.0005046103615313768,0.0005095917149446905,0.13564229011535645,0.4714811444282532
39550,18,0.06335024535655975,0.00035602349089458585,0.0649569183588028,0.0,0.00039530274807475507,0.0003932764520868659,0.12945176661014557,0.46979886293411255
39600,18,0.062039826065301895,0.00030120977316983044,0.06594156473875046,0.0,0.0004864608054049313,0.00048580882139503956,0.12925487756729126,0.4674941301345825
39650,18,0.06615784019231796,0.00033335722400806844,0.061723917722702026,0.0,0.0005010702880099416,0.0005027522565796971,0.1292189210653305,0.4720735251903534
39700,18,0.06260839104652405,0.00030194519786164165,0.06220970302820206,0.0,0.00041308917570859194,0.00041288588545285165,0.1259460151195526,0.4695664346218109
39750,18,0.06410421431064606,0.0003162866341881454,0.06205408647656441,0.0,0.0004113181494176388,0.00041357422014698386,0.1272994875907898,0.46886247396469116
39800,18,0.06332787126302719,0.0003121464396826923,0.06510468572378159,0.0,0.0004430290427990258,0.00044472809531725943,0.12963245809078217,0.46679404377937317
39850,18,0.06458689272403717,0.00031353748636320233,0.0648583248257637,0.0,0.0004497336340136826,0.00045403852709569037,0.13066251575946808,0.47143882513046265
39900,18,0.0656665489077568,0.0002945532905869186,0.06339848041534424,0.0,0.0005118735716678202,0.0005118176341056824,0.13038326799869537,0.47429564595222473
39950,18,0.06456135958433151,0.00037810386857017875,0.06738587468862534,0.0,0.0004566475981846452,0.0004582676920108497,0.1332402527332306,0.4696498215198517
40000,18,0.06437891721725464,0.0003551755507942289,0.0642954558134079,0.0,0.0005325033562257886,0.0005343682714737952,0.1300964206457138,0.4701874256134033
40050,18,0.0637841671705246,0.0004152082547079772,0.06639640033245087,0.0,0.0005327521357685328,0.0005320218624547124,0.1316605508327484,0.46805721521377563
40100,18,0.06509978324174881,0.0003183182852808386,0.06438977271318436,0.0,0.00041538249934092164,0.0004176062357146293,0.13064086437225342,0.46856313943862915
40150,18,0.06340683996677399,0.0003460768493823707,0.06682480126619339,0.0,0.00044886040268465877,0.00044894852908328176,0.1314755231142044,0.46882832050323486
40200,18,0.06157413125038147,0.0003417176194489002,0.06264523416757584,0.0,0.0003893146349582821,0.0003909147344529629,0.12534131109714508,0.468535840511322
40250,18,0.0630660206079483,0.0003323371347505599,0.06316174566745758,0.0,0.00047324917977675796,0.00047325214836746454,0.12750661373138428,0.4734553098678589
40300,18,0.06469357013702393,0.00035931007005274296,0.06491595506668091,0.0,0.0004854859143961221,0.0004875720478594303,0.13094189763069153,0.47236117720603943
40350,18,0.06232063099741936,0.00031691970070824027,0.06365250051021576,0.0,0.0004890350392088294,0.0004927521804347634,0.1272718459367752,0.4656834602355957
40400,18,0.0673188641667366,0.0003525417414493859,0.06498230993747711,0.0,0.00048528885236009955,0.0004873167781624943,0.1336263120174408,0.4731523096561432
40450,18,0.06095072254538536,0.0003730999887920916,0.06574206054210663,0.0,0.0004899824853055179,0.0004866334202233702,0.12804250419139862,0.47170954942703247
40500,18,0.06482666730880737,0.00037428265204653144,0.06286512315273285,0.0,0.0004724263271782547,0.0004738332936540246,0.1290123164653778,0.4774608314037323
40550,18,0.06392907351255417,0.0003312579938210547,0.06342238187789917,0.0,0.000508552067913115,0.0005064004799351096,0.12869766354560852,0.4705178141593933
40600,18,0.06308139115571976,0.000333256961312145,0.06400460749864578,0.0,0.0004488241393119097,0.0004502373340073973,0.12831832468509674,0.46878159046173096
40650,19,0.06304525583982468,0.00032750057289376855,0.061943136155605316,0.0,0.0003803945437539369,0.000380088749807328,0.1260763704776764,0.4680890142917633
40700,19,0.063545823097229,0.0003238490899093449,0.06496940553188324,0.0,0.00048408270231448114,0.00048436049837619066,0.1298075169324875,0.4703052043914795
40750,19,0.062181390821933746,0.00029514532070606947,0.06489874422550201,0.0,0.0004637952079065144,0.0004627765738405287,0.12830184400081635,0.47136226296424866
40800,19,0.0633200854063034,0.00030540412990376353,0.06675639748573303,0.0,0.0004809595411643386,0.0004814910935238004,0.13134433329105377,0.4707967936992645
40850,19,0.06147776171565056,0.0003683865361381322,0.06208103150129318,0.0,0.0005154003738425672,0.0005146799958311021,0.12495725601911545,0.46807634830474854
40900,19,0.06363167613744736,0.0003571513225324452,0.06620582193136215,0.0,0.0004594798374455422,0.00046108788228593767,0.13111521303653717,0.4718332588672638
40950,19,0.06263825297355652,0.00035947072319686413,0.06350688636302948,0.0,0.00045535777462646365,0.00045530119678005576,0.1274152547121048,0.47008681297302246
41000,19,0.06229659914970398,0.00037642865208908916,0.06366442143917084,0.0,0.00045329760177992284,0.00045575035619549453,0.12724648416042328,0.470086008310318
41050,19,0.06309012323617935,0.00031982874497771263,0.06175636127591133,0.0,0.0004511144361458719,0.0004523088864516467,0.12606973946094513,0.4697512984275818
41100,19,0.06302078068256378,0.0003861911245621741,0.06467123329639435,0.0,0.00048658010200597346,0.0004865594091825187,0.1290513426065445,0.4697437286376953
41150,19,0.06635104864835739,0.00033375711063854396,0.06666477769613266,0.0,0.00038609764305874705,0.00038524309638887644,0.13412092626094818,0.46997469663619995
41200,19,0.061934467405080795,0.00039040285628288984,0.0638677179813385,0.0,0.00041583861457183957,0.00041618687100708485,0.1270246058702469,0.4712328016757965
41250,19,0.06558962911367416,0.00039112078957259655,0.06753107160329819,0.0,0.0005148389027453959,0.0005167957278899848,0.13454344868659973,0.476497083902359
41300,19,0.06299231201410294,0.0003381655551493168,0.06519623100757599,0.0,0.0004342273168731481,0.00043422559974715114,0.12939517199993134,0.46772921085357666
41350,19,0.06489436328411102,0.00036671527777798474,0.06181265041232109,0.0,0.0005167813505977392,0.0005196001147851348,0.1281101107597351,0.4706825315952301
41400,19,0.06284453719854355,0.00031594024039804935,0.06512551009654999,0.0,0.00047543575055897236,0.00047527026617899537,0.12923669815063477,0.4697113037109375
41450,19,0.0633530467748642,0.00035784917417913675,0.06561366468667984,0.0,0.00044476852053776383,0.0004456424212548882,0.13021495938301086,0.473888099193573
41500,19,0.06306055933237076,0.000328221038216725,0.06332679837942123,0.0,0.0004278418782632798,0.00042956857942044735,0.12757298350334167,0.47242653369903564
41550,19,0.06260377913713455,0.00034799781860783696,0.06332074105739594,0.0,0.0004678534751292318,0.0004653670475818217,0.1272057294845581,0.47198033332824707
41600,19,0.06432632356882095,0.0003574441361706704,0.06409294158220291,0.0,0.0004512056475505233,0.00045466149458661675,0.12968257069587708,0.4667178690433502
41650,19,0.06464816629886627,0.000310540635837242,0.0648915022611618,0.0,0.00047911543515510857,0.00047964160330593586,0.1308089643716812,0.4689590334892273
41700,19,0.06620223075151443,0.0003602468059398234,0.06422106921672821,0.0,0.0005061643896624446,0.000503604649566114,0.1317933201789856,0.4677901268005371
41750,19,0.06274352222681046,0.00036844948772341013,0.060643959790468216,0.0,0.0004731318331323564,0.00047319295117631555,0.12470225989818573,0.46818163990974426
41800,19,0.06538964062929153,0.0003289543092250824,0.06729908287525177,0.0,0.0005320730269886553,0.0005301334895193577,0.13407987356185913,0.46659207344055176
41850,19,0.06419003009796143,0.00033481005812063813,0.06472360342741013,0.0,0.00048556740512140095,0.0004846149531658739,0.13021862506866455,0.4726817011833191
41900,19,0.06368354707956314,0.00034687682637013495,0.06428775191307068,0.0,0.000484328658785671,0.0004911709111183882,0.12929368019104004,0.4746286869049072
41950,19,0.06233012303709984,0.0002646964858286083,0.0630311593413353,0.0,0.0004331907257437706,0.0004344402696006,0.12649360299110413,0.4701845645904541
42000,19,0.06520804017782211,0.0003552154521457851,0.06279640644788742,0.0,0.0005282358033582568,0.000531092518940568,0.1294189840555191,0.4711526930332184
42050,19,0.06294563412666321,0.00032578871469013393,0.06297976523637772,0.0,0.0004699588462244719,0.00047383439959958196,0.12719498574733734,0.46869340538978577
42100,19,0.06255508959293365,0.0003532096743583679,0.06331751495599747,0.0,0.0004628905444405973,0.00046492088586091995,0.12715362012386322,0.475134015083313
42150,19,0.0605158768594265,0.00034558813786134124,0.06394679844379425,0.0,0.000409820961067453,0.00040820889989845455,0.12562629580497742,0.4663016200065613
42200,19,0.06331707537174225,0.0003879208816215396,0.06478748470544815,0.0,0.000555560109205544,0.0005541538121178746,0.12960219383239746,0.46612629294395447
42250,19,0.06405440717935562,0.0004179275128990412,0.06545647978782654,0.0,0.00046091218246147037,0.00046187645057216287,0.1308515965938568,0.4705154597759247
42300,19,0.060366541147232056,0.00033096506376750767,0.06545029580593109,0.0,0.000431644672062248,0.00043576525058597326,0.12701521813869476,0.4677411913871765
42350,19,0.06475180387496948,0.00032656820258125663,0.0649004876613617,0.0,0.0004742003511637449,0.0004750276275444776,0.13092809915542603,0.46942418813705444
42400,19,0.060396164655685425,0.0003499962331261486,0.0627472922205925,0.0,0.0005021797260269523,0.0005050706095062196,0.12450069934129715,0.46141940355300903
42450,19,0.06275337934494019,0.00031883566407486796,0.06583403050899506,0.0,0.00045516161480918527,0.00045529130147770047,0.1298166960477829,0.4737392067909241
42500,19,0.06438475847244263,0.00034529599361121655,0.06576922535896301,0.0,0.0005027157603763044,0.0005006678984500468,0.1315026581287384,0.4734688103199005
42550,19,0.0634198784828186,0.0003147212555631995,0.06529173254966736,0.0,0.00041751639219000936,0.00041770178359001875,0.12986154854297638,0.46989330649375916
42600,19,0.06375639140605927,0.00037889403756707907,0.06487828493118286,0.0,0.0004785995406564325,0.00047815561993047595,0.12997032701969147,0.4730226397514343
42650,19,0.06369154155254364,0.00034636244527064264,0.06300859153270721,0.0,0.00044572356273420155,0.00044503327808342874,0.12793725728988647,0.4712074398994446
42700,19,0.06081066653132439,0.000340113474521786,0.06162690743803978,0.0,0.0003523591149132699,0.00035188099718652666,0.12348192930221558,0.4623791575431824
42750,19,0.063932403922081,0.0003512697876431048,0.06530867516994476,0.0,0.0004020982887595892,0.0004043753142468631,0.13039883971214294,0.4689173400402069
42800,19,0.06116239354014397,0.00035672547528520226,0.06548793613910675,0.0,0.0004239665868226439,0.0004242962459102273,0.1278553158044815,0.4679262638092041
42850,19,0.06363634765148163,0.0003417106927372515,0.06385058164596558,0.0,0.00043853919487446547,0.0004406428779475391,0.12870782613754272,0.4711669683456421
42900,20,0.06272579729557037,0.0003264221013523638,0.0647272914648056,0.0,0.0005159935681149364,0.0005145808681845665,0.1288100928068161,0.4726981818675995
42950,20,0.06098359078168869,0.0003250701120123267,0.06397257000207901,0.0,0.0003869276843033731,0.00038777070585638285,0.12605592608451843,0.46636277437210083
43000,20,0.06463570892810822,0.00034445058554410934,0.06318598240613937,0.0,0.0004531853483058512,0.00045251991832628846,0.12907184660434723,0.4684416651725769
43050,20,0.06204327568411827,0.00034595458419062197,0.06334147602319717,0.0,0.00042479089461266994,0.0004241117276251316,0.12657961249351501,0.4671519994735718
43100,20,0.0633879080414772,0.0003398626868147403,0.06452569365501404,0.0,0.0005771206342615187,0.000578351435251534,0.12940892577171326,0.47463613748550415
43150,20,0.06281185150146484,0.0003631690633483231,0.06451073288917542,0.0,0.0005031652399338782,0.0005057284142822027,0.12869465351104736,0.4691523015499115
43200,20,0.06123180314898491,0.0003137686871923506,0.06405844539403915,0.0,0.0004456884053070098,0.00044982420513406396,0.12649953365325928,0.4702529311180115
43250,20,0.06229078769683838,0.0003242958919145167,0.06309627741575241,0.0,0.00041831767885014415,0.0004214605432935059,0.12655113637447357,0.46861621737480164
43300,20,0.064879409968853,0.0003287891740910709,0.06370014697313309,0.0,0.0004484678793232888,0.00045148254139348865,0.12980829179286957,0.4678456485271454
43350,20,0.06183755025267601,0.0003197542973794043,0.06136150658130646,0.0,0.0004508175770752132,0.0004520643560681492,0.12442169338464737,0.46619105339050293
43400,20,0.06613949686288834,0.0003424449823796749,0.06350494921207428,0.0,0.0004208305908832699,0.00042189410305581987,0.1308296024799347,0.4675508141517639
43450,20,0.06210295110940933,0.0003229235881008208,0.06407714635133743,0.0,0.0004306495829951018,0.00043109015678055584,0.12736475467681885,0.468477338552475
43500,20,0.059384629130363464,0.0002784201060421765,0.06298825144767761,0.0,0.0004330489900894463,0.00043399311834946275,0.12351834028959274,0.47072261571884155
43550,20,0.06250162422657013,0.00028877993463538587,0.06422308087348938,0.0,0.0004856758168898523,0.0004882024950347841,0.1279873549938202,0.46827295422554016
43600,20,0.06234145909547806,0.00030368741136044264,0.06565733999013901,0.0,0.0004704992170445621,0.0004718586278613657,0.1292448490858078,0.47064661979675293
43650,20,0.06186063215136528,0.0003000294673256576,0.062185343354940414,0.0,0.00044464709935709834,0.0004455877060536295,0.12523624300956726,0.4649651050567627
43700,20,0.06663799285888672,0.00031936372397467494,0.06355741620063782,0.0,0.00046615186147391796,0.00046638393541797996,0.13144730031490326,0.46940770745277405
43750,20,0.06322929263114929,0.00032920617377385497,0.06354345381259918,0.0,0.0004721477162092924,0.000473680003779009,0.12804777920246124,0.4681057333946228
43800,20,0.06151216849684715,0.00036279927007853985,0.06317778676748276,0.0,0.0005302113713696599,0.0005329064442776144,0.12611587345600128,0.4718475341796875
43850,20,0.06385735422372818,0.00032395494054071605,0.06266045570373535,0.0,0.00042193703120574355,0.0004241552669554949,0.12768784165382385,0.47055482864379883
43900,20,0.06053192913532257,0.00034591445000842214,0.06203678995370865,0.0,0.0004352933610789478,0.0004364571941550821,0.12378638237714767,0.4652125835418701
43950,20,0.060334984213113785,0.0003125215880572796,0.06405249238014221,0.0,0.00048510165652260184,0.00048689311370253563,0.12567198276519775,0.469389945268631
44000,20,0.060464706271886826,0.00035546987783163786,0.06394556164741516,0.0,0.00039542641025036573,0.00039515452226623893,0.1255563199520111,0.46545112133026123
44050,20,0.06124108284711838,0.0003198156482540071,0.06462734192609787,0.0,0.0004135340277571231,0.00041552336188033223,0.1270173043012619,0.46669650077819824
44100,20,0.060870859771966934,0.0003478062280919403,0.06528937071561813,0.0,0.00045897805830463767,0.0004582529654726386,0.12742526829242706,0.4689732789993286
44150,20,0.06398898363113403,0.00033280433854088187,0.0645291656255722,0.0,0.000566665141377598,0.0005664639757014811,0.1299840807914734,0.47022613883018494
44200,20,0.06091900169849396,0.0004052607109770179,0.06334611028432846,0.0,0.0004659213300328702,0.0004665040469262749,0.12560279667377472,0.47006234526634216
44250,20,0.06104819476604462,0.0003607496037147939,0.06357088685035706,0.0,0.0004618451348505914,0.0004631347255781293,0.12590481340885162,0.4662867784500122
44300,20,0.0654924064874649,0.00032536854268983006,0.06602104753255844,0.0,0.0005004300037398934,0.0004983885446563363,0.13283765316009521,0.469883531332016
44350,20,0.06138252839446068,0.00029851513681933284,0.06427562981843948,0.0,0.00038230294012464583,0.00038357218727469444,0.1267225444316864,0.4668754041194916
44400,20,0.06471849232912064,0.00032078209915198386,0.06378361582756042,0.0,0.0005163579480722547,0.0005168183124624193,0.12985606491565704,0.47111427783966064
44450,20,0.06519317626953125,0.00029829004779458046,0.06664314866065979,0.0,0.0004320389125496149,0.0004333662218414247,0.13300001621246338,0.4659954905509949
44500,20,0.060048118233680725,0.0003511080867610872,0.061991408467292786,0.0,0.0004402312042657286,0.0004386712971609086,0.12326953560113907,0.47040385007858276
44550,20,0.06457001715898514,0.00030956475529819727,0.06429693847894669,0.0,0.0004626782611012459,0.0004641408158931881,0.13010334968566895,0.46931540966033936
44600,20,0.06108025833964348,0.000337237142957747,0.06673060357570648,0.0,0.000421786739025265,0.0004221811250317842,0.12899206578731537,0.4689072072505951
44650,20,0.06303028762340546,0.0003319356474094093,0.061775509268045425,0.0,0.0004554906045086682,0.0004567980067804456,0.12605002522468567,0.47081226110458374
44700,20,0.062429286539554596,0.0003725416900124401,0.06241366267204285,0.0,0.00043272459879517555,0.0004308146599214524,0.1260790377855301,0.4680600166320801
44750,20,0.059835467487573624,0.0003556596930138767,0.06397810578346252,0.0,0.00040517246816307306,0.00040518457535654306,0.12497958540916443,0.47038328647613525
44800,20,0.062289170920848846,0.0003222493105567992,0.06331691145896912,0.0,0.00039648052188567817,0.0003986085648648441,0.12672343850135803,0.47420480847358704
44850,20,0.06358347833156586,0.0003704541886691004,0.06557659804821014,0.0,0.0005517450044862926,0.0005505245644599199,0.13063280284404755,0.4693584442138672
44900,20,0.0609407052397728,0.00037193685420788825,0.06222961097955704,0.0,0.0004827541997656226,0.00048175742267630994,0.12450676411390305,0.47095000743865967
44950,20,0.05899624153971672,0.00035875162575393915,0.06170075386762619,0.0,0.0004862562636844814,0.0004877799656242132,0.12202978879213333,0.4687366187572479
45000,20,0.06313150376081467,0.0003049567458219826,0.06384424865245819,0.0,0.0004693178052548319,0.0004694235394708812,0.12821945548057556,0.47233814001083374
45050,20,0.062443725764751434,0.0003089462989009917,0.06444410979747772,0.0,0.00046898136497475207,0.0004680856363847852,0.1281338632106781,0.47227245569229126
45100,20,0.06339957565069199,0.00034860786399804056,0.06373460590839386,0.0,0.0004126779967918992,0.00041348111699335277,0.1283089518547058,0.4649333655834198
