step,epoch,pred,sigreg,anchor,anchor_pred,total,latent_std
50,1,0.020058859139680862,8.252809524536133,0.44351550936698914,0.4477059245109558,0.9525443315505981,0.9466322660446167
100,1,0.046439528465270996,7.614452838897705,0.2603287398815155,0.24993029236793518,0.5947707891464233,0.8626936674118042
150,1,0.08274411410093307,5.453164577484131,0.16806961596012115,0.07828205823898315,0.35636162757873535,0.9032086133956909
200,1,0.051803793758153915,4.577538967132568,0.0859965905547142,0.043249573558568954,0.20393764972686768,0.9385796785354614
250,1,0.03698067367076874,3.4589450359344482,0.03798788785934448,0.030928833410143852,0.12319212406873703,0.9689264297485352
300,1,0.030145874246954918,3.5744149684906006,0.03619328513741493,0.027165614068508148,0.11137685179710388,0.9743757247924805
350,1,0.05234666168689728,3.597419261932373,0.04009431600570679,0.03581967204809189,0.1462477445602417,0.9751567840576172
400,1,0.02939845249056816,3.3708364963531494,0.024202793836593628,0.019064616411924362,0.08952004462480545,0.9920256733894348
450,1,0.03706464171409607,3.890535831451416,0.02372409775853157,0.020802786573767662,0.101044200360775,0.9828421473503113
500,1,0.03380824252963066,3.172750949859619,0.03700016066431999,0.032292578369379044,0.11896473169326782,0.9908775091171265
550,1,0.04369587451219559,3.7762908935546875,0.023826897144317627,0.015507936477661133,0.10191216319799423,0.9718395471572876
600,1,0.03281329944729805,3.3496811389923096,0.02483339048922062,0.018762480467557907,0.0931575745344162,0.9896916151046753
650,1,0.03889710456132889,3.4151625633239746,0.022616587579250336,0.02081776224076748,0.09940727055072784,0.9900906085968018
700,1,0.043675489723682404,3.8771920204162598,0.02762223780155182,0.02092425897717476,0.11160793900489807,0.9784717559814453
750,1,0.03799677640199661,3.4979772567749023,0.023090383037924767,0.016776742413640022,0.09535378962755203,0.9774464964866638
800,1,0.03193244710564613,3.4899485111236572,0.020894600078463554,0.016934413462877274,0.08721119910478592,0.9839616417884827
850,1,0.03946273773908615,3.227252721786499,0.01853404939174652,0.01466199941933155,0.08879505097866058,0.984499990940094
900,1,0.03482227772474289,3.1642284393310547,0.020745493471622467,0.014149518683552742,0.08553843200206757,0.9821873307228088
950,1,0.026191893965005875,3.2789690494537354,0.021335868164896965,0.018170636147260666,0.0820932388305664,0.9973168969154358
1000,1,0.044227518141269684,3.3983240127563477,0.016914058476686478,0.01637265831232071,0.09450585395097733,0.985722541809082
1050,1,0.027440479025244713,3.1430938243865967,0.013863272964954376,0.011385934427380562,0.0684051513671875,0.9977141618728638
1100,1,0.04014257714152336,3.1677231788635254,0.01743227429687977,0.012519021518528461,0.08593249320983887,0.987419843673706
1150,1,0.03123055398464203,3.0093443393707275,0.02064703404903412,0.015653595328330994,0.0825779065489769,0.9944313168525696
1200,1,0.03260941803455353,3.12255859375,0.016456039622426033,0.012385781854391098,0.07706402987241745,0.995520830154419
1250,1,0.038407690823078156,3.2091267108917236,0.017240703105926514,0.010472003370523453,0.08216603100299835,0.9860642552375793
1300,1,0.032037749886512756,2.869626045227051,0.016268571838736534,0.012626582756638527,0.0752810388803482,0.9924594759941101
1350,1,0.046756960451602936,3.555539131164551,0.021476706489920616,0.016014564782381058,0.10202592611312866,0.9895104169845581
1400,1,0.0283462256193161,2.892174243927002,0.024663735181093216,0.018643319606781006,0.08611415326595306,0.9954606294631958
1450,1,0.040376096963882446,2.8286056518554688,0.011941544711589813,0.010837174952030182,0.07729784399271011,0.9870635271072388
1500,1,0.025107072666287422,2.974849224090576,0.016802800819277763,0.01331317238509655,0.07009729743003845,0.9944612979888916
1550,1,0.039677076041698456,2.8853821754455566,0.01855580508708954,0.013078797608613968,0.08573858439922333,0.9841703772544861
1600,1,0.025126535445451736,2.811309814453125,0.014276934787631035,0.011022585444152355,0.06448259949684143,0.9935274124145508
1650,1,0.05061425268650055,2.8590149879455566,0.0237220898270607,0.018681293353438377,0.10731270909309387,0.9817901849746704
1700,1,0.02343292348086834,2.7628536224365234,0.015481522306799889,0.013197860680520535,0.06592657417058945,0.9910794496536255
1750,1,0.03074004128575325,2.7637367248535156,0.022761888802051544,0.018490441143512726,0.0858110561966896,0.9888386130332947
1800,1,0.027653781697154045,3.032874584197998,0.019573748111724854,0.01763564720749855,0.08002755045890808,0.9872373342514038
1850,1,0.023748207837343216,2.9225101470947266,0.015162625350058079,0.010926825925707817,0.0644502118229866,0.9898222088813782
1900,1,0.021084008738398552,2.8407211303710938,0.012332390993833542,0.011806163936853409,0.05942616984248161,0.9922854900360107
1950,1,0.032936181873083115,2.844444990158081,0.014784513972699642,0.011796398088335991,0.07373932003974915,0.9845669269561768
2000,1,0.027506273239850998,2.6105704307556152,0.015191265381872654,0.01033245399594307,0.06608284264802933,0.9899468421936035
2050,1,0.02804744616150856,2.8486928939819336,0.014478135854005814,0.008856949396431446,0.06562599539756775,0.9910479187965393
2100,1,0.026612121611833572,2.7145824432373047,0.022181838750839233,0.01674046739935875,0.07910734415054321,0.992065966129303
2150,1,0.023107318207621574,2.4972574710845947,0.013533273711800575,0.00878587830811739,0.057912759482860565,0.9893176555633545
2200,1,0.027767667546868324,2.676344871520996,0.01940741017460823,0.013776196166872978,0.07433299720287323,0.9890264272689819
2250,1,0.023808546364307404,2.5835485458374023,0.012875914573669434,0.011201085522770882,0.060803286731243134,0.9916098713874817
2300,2,0.026282809674739838,2.5791468620300293,0.012829591520130634,0.010189732536673546,0.06219786778092384,0.9874893426895142
2350,2,0.03785423934459686,2.6244499683380127,0.016446631401777267,0.01353936642408371,0.08096248656511307,0.9822927713394165
2400,2,0.02468995749950409,2.534816265106201,0.01326029747724533,0.010325223207473755,0.06094956025481224,0.9896681308746338
2450,2,0.025211364030838013,2.6219990253448486,0.011312032118439674,0.008179258555173874,0.0578126534819603,0.9889881014823914
2500,2,0.035600654780864716,2.568638563156128,0.019487155601382256,0.013738300651311874,0.08166930079460144,0.9845082759857178
2550,2,0.03710310161113739,2.5097970962524414,0.015867440029978752,0.01105574518442154,0.07657527178525925,0.9857809543609619
2600,2,0.04810478165745735,2.6436972618103027,0.017121348530054092,0.012442577630281448,0.09088718891143799,0.9834282398223877
2650,2,0.024063196033239365,2.642285108566284,0.01082715205848217,0.006709289737045765,0.05481106415390968,0.9896552562713623
2700,2,0.0400022491812706,3.0558457374572754,0.023124855011701584,0.012962834909558296,0.09136916697025299,0.9826445579528809
2750,2,0.029288899153470993,2.686676502227783,0.013360653072595596,0.009571235626935959,0.06565417349338531,0.9860754013061523
2800,2,0.031100090593099594,2.355323076248169,0.008108176290988922,0.006659220904111862,0.05764410272240639,0.9862937331199646
2850,2,0.027960097417235374,3.0771584510803223,0.014572195708751678,0.011605451814830303,0.06952354311943054,0.9869439601898193
2900,2,0.02437209151685238,2.6345765590667725,0.013490402139723301,0.010983900167047977,0.06201927363872528,0.9915640950202942
2950,2,0.0332135334610939,2.315952777862549,0.015357686206698418,0.010669209063053131,0.07082019001245499,0.987622857093811
3000,2,0.0386345200240612,2.605041265487671,0.01349321473389864,0.009235398843884468,0.07438834011554718,0.9892374277114868
3050,2,0.03573737293481827,2.524439811706543,0.017012855038046837,0.011919774115085602,0.07729220390319824,0.994179368019104
3100,2,0.02547319605946541,2.5460543632507324,0.012594007886946201,0.0076819551177322865,0.0584794282913208,0.9881231784820557
3150,2,0.028225772082805634,2.3100061416625977,0.012874484062194824,0.01024521142244339,0.06289549916982651,0.9842354655265808
3200,2,0.036640241742134094,2.651745319366455,0.02040335349738598,0.016944941133260727,0.08724725991487503,0.9807037115097046
3250,2,0.027123425155878067,2.458004951477051,0.01542871817946434,0.01213160715997219,0.06697377562522888,0.9903372526168823
3300,2,0.044925570487976074,2.4670767784118652,0.021832510828971863,0.011645111255347729,0.09073857963085175,0.9839419722557068
3350,2,0.02635343000292778,2.6617984771728516,0.017622631043195724,0.00991104170680046,0.06719609349966049,0.9827425479888916
3400,2,0.028412826359272003,2.6137030124664307,0.014326365664601326,0.00989067554473877,0.06569838523864746,0.9874197840690613
3450,2,0.022446589544415474,2.4690661430358887,0.011352753266692162,0.007919051684439182,0.05406372621655464,0.9917626976966858
3500,2,0.031338170170784,2.6214406490325928,0.016073616221547127,0.011216729879379272,0.07173571735620499,0.9861146807670593
3550,2,0.03304067254066467,2.8136136531829834,0.012253420427441597,0.008078815415501595,0.06744097173213959,0.9821727275848389
3600,2,0.03113529086112976,3.3376049995422363,0.020398594439029694,0.015523603186011314,0.08374551683664322,0.9826862812042236
3650,2,0.03452225401997566,3.2572598457336426,0.016668803989887238,0.011309577152132988,0.0787869319319725,0.9838789701461792
3700,2,0.028447840362787247,3.0914249420166016,0.013441763818264008,0.008546051569283009,0.0658927783370018,0.9872050285339355
3750,2,0.03556623309850693,3.096583366394043,0.01866210252046585,0.01352913398295641,0.08324038982391357,0.9838050603866577
3800,2,0.03990472853183746,2.7657275199890137,0.021115068346261978,0.012451482936739922,0.08729991316795349,0.9760577082633972
3850,2,0.027398616075515747,3.1832103729248047,0.020257748663425446,0.012890826910734177,0.0764632374048233,0.9856524467468262
3900,2,0.05168648809194565,2.878613233566284,0.014827456325292587,0.00902121514081955,0.08992822468280792,0.9887428283691406
3950,2,0.031789131462574005,2.9051380157470703,0.018012911081314087,0.011413718573749065,0.07574145495891571,0.9846023321151733
4000,2,0.03285911679267883,3.068584442138672,0.024011723697185516,0.015070682391524315,0.08728444576263428,0.9783815145492554
4050,2,0.0266597680747509,3.4746196269989014,0.02098952978849411,0.015603723004460335,0.08062611520290375,0.9767381548881531
4100,2,0.03310731425881386,2.8164894580841064,0.02110215090215206,0.011686723679304123,0.07997862994670868,0.9810205101966858
4150,2,0.02581721544265747,2.6990156173706055,0.012749659828841686,0.008158543147146702,0.060220494866371155,0.9795418977737427
4200,2,0.0391991026699543,2.5774455070495605,0.014331575483083725,0.009518522769212723,0.07593642920255661,0.9740784168243408
4250,2,0.046763062477111816,2.7602412700653076,0.019176257774233818,0.011910177767276764,0.09165070205926895,0.9702020883560181
4300,2,0.035074103623628616,3.245781898498535,0.025118179619312286,0.017505792900919914,0.09392698854207993,0.9757565259933472
4350,2,0.03647853434085846,2.8126769065856934,0.027232926338911057,0.023177992552518845,0.10095283389091492,0.9822251200675964
4400,2,0.032635368406772614,2.781970977783203,0.016277004033327103,0.00876490119844675,0.07158713042736053,0.9813567399978638
4450,2,0.039224933832883835,2.685202121734619,0.017290793359279633,0.010349061340093613,0.0802907943725586,0.9793975949287415
4500,2,0.039475854486227036,2.9753971099853516,0.02588854916393757,0.01868595741689205,0.09892734885215759,0.9838559627532959
4550,3,0.041626349091529846,2.566091537475586,0.019960898905992508,0.010645236819982529,0.08506294339895248,0.9814847707748413
4600,3,0.03488103300333023,2.720409631729126,0.013165406882762909,0.009374361485242844,0.07102285325527191,0.9811468124389648
4650,3,0.03293891251087189,2.7284717559814453,0.01465698517858982,0.008607182651758194,0.06984543800354004,0.9811949133872986
4700,3,0.032709963619709015,2.8217427730560303,0.013518575578927994,0.008728383108973503,0.0690656378865242,0.974371075630188
4750,3,0.02856886014342308,2.7684171199798584,0.013150781393051147,0.008459232747554779,0.06402096152305603,0.9770371317863464
4800,3,0.041427284479141235,2.5681369304656982,0.01289304532110691,0.007332412526011467,0.0744934231042862,0.9725447297096252
4850,3,0.043627992272377014,2.553853988647461,0.016297057271003723,0.011479087173938751,0.08417341113090515,0.9753666520118713
4900,3,0.03485429286956787,2.8016676902770996,0.02362063154578209,0.01383434608578682,0.08631761372089386,0.9750460982322693
4950,3,0.04210410267114639,2.839445114135742,0.01626548543572426,0.009063675999641418,0.08163049072027206,0.9751989245414734
5000,3,0.027791352942585945,2.959164619445801,0.023662641644477844,0.015343666076660156,0.08159348368644714,0.9744952321052551
5050,3,0.03335270285606384,2.526493549346924,0.013891948387026787,0.008271316066384315,0.06814843416213989,0.973926842212677
5100,3,0.028051741421222687,2.8397772312164307,0.01602369174361229,0.009496700949966908,0.06777101755142212,0.9734572172164917
5150,3,0.032539620995521545,2.608659029006958,0.01582271419465542,0.010528824292123318,0.07193445414304733,0.978371798992157
5200,3,0.04130175709724426,2.6510369777679443,0.015826664865016937,0.012962613254785538,0.08334621787071228,0.973569393157959
5250,3,0.03298066183924675,2.580551862716675,0.018639573827385902,0.009815018624067307,0.07433801144361496,0.9735962152481079
5300,3,0.04670367017388344,2.6772539615631104,0.018652072176337242,0.010893039405345917,0.08963505178689957,0.9656515121459961
5350,3,0.03128639608621597,2.6275131702423096,0.016190968453884125,0.010929876007139683,0.07154480367898941,0.968793511390686
5400,3,0.02723061293363571,2.6227340698242188,0.012870367616415024,0.008439220488071442,0.06165387108922005,0.9716467261314392
5450,3,0.03282447159290314,2.367689609527588,0.0117868697270751,0.006647174246609211,0.06309696286916733,0.971578061580658
5500,3,0.04347090423107147,2.4299733638763428,0.015331998467445374,0.007061179727315903,0.07801394909620285,0.9712806940078735
5550,3,0.04567363113164902,2.730534076690674,0.015302803367376328,0.009111574850976467,0.08374068140983582,0.9776890873908997
5600,3,0.03735531121492386,2.4684524536132812,0.014150372706353664,0.0076810456812381744,0.07152899354696274,0.9706505537033081
5650,3,0.030437208712100983,2.4239344596862793,0.012537156231701374,0.008860982954502106,0.06395502388477325,0.9674184322357178
5700,3,0.04172535240650177,2.737070083618164,0.019088130444288254,0.01204819604754448,0.08654703199863434,0.9669263362884521
5750,3,0.026185110211372375,2.624664545059204,0.01281611155718565,0.00851108692586422,0.060635630041360855,0.9757154583930969
5800,3,0.0500468909740448,2.5179967880249023,0.016140341758728027,0.009170670062303543,0.08794789016246796,0.9707666039466858
5850,3,0.028750352561473846,2.620553970336914,0.013667324557900429,0.009089479222893715,0.06460992991924286,0.9731506109237671
5900,3,0.05226730555295944,2.6124489307403564,0.023963291198015213,0.015555568039417267,0.10484841465950012,0.9674922227859497
5950,3,0.030915018171072006,2.5726661682128906,0.015144762583076954,0.009103968739509583,0.0680270791053772,0.971601665019989
6000,3,0.02903870679438114,2.530439853668213,0.015034770593047142,0.009422927163541317,0.06614860147237778,0.9783219695091248
6050,3,0.03448924794793129,2.24318528175354,0.012549614533782005,0.007954444736242294,0.06620923429727554,0.9781140089035034
6100,3,0.03337731957435608,2.6894118785858154,0.013379705138504505,0.0070815859362483025,0.06728567183017731,0.9766684174537659
6150,3,0.03281586989760399,2.548835039138794,0.017825664952397346,0.010884984396398067,0.07427069544792175,0.977882981300354
6200,3,0.02795693278312683,2.62811541557312,0.01517973281443119,0.009703945368528366,0.0659811869263649,0.9855133295059204
6250,3,0.026511382311582565,2.514832019805908,0.01567596197128296,0.00963071919977665,0.06439222395420074,0.9873744249343872
6300,3,0.03370483219623566,2.277482271194458,0.01400479394942522,0.008406166918575764,0.06750320643186569,0.9768905639648438
6350,3,0.030546490103006363,2.61879825592041,0.013087673112750053,0.008089831098914146,0.06481797993183136,0.9704535007476807
6400,3,0.02690412476658821,2.4880595207214355,0.016003668308258057,0.009114230051636696,0.0644623190164566,0.9750655889511108
6450,3,0.026320291683077812,2.311605930328369,0.009384706616401672,0.005949975922703743,0.05321300029754639,0.9749301075935364
6500,3,0.02719307690858841,2.317781686782837,0.009806865826249123,0.00635354220867157,0.05494239181280136,0.9748133420944214
6550,3,0.03413136303424835,2.4044294357299805,0.01322704553604126,0.010360089130699635,0.06974063813686371,0.9692701101303101
6600,3,0.034336358308792114,2.514028787612915,0.011137448251247406,0.007574311923235655,0.06561826169490814,0.9692635536193848
6650,3,0.04836609587073326,2.215353012084961,0.01664433814585209,0.009735330939292908,0.08582253009080887,0.9677641987800598
6700,3,0.03034166619181633,2.3231077194213867,0.017866283655166626,0.011422837153077126,0.07124632596969604,0.9705287218093872
6750,3,0.028579112142324448,2.2364988327026367,0.017799261957406998,0.010063586756587029,0.06762445718050003,0.9745728969573975
6800,4,0.028291387483477592,2.3311686515808105,0.01443451177328825,0.008190960623323917,0.06257270276546478,0.9733906984329224
6850,4,0.028991250321269035,2.100553512573242,0.013452772051095963,0.006987274624407291,0.059934064745903015,0.9741017818450928
6900,4,0.029600901529192924,2.3359696865081787,0.011005470529198647,0.005966745316982269,0.0582529678940773,0.9728014469146729
6950,4,0.03224938362836838,2.0600812435150146,0.010872846469283104,0.006311329547315836,0.05973396450281143,0.9726390242576599
7000,4,0.030621875077486038,2.1365838050842285,0.017759978771209717,0.008730489760637283,0.06779526174068451,0.9725220799446106
7050,4,0.028290998190641403,2.148651599884033,0.017579037696123123,0.010219791904091835,0.06683308631181717,0.9729156494140625
7100,4,0.030683517456054688,2.158496141433716,0.013362615369260311,0.007614259608089924,0.06245287135243416,0.9732175469398499
7150,4,0.02955498918890953,2.273556709289551,0.011355995200574398,0.006186328362673521,0.05846509337425232,0.9783446788787842
7200,4,0.03146194666624069,2.0861761569976807,0.015985528007149696,0.008479488082230091,0.06635784357786179,0.975773811340332
7250,4,0.030945010483264923,2.3426074981689453,0.010742993094027042,0.005511580966413021,0.058912619948387146,0.9743424654006958
7300,4,0.02919148840010166,2.1711437702178955,0.011495236307382584,0.0055872006341814995,0.057129643857479095,0.9727514982223511
7350,4,0.028906920924782753,2.107841968536377,0.013394031673669815,0.005629988852888346,0.05847015231847763,0.9721183776855469
7400,4,0.03112427145242691,2.185943603515625,0.016420423984527588,0.006649634800851345,0.06512404978275299,0.9719411730766296
7450,4,0.027690399438142776,2.319807529449463,0.0188093651086092,0.010078531689941883,0.06817733496427536,0.971867024898529
7500,4,0.03051372617483139,2.084467887878418,0.015432622283697128,0.007654255256056786,0.06402294337749481,0.9714640378952026
7550,4,0.029509425163269043,2.087378978729248,0.0118692172691226,0.007058035582304001,0.05887357145547867,0.9716283679008484
7600,4,0.029424920678138733,2.171335458755493,0.00748435640707612,0.004472570959478617,0.052238523960113525,0.971690833568573
7650,4,0.031772974878549576,2.117640495300293,0.010915376245975494,0.006720695644617081,0.05999724939465523,0.971624493598938
7700,4,0.03289145603775978,2.1463043689727783,0.011959798634052277,0.005706390365958214,0.061289168894290924,0.9709762334823608
7750,4,0.02729753591120243,2.27917218208313,0.00858563557267189,0.005210042931139469,0.05248907580971718,0.9686797261238098
7800,4,0.032440394163131714,1.9401264190673828,0.017531868070364,0.007783530279994011,0.06745642423629761,0.968278169631958
7850,4,0.037268564105033875,2.1043763160705566,0.011874145828187466,0.007207237649708986,0.06687182933092117,0.96710205078125
7900,4,0.03303965926170349,2.3180830478668213,0.011353649199008942,0.006101400125771761,0.062085121870040894,0.9716143608093262
7950,4,0.032503969967365265,2.2543725967407227,0.01174146682024002,0.0074172234162688255,0.0629345253109932,0.9697884321212769
8000,4,0.04291801527142525,2.3306992053985596,0.024605844169855118,0.01424458995461464,0.09342194348573685,0.969097375869751
8050,4,0.026145974174141884,2.418832302093506,0.017015352845191956,0.009371597319841385,0.06462708115577698,0.9691885709762573
8100,4,0.025749938562512398,2.3586182594299316,0.010617969557642937,0.006364702712744474,0.0545257031917572,0.9730815887451172
8150,4,0.02705642208456993,2.3096461296081543,0.011426668614149094,0.0064942119643092155,0.05652553588151932,0.9733390808105469
8200,4,0.0314360186457634,2.2345776557922363,0.01671341434121132,0.008493462577462196,0.06781578063964844,0.9717777371406555
8250,4,0.03037426620721817,2.23923921585083,0.013471214100718498,0.006305583752691746,0.06134726107120514,0.9694105982780457
8300,4,0.03556876629590988,2.3408994674682617,0.01732805371284485,0.009676354937255383,0.07427766919136047,0.966781735420227
8350,4,0.029901105910539627,2.483112096786499,0.01684589684009552,0.010568124242126942,0.06973068416118622,0.9672097563743591
8400,4,0.03553859889507294,2.0469627380371094,0.01715933158993721,0.008948113769292831,0.07188086211681366,0.97065669298172
8450,4,0.02877795323729515,2.382556915283203,0.02110697701573372,0.009231927804648876,0.0710296481847763,0.9706794023513794
8500,4,0.026301786303520203,2.23805570602417,0.01895398274064064,0.010062135756015778,0.06650818884372711,0.9706608057022095
8550,4,0.026355573907494545,2.416825771331787,0.015022666193544865,0.008091481402516365,0.06155385076999664,0.9695184826850891
8600,4,0.024888314306735992,2.18786358833313,0.011956017464399338,0.006862549111247063,0.05464620143175125,0.9700960516929626
8650,4,0.025839008390903473,2.164832830429077,0.013790367171168327,0.005777612328529358,0.05623115599155426,0.9688124656677246
8700,4,0.02619166672229767,2.2578463554382324,0.012377954088151455,0.0072058988735079765,0.05706474930047989,0.969068169593811
8750,4,0.02938837930560112,1.951694369316101,0.009680664166808128,0.004923082422465086,0.053750596940517426,0.9676779508590698
8800,4,0.02529832348227501,2.1583306789398193,0.014260061085224152,0.005769240204244852,0.05611927807331085,0.9665363430976868
8850,4,0.026404336094856262,2.1964235305786133,0.013320722617208958,0.007226366549730301,0.057933542877435684,0.966255784034729
8900,4,0.031125152483582497,2.233513593673706,0.011360276490449905,0.00558830238878727,0.05924130231142044,0.9660235047340393
8950,4,0.028418797999620438,2.120710849761963,0.0159948468208313,0.00916364323347807,0.06418084353208542,0.9685600996017456
9000,4,0.0332491435110569,2.180361270904541,0.01327133271843195,0.00819065235555172,0.06561293452978134,0.9664965867996216
9050,5,0.02931767702102661,2.2907660007476807,0.00939359050244093,0.005358919035643339,0.05552401393651962,0.9642803072929382
9100,5,0.026287857443094254,2.367840528488159,0.01284427847713232,0.007590128108859062,0.05856146663427353,0.9649550914764404
9150,5,0.03218814730644226,2.2110679149627686,0.015002315863966942,0.009480206295847893,0.0677260085940361,0.9657495617866516
9200,5,0.02610677108168602,2.31732177734375,0.013151267543435097,0.006959433201700449,0.057804081588983536,0.9657737016677856
9250,5,0.02411966398358345,2.229098081588745,0.011606333777308464,0.005883913952857256,0.05275540053844452,0.9726268649101257
9300,5,0.027516229078173637,2.0773749351501465,0.015225300565361977,0.00843766052275896,0.0615660659968853,0.973857045173645
9350,5,0.028955064713954926,2.1664466857910156,0.015739858150482178,0.007378711365163326,0.06290587037801743,0.9716570377349854
9400,5,0.02827317826449871,2.083049774169922,0.011350050568580627,0.006718636490404606,0.056757114827632904,0.9696857929229736
9450,5,0.027516799047589302,2.0386881828308105,0.011517468839883804,0.005060653202235699,0.054288364946842194,0.9726071357727051
9500,5,0.024572104215621948,2.1721746921539307,0.011828480288386345,0.005455481819808483,0.0527169406414032,0.9726627469062805
9550,5,0.02568153664469719,2.1353931427001953,0.00884230062365532,0.006481372285634279,0.05168217420578003,0.971930205821991
9600,5,0.03398203104734421,2.0098466873168945,0.009538456797599792,0.0056032766588032246,0.05917299538850784,0.9703476428985596
9650,5,0.0258426945656538,2.38908314704895,0.007432946003973484,0.005264402832835913,0.05048545449972153,0.9710836410522461
9700,5,0.0313628613948822,2.511052131652832,0.023102324455976486,0.010240607894957066,0.0772610530257225,0.9706610441207886
9750,5,0.030473187565803528,2.218479633331299,0.01461233664304018,0.008604446426033974,0.06478236615657806,0.9679550528526306
9800,5,0.022870130836963654,2.3532299995422363,0.015179740265011787,0.008928249590098858,0.058744270354509354,0.9743533134460449
9850,5,0.03116908296942711,2.184959888458252,0.020037729293107986,0.01126773003488779,0.07339933514595032,0.97294020652771
9900,5,0.024952813982963562,2.1231777667999268,0.013185039162635803,0.007394949905574322,0.05614869296550751,0.9746413230895996
9950,5,0.02377280965447426,2.310713291168213,0.020244091749191284,0.01191641390323639,0.06748688220977783,0.9756749868392944
10000,5,0.026450376957654953,2.138833522796631,0.01447746716439724,0.0065752556547522545,0.0581972673535347,0.9735009670257568
10050,5,0.022323913872241974,2.188143253326416,0.01842563971877098,0.00800231471657753,0.05969258397817612,0.975127100944519
10100,5,0.024363841861486435,2.147352695465088,0.014934332109987736,0.006716999225318432,0.05675193667411804,0.9732470512390137
10150,5,0.024719860404729843,2.187328815460205,0.00894332304596901,0.004793711006641388,0.049393538385629654,0.9731430411338806
10200,5,0.02199263498187065,2.0301172733306885,0.010391655378043652,0.005389378406107426,0.04792425408959389,0.972672164440155
10250,5,0.02527979202568531,2.2889256477355957,0.01287264097481966,0.007166428491473198,0.05676348879933357,0.972368597984314
10300,5,0.02735404670238495,2.1810317039489746,0.02324916049838066,0.012644336558878422,0.07415270060300827,0.9709360003471375
10350,5,0.023786377161741257,2.035269021987915,0.00847460888326168,0.0056423284113407135,0.04807966202497482,0.9706800580024719
10400,5,0.025606464594602585,2.088956594467163,0.008709250018000603,0.0052258772775530815,0.049986373633146286,0.9716588854789734
10450,5,0.02614372968673706,2.2339608669281006,0.01544282492250204,0.007123472169041634,0.05987983196973801,0.9704090356826782
10500,5,0.02425645850598812,2.1048269271850586,0.013335103169083595,0.007870315574109554,0.055986009538173676,0.9717674851417542
10550,5,0.0228840634226799,2.2745444774627686,0.006493295542895794,0.0035934741608798504,0.044343553483486176,0.9706969857215881
10600,5,0.02362406812608242,1.9730195999145508,0.007204599212855101,0.004133414942771196,0.0448271818459034,0.9713950157165527
10650,5,0.026424910873174667,1.9654617309570312,0.00717660877853632,0.004702975507825613,0.048131801187992096,0.9719070792198181
10700,5,0.02595522254705429,2.0710792541503906,0.014718214049935341,0.005630415864288807,0.05665925145149231,0.9715954065322876
10750,5,0.023747574537992477,2.092257022857666,0.013152820989489555,0.00806117057800293,0.05542284995317459,0.9709939956665039
10800,5,0.023490186780691147,2.0176868438720703,0.008502260781824589,0.00410795584321022,0.046188835054636,0.9704182147979736
10850,5,0.030594004318118095,2.2296934127807617,0.0238456130027771,0.011629106476902962,0.07721719145774841,0.9712141752243042
10900,5,0.02308008261024952,1.9528484344482422,0.0056405882351100445,0.0038871336728334427,0.042372047901153564,0.9712496399879456
10950,5,0.023047875612974167,1.9958213567733765,0.00706437136977911,0.0037782276049256325,0.04386958107352257,0.9709880352020264
11000,5,0.024628745391964912,2.0492024421691895,0.00765237445011735,0.005027218256145716,0.04755435138940811,0.9730467796325684
11050,5,0.026440128684043884,2.075878620147705,0.008369676768779755,0.006119728088378906,0.051308926194906235,0.9712890386581421
11100,5,0.028197677806019783,1.9395246505737305,0.012112502008676529,0.007258081808686256,0.057265885174274445,0.9704211950302124
11150,5,0.023512203246355057,1.971947193145752,0.0072247665375471115,0.00391920143738389,0.044515907764434814,0.9713485240936279
11200,5,0.025682389736175537,2.242513656616211,0.011706219986081123,0.005947394296526909,0.05454857274889946,0.9707835912704468
11250,5,0.025837067514657974,2.1293790340423584,0.010017979890108109,0.0049324179999530315,0.051434360444545746,0.9716960787773132
11300,6,0.025764763355255127,2.2543387413024902,0.01390131190419197,0.0072914231568574905,0.05822919309139252,0.9717534780502319
11350,6,0.02486579120159149,2.029569625854492,0.01608937233686447,0.008602872490882874,0.059705883264541626,0.9710927605628967
11400,6,0.0278508048504591,2.2673122882843018,0.020155107602477074,0.009839387610554695,0.06918185949325562,0.9729032516479492
11450,6,0.02349112555384636,2.1135029792785645,0.00836202036589384,0.004969154018908739,0.047389812767505646,0.9747687578201294
11500,6,0.031010378152132034,1.908341884613037,0.010730003006756306,0.005328041035681963,0.05661012977361679,0.9725507497787476
11550,6,0.024128559976816177,2.0349390506744385,0.010438228026032448,0.006195287220180035,0.05093676969408989,0.9763936996459961
11600,6,0.03298190236091614,2.0336966514587402,0.015711616724729538,0.0059227547608315945,0.06478475779294968,0.9749619960784912
11650,6,0.026481252163648605,2.087965488433838,0.010084506124258041,0.005755559541285038,0.05276114493608475,0.9734361171722412
11700,6,0.027096327394247055,2.102569580078125,0.008123068138957024,0.004831252153962851,0.050563495606184006,0.9714611172676086
11750,6,0.023797284811735153,2.0736939907073975,0.010209090076386929,0.007372734136879444,0.051747579127550125,0.9730151891708374
11800,6,0.03189558535814285,2.096083641052246,0.007404909934848547,0.005149121396243572,0.05493003502488136,0.9720563888549805
11850,6,0.025799134746193886,2.1633100509643555,0.012652605772018433,0.008495517075061798,0.057763807475566864,0.9745054244995117
11900,6,0.026612868532538414,2.1160502433776855,0.00896465964615345,0.005035674199461937,0.05119345337152481,0.974656343460083
11950,6,0.034716054797172546,2.107353925704956,0.01272368710488081,0.007442866452038288,0.06541937589645386,0.9730654358863831
12000,6,0.026138225570321083,2.1425373554229736,0.009237552061676979,0.004860305693000555,0.050948772579431534,0.9752855896949768
12050,6,0.032042041420936584,2.019322395324707,0.009730884805321693,0.006091352552175522,0.05796089023351669,0.9731379747390747
12100,6,0.028339087963104248,2.0039055347442627,0.009212476201355457,0.006200272589921951,0.05377136170864105,0.974097728729248
12150,6,0.03275121748447418,2.11435604095459,0.015629015862941742,0.007705731317400932,0.06665774434804916,0.9721696376800537
12200,6,0.031585682183504105,2.1549129486083984,0.014135750941932201,0.006825799588114023,0.0633217990398407,0.9700307846069336
12250,6,0.028697237372398376,2.070169448852539,0.008390642702579498,0.004844630602747202,0.052283354103565216,0.9728933572769165
12300,6,0.03305865824222565,2.030632257461548,0.013353768736124039,0.007107032462954521,0.06367261707782745,0.9705346822738647
12350,6,0.027096301317214966,2.272705078125,0.012314875610172749,0.005936533212661743,0.05671123415231705,0.9749557375907898
12400,6,0.035696789622306824,2.0048184394836426,0.016062479466199875,0.007575358264148235,0.0693587213754654,0.9711999893188477
12450,6,0.027523186057806015,2.2718725204467773,0.022633835673332214,0.010084216482937336,0.07160060107707977,0.9755847454071045
12500,6,0.028388436883687973,2.101487398147583,0.007626143284142017,0.003933322615921497,0.05045533925294876,0.9749473929405212
12550,6,0.031216975301504135,2.2368335723876953,0.014355272985994816,0.008607640862464905,0.0653640553355217,0.9745408296585083
12600,6,0.024287965148687363,2.059878349304199,0.012030218727886677,0.006050592288374901,0.052668169140815735,0.9786294102668762
12650,6,0.03288103640079498,2.103546142578125,0.009158315137028694,0.005982503294944763,0.058539584279060364,0.973840594291687
12700,6,0.024074409157037735,2.135441541671753,0.008519072085618973,0.005945614539086819,0.04921630397439003,0.9740180969238281
12750,6,0.026955317705869675,2.0259974002838135,0.008736181072890759,0.004214176908135414,0.05003565922379494,0.9761934280395508
12800,6,0.02800428308546543,1.968161940574646,0.011019144207239151,0.0063399625942111015,0.055204201489686966,0.9762072563171387
12850,6,0.024906188249588013,2.1465420722961426,0.010139401070773602,0.005339600145816803,0.051117900758981705,0.9796268939971924
12900,6,0.02921767719089985,2.0493433475494385,0.01089216023683548,0.005448975600302219,0.05580552667379379,0.980331540107727
12950,6,0.02594478614628315,2.1609787940979004,0.017168384045362473,0.008546805009245872,0.062464870512485504,0.9811292886734009
13000,6,0.028726618736982346,2.1582674980163574,0.006416160613298416,0.00444756681099534,0.05038168281316757,0.9755273461341858
13050,6,0.025332096964120865,2.1456949710845947,0.008604424074292183,0.004043735563755035,0.048708729445934296,0.9738775491714478
13100,6,0.03216397762298584,1.9347331523895264,0.014542841352522373,0.005908486433327198,0.06228896975517273,0.9724506139755249
13150,6,0.026459380984306335,2.1651694774627686,0.011658307164907455,0.005197413265705109,0.05414094775915146,0.9722613096237183
13200,6,0.030429745092988014,2.047006607055664,0.01423797756433487,0.00683542201295495,0.06173817813396454,0.9738249778747559
13250,6,0.028602128848433495,2.135709762573242,0.014155743643641472,0.007082127500325441,0.060518547892570496,0.9729537963867188
13300,6,0.02753976546227932,2.1965370178222656,0.0076639484614133835,0.0042854370549321175,0.05047183856368065,0.975734293460846
13350,6,0.03358233720064163,1.9291248321533203,0.00834671687334776,0.005241029895842075,0.05681570991873741,0.9723474979400635
13400,6,0.023497410118579865,2.1617231369018555,0.012024816125631332,0.007724395487457514,0.05405523627996445,0.9747732877731323
13450,6,0.02879682555794716,2.120015859603882,0.011797672137618065,0.006391176953911781,0.05758575350046158,0.9755212068557739
13500,6,0.024916140362620354,2.177722454071045,0.014653350226581097,0.007113123778253794,0.05757122486829758,0.9754125475883484
13550,7,0.026793519034981728,2.1020355224609375,0.00873195007443428,0.005245612934231758,0.05128125846385956,0.9786971807479858
13600,7,0.029369855299592018,2.1822509765625,0.008518891409039497,0.004521062131971121,0.05332106351852417,0.9741988182067871
13650,7,0.023656046018004417,2.1454238891601562,0.01037868857383728,0.005505157634615898,0.05026701092720032,0.975627064704895
13700,7,0.028706729412078857,2.1941471099853516,0.010737207718193531,0.004825655370950699,0.05524032562971115,0.9739609956741333
13750,7,0.02800637111067772,2.077573299407959,0.007699910551309586,0.0045953295193612576,0.05068947374820709,0.9748253226280212
13800,7,0.02521107718348503,2.129232406616211,0.006716151721775532,0.004290418699383736,0.04686380922794342,0.9789512157440186
13850,7,0.029301494359970093,2.022193670272827,0.012537568807601929,0.005280292592942715,0.05723032355308533,0.9753079414367676
13900,7,0.029394350945949554,2.064809560775757,0.013425862416625023,0.006145281717181206,0.059289541095495224,0.9744787216186523
13950,7,0.024808235466480255,2.036048650741577,0.008779788389801979,0.005382739007472992,0.04915100336074829,0.9783111810684204
14000,7,0.03031391277909279,2.0128068923950195,0.010501718148589134,0.006195877678692341,0.05707554146647453,0.9766594171524048
14050,7,0.029606102034449577,2.1494429111480713,0.0074467286467552185,0.004831827711313963,0.05263187363743782,0.9746916890144348
14100,7,0.0250648595392704,2.0242176055908203,0.00916196033358574,0.0049516744911670685,0.049299582839012146,0.9766494035720825
14150,7,0.028609640896320343,2.0520033836364746,0.015737518668174744,0.009284567087888718,0.06389173865318298,0.9773460626602173
14200,7,0.02998996153473854,2.0856564044952393,0.015475109219551086,0.007756352890282869,0.06364970654249191,0.9746174812316895
14250,7,0.0279585812240839,2.176846742630005,0.0073984041810035706,0.004070889670401812,0.0503121092915535,0.9730705618858337
14300,7,0.024178359657526016,1.992035150527954,0.011157799512147903,0.005306938663125038,0.050603270530700684,0.9740939736366272
14350,7,0.029023829847574234,1.9413831233978271,0.007152607198804617,0.0036142917815595865,0.04949764162302017,0.9747809171676636
14400,7,0.028644833713769913,2.0800657272338867,0.0087742293253541,0.004911589436233044,0.0527309812605381,0.9728860855102539
14450,7,0.02515557035803795,2.1233880519866943,0.010099812410771847,0.005071830004453659,0.05094415321946144,0.9760032892227173
14500,7,0.027962204068899155,1.9719287157058716,0.010093579068779945,0.004404300358146429,0.0523197278380394,0.9757919907569885
14550,7,0.028122369199991226,2.038086414337158,0.008974350057542324,0.004577629268169403,0.051864780485630035,0.97137051820755
14600,7,0.02521975338459015,1.9442572593688965,0.008408715017139912,0.004349532537162304,0.04769928753376007,0.9748480319976807
14650,7,0.02912892960011959,2.0088376998901367,0.015984149649739265,0.008616706356406212,0.063773974776268,0.9764208793640137
14700,7,0.029059145599603653,2.16029691696167,0.007510318420827389,0.004467763006687164,0.0518387109041214,0.9760643243789673
14750,7,0.02643398568034172,2.0107319355010986,0.011081179603934288,0.005492953583598137,0.05306177958846092,0.9764823913574219
14800,7,0.026664063334465027,2.0927135944366455,0.020540200173854828,0.009887663647532463,0.0675554946064949,0.9751220941543579
14850,7,0.02594049647450447,2.115699291229248,0.008855016902089119,0.0049384282901883125,0.05031243711709976,0.9739558696746826
14900,7,0.025016523897647858,1.948967456817627,0.009807677008211613,0.0063690561801195145,0.05093809589743614,0.973676860332489
14950,7,0.02239149808883667,2.109952449798584,0.009598929435014725,0.004744833335280418,0.04728502035140991,0.9724888205528259
15000,7,0.02591036632657051,2.107816696166992,0.00756073696538806,0.0054483916610479355,0.0494585782289505,0.9734419584274292
15050,7,0.0244781281799078,1.9604434967041016,0.006467203143984079,0.004129176493734121,0.04487672448158264,0.9734125733375549
15100,7,0.02658935636281967,2.0940322875976562,0.010089618153870106,0.004512936342507601,0.05166207253932953,0.9742915630340576
15150,7,0.026489030569791794,2.100895404815674,0.011929072439670563,0.0052528297528624535,0.05417541041970253,0.9743043184280396
15200,7,0.02608100324869156,2.117582082748413,0.012766342610120773,0.006649927236139774,0.05608518049120903,0.9741272330284119
15250,7,0.025970689952373505,2.0297861099243164,0.010887110605835915,0.0046804375015199184,0.05168716982007027,0.9746279120445251
15300,7,0.0268106646835804,2.1045641899108887,0.01094948872923851,0.0067569236271083355,0.0550398975610733,0.9744200706481934
15350,7,0.025021471083164215,2.043442487716675,0.00789885688573122,0.00473713269457221,0.04787467420101166,0.9735982418060303
15400,7,0.02389247715473175,2.108335018157959,0.006923787295818329,0.0037940475158393383,0.04515198618173599,0.9740656614303589
15450,7,0.023736177012324333,2.058009147644043,0.009112447500228882,0.0037723009008914232,0.04691096767783165,0.9736047983169556
15500,7,0.025240426883101463,2.1089248657226562,0.013671389780938625,0.00616473238915205,0.05562116950750351,0.9723236560821533
15550,7,0.023222442716360092,2.1105151176452637,0.008780946023762226,0.0036599987652152777,0.0462159626185894,0.9726739525794983
15600,7,0.024289613589644432,2.0455431938171387,0.005974016152322292,0.003289816901087761,0.043781161308288574,0.9724183082580566
15650,7,0.02329971455037594,2.0842959880828857,0.011229154653847218,0.005566380452364683,0.050516728311777115,0.9735901355743408
15700,7,0.027369540184736252,1.98447585105896,0.008815373294055462,0.004230831749737263,0.05033812299370766,0.9739959836006165
15750,7,0.023258846253156662,2.10219144821167,0.015567494556307793,0.01043453998863697,0.059771835803985596,0.9720132350921631
15800,8,0.024719176813960075,2.1496846675872803,0.009883150458335876,0.00544752785935998,0.05079827457666397,0.9743124842643738
15850,8,0.022944984957575798,2.113420009613037,0.013434620574116707,0.008718352764844894,0.05566506087779999,0.9717596769332886
15900,8,0.024889439344406128,2.0642147064208984,0.00790761411190033,0.005354073829948902,0.04847219958901405,0.9733370542526245
15950,8,0.024760741740465164,2.0864875316619873,0.011625872924923897,0.004900176078081131,0.05171922594308853,0.9720720052719116
16000,8,0.025444267317652702,1.9234975576400757,0.010018912144005299,0.004808342084288597,0.049889009445905685,0.9748367071151733
16050,8,0.028781622648239136,1.8318599462509155,0.010139167308807373,0.007550645153969526,0.05563073605298996,0.9736310243606567
16100,8,0.025146234780550003,2.091529369354248,0.011421635746955872,0.005366884171962738,0.05239240080118179,0.9736108779907227
16150,8,0.02742743119597435,2.0029754638671875,0.0069860974326729774,0.004563121125102043,0.048991527408361435,0.9737117290496826
16200,8,0.024070674553513527,2.1051669120788574,0.008478164672851562,0.004623986780643463,0.04769866168498993,0.9723845720291138
16250,8,0.0263972207903862,1.9493377208709717,0.010236619040369987,0.007010587025433779,0.05339111387729645,0.9740719795227051
16300,8,0.025132950395345688,2.088730812072754,0.011668689548969269,0.005728061310946941,0.05297335609793663,0.972488284111023
16350,8,0.02610234171152115,2.0170907974243164,0.008413705043494701,0.004973192699253559,0.04957469552755356,0.9737647771835327
16400,8,0.02611011266708374,2.001096725463867,0.010432368144392967,0.004741659387946129,0.051289621740579605,0.9737624526023865
16450,8,0.025509610772132874,2.059476375579834,0.0086135845631361,0.004347536712884903,0.04876811057329178,0.9752724170684814
16500,8,0.025449195876717567,2.1067681312561035,0.008697212673723698,0.004432488698512316,0.04911273717880249,0.974811315536499
16550,8,0.027498431503772736,1.9516891241073608,0.01119737233966589,0.005941828712821007,0.05439607799053192,0.9747152328491211
16600,8,0.030118299648165703,1.9907103776931763,0.012447547167539597,0.005929762031883001,0.058449164032936096,0.9741140604019165
16650,8,0.02797982096672058,2.0489301681518555,0.008745761588215828,0.0043859160505235195,0.051356151700019836,0.9747603535652161
16700,8,0.02882595732808113,2.016695499420166,0.010462859645485878,0.0038989963941276073,0.05327129364013672,0.9747649431228638
16750,8,0.02619381994009018,2.1573641300201416,0.011241832748055458,0.004647421184927225,0.05286989361047745,0.9732062816619873
16800,8,0.028941690921783447,1.9058549404144287,0.01948351413011551,0.008193239569664001,0.06614771485328674,0.9738354086875916
16850,8,0.03301854431629181,2.0194284915924072,0.018014179542660713,0.009456423111259937,0.07058629393577576,0.9706463813781738
16900,8,0.0352059006690979,1.9635732173919678,0.012464998289942741,0.006651667878031731,0.0641404315829277,0.9718199968338013
16950,8,0.034671537578105927,2.5090279579162598,0.014224102720618248,0.008720695972442627,0.07016147673130035,0.9761813282966614
17000,8,0.0316847488284111,2.1232187747955322,0.009345938451588154,0.005581272765994072,0.057228054851293564,0.9720590114593506
17050,8,0.039194732904434204,2.1087441444396973,0.015367837622761726,0.007455497980117798,0.07256178557872772,0.961396336555481
17100,8,0.03469110280275345,2.1840524673461914,0.00913703441619873,0.005509192124009132,0.06025759130716324,0.9715667963027954
17150,8,0.04178735613822937,2.175579071044922,0.018918264657258987,0.011207536794245243,0.0827910527586937,0.9681774377822876
17200,8,0.0282328799366951,2.3302557468414307,0.010880332440137863,0.005593195557594299,0.05635768547654152,0.9777622818946838
17250,8,0.02686016820371151,2.007938861846924,0.010652026161551476,0.006091494113206863,0.05364338308572769,0.9795643091201782
17300,8,0.040517933666706085,2.067204475402832,0.012471901252865791,0.006657272577285767,0.06998313218355179,0.9730725288391113
17350,8,0.03825181722640991,2.1025848388671875,0.012316793203353882,0.005696843843907118,0.06677837669849396,0.9682674407958984
17400,8,0.029674852266907692,2.1756339073181152,0.017683517187833786,0.010308919474482536,0.06854546070098877,0.9742790460586548
17450,8,0.03283023089170456,1.9267168045043945,0.010623415932059288,0.005568551830947399,0.05865578353404999,0.9758634567260742
17500,8,0.031738560646772385,2.100451946258545,0.013007146306335926,0.006814583670347929,0.06206255033612251,0.9765525460243225
17550,8,0.029462780803442,2.152409791946411,0.009532708674669266,0.005043562967330217,0.0548010990023613,0.977950930595398
17600,8,0.03175146505236626,2.2717514038085938,0.012002643197774887,0.00708988169208169,0.06220274418592453,0.9800574779510498
17650,8,0.030440228059887886,2.003690719604492,0.02014262229204178,0.007655673660337925,0.06825697422027588,0.9788421392440796
17700,8,0.03184663876891136,2.1872031688690186,0.025294994935393333,0.012109881266951561,0.08018752932548523,0.9773588180541992
17750,8,0.030383098870515823,1.9553277492523193,0.009283311665058136,0.004553616978228092,0.05399666726589203,0.9756255149841309
17800,8,0.029038572683930397,2.095445156097412,0.008614644408226013,0.00460242573171854,0.05273286625742912,0.976406455039978
17850,8,0.029546301811933517,2.0193920135498047,0.00858895294368267,0.004391486290842295,0.052623700350522995,0.9774509072303772
17900,8,0.028248606249690056,2.1093811988830566,0.00971585139632225,0.004335304256528616,0.052846670150756836,0.9773622751235962
17950,8,0.028874322772026062,2.1382906436920166,0.008935666643083096,0.003742530243471265,0.05224397033452988,0.9807714223861694
18000,8,0.028300687670707703,2.2657241821289062,0.0095684714615345,0.004293602891266346,0.05349138379096985,0.980215847492218
18050,9,0.02786095067858696,2.162067413330078,0.01658688299357891,0.007251899689435959,0.06251007318496704,0.9795885682106018
18100,9,0.028309408575296402,2.00042462348938,0.010852060280740261,0.005197618156671524,0.054361212998628616,0.97674161195755
18150,9,0.027296610176563263,2.2172226905822754,0.013192372396588326,0.007418002001941204,0.05899309739470482,0.9760860204696655
18200,9,0.0267905592918396,2.05167818069458,0.007901584729552269,0.00457392493262887,0.0495244599878788,0.9749547839164734
18250,9,0.028428293764591217,2.1825928688049316,0.010316477157175541,0.006257479079067707,0.055915214121341705,0.9727745056152344
18300,9,0.025193946436047554,2.4643516540527344,0.009480904787778854,0.005139779299497604,0.052136387676000595,0.9720472097396851
18350,9,0.029396094381809235,2.048128366470337,0.007533415220677853,0.003905954770743847,0.05107610672712326,0.9709386825561523
18400,9,0.0260307714343071,2.0597872734069824,0.00943082943558693,0.00548747181892395,0.051248010247945786,0.9716991186141968
18450,9,0.027843572199344635,2.0966930389404297,0.015337223187088966,0.010158582590520382,0.06382284313440323,0.972709059715271
18500,9,0.027321720495820045,2.072591543197632,0.012496830895543098,0.004690254107117653,0.05487176403403282,0.9711451530456543
18550,9,0.026814615353941917,2.085162878036499,0.008378258906304836,0.003590356558561325,0.049209047108888626,0.972661554813385
18600,9,0.024614639580249786,2.0378880500793457,0.009683397598564625,0.00502425990998745,0.04951173812150955,0.9726386666297913
18650,9,0.024992389604449272,2.056217670440674,0.013382894918322563,0.005578039214015007,0.05423441156744957,0.97324138879776
18700,9,0.02394036203622818,2.0974044799804688,0.013841992244124413,0.005869971588253975,0.05413934588432312,0.9719563126564026
18750,9,0.02519890107214451,2.0310893058776855,0.01162882149219513,0.004655160009860992,0.05163832753896713,0.9713425040245056
18800,9,0.02500642091035843,2.2066383361816406,0.010176017880439758,0.004940670914947987,0.05115630105137825,0.9728807210922241
18850,9,0.02486220747232437,2.1981046199798584,0.014820519834756851,0.005429480690509081,0.056102730333805084,0.9722995162010193
18900,9,0.024560408666729927,2.106539726257324,0.008533254265785217,0.004467392340302467,0.048093751072883606,0.9720298051834106
18950,9,0.02770058810710907,2.0816476345062256,0.0075677260756492615,0.005025495775043964,0.0507020466029644,0.9715741276741028
19000,9,0.02477431297302246,2.116048812866211,0.007366465404629707,0.004104847554117441,0.046825867146253586,0.9719458818435669
19050,9,0.022099193185567856,2.2049756050109863,0.0071375807747244835,0.004655246622860432,0.044916898012161255,0.9707136750221252
19100,9,0.02693323791027069,1.9157662391662598,0.008158871904015541,0.004222090821713209,0.0488930344581604,0.9710811376571655
19150,9,0.021480239927768707,2.1786413192749023,0.009701058268547058,0.006108645349740982,0.048183150589466095,0.9719312787055969
19200,9,0.02440713346004486,1.9016222953796387,0.006320296786725521,0.004652462899684906,0.044888004660606384,0.9711816310882568
19250,9,0.023601394146680832,2.0509047508239746,0.007782391272485256,0.0041178250685334206,0.04575613513588905,0.9707709550857544
19300,9,0.024693824350833893,1.9434341192245483,0.0072190845385193825,0.003444984555244446,0.04507506266236305,0.971510648727417
19350,9,0.022360635921359062,2.219407320022583,0.00775250094011426,0.004981685429811478,0.04619185999035835,0.9703904986381531
19400,9,0.022844312712550163,2.0155210494995117,0.010333236306905746,0.005882770288735628,0.04913792386651039,0.9710614681243896
19450,9,0.023506347090005875,2.108116388320923,0.004774537868797779,0.0029487782157957554,0.041770245879888535,0.9700518250465393
19500,9,0.025506608188152313,2.149664878845215,0.010686466470360756,0.0038770290557295084,0.05081842839717865,0.9705713391304016
19550,9,0.023634351789951324,1.9613662958145142,0.00521194189786911,0.002972172573208809,0.04162529855966568,0.9711830615997314
19600,9,0.023481855168938637,1.9447380304336548,0.00487851444631815,0.002985368948429823,0.041069429367780685,0.9727200269699097
19650,9,0.02357940748333931,1.8524794578552246,0.007658007554709911,0.0036656714510172606,0.044165484607219696,0.9722311496734619
19700,9,0.023677140474319458,1.9367510080337524,0.009676493704319,0.004867451265454292,0.0479048416018486,0.9718915224075317
19750,9,0.024975210428237915,2.031726837158203,0.006318747065961361,0.0030983828473836184,0.044550977647304535,0.9730579853057861
19800,9,0.024282824248075485,2.052133083343506,0.012012769468128681,0.00502906134352088,0.05158531665802002,0.9731979370117188
19850,9,0.023730333894491196,2.070251941680908,0.006182527635246515,0.0037023876793682575,0.04396650940179825,0.9717549681663513
19900,9,0.024982774630188942,1.790656328201294,0.010306190699338913,0.003310590051114559,0.047552838921546936,0.9707854986190796
19950,9,0.02222399413585663,2.07025146484375,0.009878208860754967,0.004088175017386675,0.04654163122177124,0.9709426164627075
20000,9,0.025182358920574188,1.9353209733963013,0.006825643591582775,0.004090220667421818,0.045774828642606735,0.9715750813484192
20050,9,0.021765630692243576,2.064507246017456,0.012579270638525486,0.0069742351770401,0.05164167284965515,0.9721962213516235
20100,9,0.021742723882198334,1.9946708679199219,0.010268330574035645,0.003701743669807911,0.04568615183234215,0.9721688032150269
20150,9,0.02466307207942009,2.038107395172119,0.009507870301604271,0.004630938172340393,0.04899241775274277,0.9725888967514038
20200,9,0.023891951888799667,2.0174131393432617,0.013032731600105762,0.0054270680993795395,0.05243881791830063,0.9727267026901245
20250,9,0.02277643047273159,1.984693169593811,0.00507139228284359,0.004189235158264637,0.04196052625775337,0.9714593887329102
20300,9,0.02145710401237011,1.9524484872817993,0.010399822145700455,0.005604797042906284,0.04722396284341812,0.9719775915145874
20350,10,0.0243879072368145,2.0319457054138184,0.01019300241023302,0.0038173110224306583,0.04855794832110405,0.9727051258087158
20400,10,0.025189954787492752,2.015195846557617,0.008874780498445034,0.0035897083580493927,0.047730423510074615,0.9716077446937561
20450,10,0.0226290300488472,2.0510199069976807,0.008356371894478798,0.0029727707151323557,0.044213272631168365,0.9715632796287537
20500,10,0.025483189150691032,1.947658896446228,0.011202022433280945,0.004147714469581842,0.05057121813297272,0.9711544513702393
20550,10,0.021510515362024307,1.8704230785369873,0.006802377291023731,0.002957575023174286,0.04062258079648018,0.9716212749481201
20600,10,0.022381756454706192,1.9103487730026245,0.007056765258312225,0.00474200677126646,0.04373227432370186,0.9709439873695374
20650,10,0.02283386141061783,1.8781816959381104,0.00540215102955699,0.0035882049705833197,0.04121512547135353,0.9717707633972168
20700,10,0.0246893223375082,2.01269793510437,0.006343926303088665,0.003331363433972001,0.04442810267210007,0.9709172248840332
20750,10,0.023477260023355484,2.044482469558716,0.009568587876856327,0.005338272079825401,0.04860653355717659,0.9713598489761353
20800,10,0.023488570004701614,2.0715627670288086,0.008014040999114513,0.00336957024410367,0.04522999748587608,0.97092604637146
20850,10,0.023456649854779243,1.8257722854614258,0.0060442485846579075,0.003104697447270155,0.04173445701599121,0.9720317125320435
20900,10,0.022002581506967545,2.031855583190918,0.012731660157442093,0.005583048798143864,0.0504765659570694,0.9713677167892456
20950,10,0.025340549647808075,1.9450874328613281,0.008132693357765675,0.004399961791932583,0.047598641365766525,0.97087562084198
21000,10,0.022713353857398033,1.8046057224273682,0.010062974877655506,0.004007342271506786,0.04580669850111008,0.9721678495407104
21050,10,0.024459578096866608,1.9334120750427246,0.01324130967259407,0.004419100470840931,0.05178704857826233,0.972105860710144
21100,10,0.022690942510962486,2.0402016639709473,0.006017271429300308,0.0035001058131456375,0.04240933060646057,0.9729455709457397
21150,10,0.020897381007671356,2.0633749961853027,0.006978190038353205,0.003434272948652506,0.041626717895269394,0.9722197651863098
21200,10,0.023465704172849655,1.855391502380371,0.009585721418261528,0.003122050315141678,0.04545043408870697,0.9730631113052368
21250,10,0.021887581795454025,1.9275133609771729,0.005337138194590807,0.002782995579764247,0.03964528441429138,0.9718250036239624
21300,10,0.023289639502763748,2.0102713108062744,0.004869869910180569,0.002706679981201887,0.04091754928231239,0.9727504253387451
21350,10,0.021061971783638,2.056424379348755,0.01452159695327282,0.005754158832132816,0.05161985009908676,0.9725824594497681
21400,10,0.02226276323199272,2.0687313079833984,0.0068521564826369286,0.003108781296759844,0.042567357420921326,0.969280481338501
21450,10,0.02198036015033722,2.021921396255493,0.006853870581835508,0.004636489786207676,0.043580327183008194,0.971537709236145
21500,10,0.023651834577322006,1.9858167171478271,0.010083487257361412,0.004255679436028004,0.04792008548974991,0.9708366394042969
21550,10,0.023173905909061432,1.972641944885254,0.01055390015244484,0.0036715210881084204,0.047262534499168396,0.9719743132591248
21600,10,0.023935388773679733,2.081423282623291,0.010528567247092724,0.004006118047982454,0.04887719079852104,0.971713662147522
21650,10,0.023374568670988083,1.9094840288162231,0.006681332364678383,0.0040620737709105015,0.04366539418697357,0.9706078767776489
21700,10,0.023587500676512718,1.9611341953277588,0.015316442586481571,0.007251229137182236,0.05596084147691727,0.9711940288543701
21750,10,0.02338973432779312,2.076876640319824,0.009813024662435055,0.004050642251968384,0.047637782990932465,0.9728443622589111
21800,10,0.02403523586690426,2.001490354537964,0.009884853847324848,0.004141652025282383,0.048069193959236145,0.9703394770622253
21850,10,0.023933621123433113,1.909740924835205,0.006842516362667084,0.003831287380307913,0.04415612667798996,0.9713956117630005
21900,10,0.022977042943239212,2.0014545917510986,0.006622075103223324,0.003310767002403736,0.0429171584546566,0.970635712146759
21950,10,0.023216482251882553,2.0268564224243164,0.011787324212491512,0.006429263390600681,0.051567353308200836,0.9710510969161987
22000,10,0.02493128553032875,2.0000429153442383,0.009210435673594475,0.004719576798379421,0.048861511051654816,0.9697659015655518
22050,10,0.023827455937862396,1.8966115713119507,0.006543982774019241,0.0038676694966852665,0.04372216761112213,0.9713000059127808
22100,10,0.022528525441884995,1.9062473773956299,0.00695967860519886,0.0032608886249363422,0.04228033125400543,0.9705421924591064
22150,10,0.024248065426945686,2.085989475250244,0.015455318614840508,0.004734722897410393,0.054868053644895554,0.9718963503837585
22200,10,0.025191739201545715,1.9903466701507568,0.00605196924880147,0.003213348798453808,0.04440879076719284,0.9712620973587036
22250,10,0.020865071564912796,1.9680964946746826,0.005767860449850559,0.002539444714784622,0.0390128567814827,0.9726619124412537
22300,10,0.024636801332235336,2.003333806991577,0.006353028584271669,0.0033989488147199154,0.04440544545650482,0.9740467071533203
22350,10,0.022030774503946304,2.0758626461029053,0.005311371758580208,0.0037481412291526794,0.041469596326351166,0.9710028171539307
22400,10,0.021206263452768326,1.9596877098083496,0.010257450863718987,0.006098573561757803,0.047360725700855255,0.9719302654266357
22450,10,0.02272229641675949,2.063054084777832,0.0073724165558815,0.00428909994661808,0.04469908028841019,0.9697282314300537
22500,10,0.025092948228120804,1.9182860851287842,0.008344572968780994,0.004067538771778345,0.04709649085998535,0.9722974300384521
22550,10,0.0220300555229187,2.0457592010498047,0.013683442957699299,0.005592779256403446,0.05153507739305496,0.9707474708557129
22600,11,0.022659704089164734,2.0324671268463135,0.013668074272572994,0.003995244391262531,0.05048535764217377,0.9707575440406799
22650,11,0.021745027974247932,1.9714733362197876,0.007350579835474491,0.004641690757125616,0.043594665825366974,0.9707111716270447
22700,11,0.021301988512277603,2.011096477508545,0.0046219006180763245,0.0027406769804656506,0.03872004896402359,0.9723433256149292
22750,11,0.02265314944088459,2.122042179107666,0.012804764322936535,0.004499449394643307,0.05056757479906082,0.9728386402130127
22800,11,0.023360159248113632,1.9587022066116333,0.006851350422948599,0.003939855378121138,0.04394487291574478,0.9713255167007446
22850,11,0.02344662696123123,1.9386119842529297,0.008914254605770111,0.0038926436100155115,0.04594658315181732,0.9717109203338623
22900,11,0.021258465945720673,1.9387880563735962,0.008254246786236763,0.0030039146076887846,0.042210567742586136,0.9725378751754761
22950,11,0.023554593324661255,2.011946678161621,0.009719224646687508,0.003095503430813551,0.04642905294895172,0.9718282222747803
23000,11,0.0200775396078825,2.0672364234924316,0.007243490777909756,0.004258331842720509,0.041915543377399445,0.9726177453994751
23050,11,0.024961313232779503,1.989938497543335,0.01259024627506733,0.004211253486573696,0.051712505519390106,0.9728325605392456
23100,11,0.02253652922809124,2.1198606491088867,0.008772709406912327,0.0032817546743899584,0.045190297067165375,0.972693145275116
23150,11,0.022327378392219543,1.84761381149292,0.009023131802678108,0.0030805154237896204,0.043669093400239944,0.9718747138977051
23200,11,0.023744938895106316,1.961165189743042,0.008808466605842113,0.003893141169101,0.04625237360596657,0.9724777936935425
23250,11,0.022887788712978363,1.943779468536377,0.00570867070928216,0.003605749923735857,0.04192110523581505,0.9729667901992798
23300,11,0.024692757055163383,1.8321424722671509,0.005753024481236935,0.0031727892346680164,0.042779285460710526,0.9729943871498108
23350,11,0.022608252242207527,1.9263169765472412,0.004989093169569969,0.0027408155146986246,0.03996974229812622,0.9717932939529419
23400,11,0.023775098845362663,1.9531497955322266,0.006617077626287937,0.003738831030204892,0.04389675706624985,0.9735265374183655
23450,11,0.02164202183485031,1.899193286895752,0.009760577231645584,0.004953024908900261,0.04585158824920654,0.9741012454032898
23500,11,0.023491188883781433,1.9267295598983765,0.01685604453086853,0.005670234560966492,0.055651113390922546,0.9721506834030151
23550,11,0.02179855853319168,1.8259718418121338,0.010920949280261993,0.004264420364052057,0.046113789081573486,0.9717311859130859
23600,11,0.022204354405403137,1.936347246170044,0.00559645052999258,0.004066823981702328,0.04154936224222183,0.9721835851669312
23650,11,0.022014204412698746,1.9602879285812378,0.005277102347463369,0.0029291571117937565,0.040021903812885284,0.9725855588912964
23700,11,0.021664243191480637,1.8737177848815918,0.007426204159855843,0.002718694508075714,0.04117773100733757,0.9731408357620239
23750,11,0.024723678827285767,1.897004246711731,0.004815903026610613,0.003115018829703331,0.04213961958885193,0.9732036590576172
23800,11,0.02355172485113144,1.9141998291015625,0.006909138057380915,0.0038090560119599104,0.0438409186899662,0.9732294082641602
23850,11,0.022425362840294838,1.8938740491867065,0.007088733837008476,0.0034476984292268753,0.04243116453289986,0.9730883836746216
23900,11,0.022445961833000183,1.9505329132080078,0.005460224114358425,0.0024686455726623535,0.04012749716639519,0.9722369909286499
23950,11,0.021641913801431656,1.9645369052886963,0.007264136336743832,0.004190770909190178,0.04291950538754463,0.9739195108413696
24000,11,0.021230461075901985,1.9542243480682373,0.021878976374864578,0.006447755731642246,0.059328313916921616,0.9725093841552734
24050,11,0.022109560668468475,1.9284050464630127,0.00568452849984169,0.0032440947834402323,0.040680211037397385,0.9703582525253296
24100,11,0.024120597168803215,1.8067620992660522,0.007321991957724094,0.004105782136321068,0.04458218067884445,0.9720770120620728
24150,11,0.02092856913805008,1.980541706085205,0.007323804777115583,0.0032771355472505093,0.0414322167634964,0.9721300601959229
24200,11,0.024654844775795937,1.8691368103027344,0.011558325961232185,0.004488919395953417,0.050047777593135834,0.9731163382530212
24250,11,0.022115930914878845,1.853021264076233,0.006416321732103825,0.005450598429888487,0.04324795678257942,0.972636342048645
24300,11,0.020565368235111237,1.8768792152404785,0.006551145575940609,0.00395159563049674,0.0404525026679039,0.9729057550430298
24350,11,0.022943943738937378,1.9057328701019287,0.00998190138489008,0.0043129995465278625,0.04676750674843788,0.9726138114929199
24400,11,0.02417270839214325,1.8609306812286377,0.010526694357395172,0.003810855094343424,0.04781491309404373,0.973052978515625
24450,11,0.02266813814640045,1.9315412044525146,0.005367329344153404,0.003279654774814844,0.04097282886505127,0.9737175703048706
24500,11,0.022149980068206787,1.8540575504302979,0.00595995644107461,0.0037878090515732765,0.041168034076690674,0.9724655151367188
24550,11,0.024290235713124275,1.7752056121826172,0.0075963702984154224,0.003139086998999119,0.0439017191529274,0.9713228940963745
24600,11,0.022770293056964874,2.0067052841186523,0.006645446177572012,0.0030222912319004536,0.04247155785560608,0.9723536968231201
24650,11,0.02085309848189354,1.9381276369094849,0.005115454085171223,0.0030618784949183464,0.03872106969356537,0.9728634357452393
24700,11,0.021327652037143707,1.8492738008499146,0.0053050643764436245,0.002703702077269554,0.03858278691768646,0.9723854064941406
24750,11,0.024266721680760384,1.8482694625854492,0.007849118672311306,0.0034375526010990143,0.04479474201798439,0.9737887382507324
24800,11,0.02338702604174614,1.859635591506958,0.0040250495076179504,0.0026328014209866524,0.039343055337667465,0.9727867245674133
24850,12,0.02239299565553665,1.8465617895126343,0.008821683004498482,0.0048281848430633545,0.045275673270225525,0.9724413156509399
24900,12,0.022070294246077538,1.8244062662124634,0.007655545603483915,0.0037012710236012936,0.04254914075136185,0.9737203121185303
24950,12,0.023016545921564102,1.9571075439453125,0.008462361060082912,0.003903554752469063,0.04516799747943878,0.971426248550415
25000,12,0.021700657904148102,1.9293831586837769,0.006884219124913216,0.003555959090590477,0.04178775101900101,0.9740517735481262
25050,12,0.024534476920962334,1.7826383113861084,0.010647183284163475,0.005601764656603336,0.04969661682844162,0.9722270369529724
25100,12,0.023045534268021584,1.8821275234222412,0.006968568079173565,0.003958601504564285,0.043383341282606125,0.9723188877105713
25150,12,0.023378480225801468,1.8334617614746094,0.00920584425330162,0.003253728384152055,0.04500536248087883,0.9712998867034912
25200,12,0.021795183420181274,1.8673441410064697,0.007153516635298729,0.00399900134652853,0.04228442162275314,0.9734501838684082
25250,12,0.02233964391052723,1.976635456085205,0.005458027124404907,0.002873389981687069,0.040554240345954895,0.9719457626342773
25300,12,0.024230360984802246,1.8960728645324707,0.009363042190670967,0.003540507983416319,0.04661427438259125,0.9737268090248108
25350,12,0.02305322326719761,1.873343825340271,0.005729367956519127,0.002853639656677842,0.04100295156240463,0.9716957807540894
25400,12,0.022855296730995178,1.7473905086517334,0.006043451838195324,0.002830637851729989,0.04046633839607239,0.9731690883636475
25450,12,0.02155313268303871,1.8059990406036377,0.005260122939944267,0.0027191592380404472,0.038562409579753876,0.9719534516334534
25500,12,0.022518742829561234,1.9245178699493408,0.005762024782598019,0.0031182849779725075,0.041021641343832016,0.9720073938369751
25550,12,0.02285984344780445,2.089298725128174,0.007857183925807476,0.004726853221654892,0.04589037597179413,0.9719299077987671
25600,12,0.02180987410247326,1.9394389390945435,0.008012674748897552,0.003060847520828247,0.04258058965206146,0.9740065932273865
25650,12,0.02088020369410515,1.8319951295852661,0.005813392344862223,0.0033721057698130608,0.03922567516565323,0.9743157625198364
25700,12,0.022845353931188583,1.8488726615905762,0.005860388744622469,0.0037036878056824207,0.041653793305158615,0.9732815027236938
25750,12,0.019713493064045906,1.8818200826644897,0.007578463293612003,0.003433516714721918,0.04013457149267197,0.9714794158935547
25800,12,0.024143286049365997,1.8079111576080322,0.0061142174527049065,0.0039451345801353455,0.0432421937584877,0.971198558807373
25850,12,0.023759078234434128,1.7624658346176147,0.007075903937220573,0.0034107326064258814,0.043058041483163834,0.9713634848594666
25900,12,0.021584026515483856,1.9749386310577393,0.008904291316866875,0.004043363966047764,0.04440637677907944,0.9729619026184082
25950,12,0.021293003112077713,1.799227237701416,0.008359367027878761,0.0038824453949928284,0.042530953884124756,0.9712574481964111
26000,12,0.022205429151654243,1.9216941595077515,0.010156686417758465,0.003797053825110197,0.045767642557621,0.9715954065322876
26050,12,0.020649027079343796,1.940075397491455,0.005488525610417128,0.003144519403576851,0.03898245096206665,0.9712669849395752
26100,12,0.019833814352750778,1.961525797843933,0.006175586022436619,0.002569842617958784,0.03838687017560005,0.9720240831375122
26150,12,0.023444127291440964,1.723351001739502,0.0057418374344706535,0.004420844838023186,0.04222356528043747,0.971198558807373
26200,12,0.02142401412129402,1.9698481559753418,0.006153537891805172,0.002541367895901203,0.039968159049749374,0.9721378087997437
26250,12,0.02203892171382904,1.7565512657165527,0.005319767631590366,0.0034294079523533583,0.03957085311412811,0.9712588787078857
26300,12,0.02167491987347603,1.836881160736084,0.005274955648928881,0.0029622442089021206,0.03909652680158615,0.9705264568328857
26350,12,0.02092432603240013,1.918825387954712,0.004558556713163853,0.002853273879736662,0.037930283695459366,0.9717687368392944
26400,12,0.021346230059862137,1.9718055725097656,0.006783104036003351,0.003486738307401538,0.041475098580121994,0.9719322919845581
26450,12,0.02225443534553051,1.96262788772583,0.004583653062582016,0.002648762194439769,0.039299990981817245,0.9724478721618652
26500,12,0.02224557474255562,1.8454461097717285,0.006104219704866409,0.003298216499388218,0.04087524116039276,0.9720765948295593
26550,12,0.019950013607740402,1.8312313556671143,0.00493860337883234,0.002957744523882866,0.03700251877307892,0.9719234704971313
26600,12,0.02127700299024582,1.7700177431106567,0.007482336834073067,0.003571627661585808,0.0411810576915741,0.9714967012405396
26650,12,0.02014634944498539,1.8493177890777588,0.005307310726493597,0.0026981839910149574,0.037398435175418854,0.9710124135017395
26700,12,0.01915762946009636,1.953320860862732,0.0060991691425442696,0.0027667214162647724,0.03779012709856033,0.9709334373474121
26750,12,0.020563727244734764,1.7913637161254883,0.006363139487802982,0.004008090123534203,0.03989177569746971,0.9716668128967285
26800,12,0.020651310682296753,1.8005926609039307,0.0050081731751561165,0.00295144016854465,0.0376138873398304,0.9703972339630127
26850,12,0.02175152860581875,1.787150263786316,0.005335651338100433,0.003830566070973873,0.039853498339653015,0.970894455909729
26900,12,0.02031133696436882,1.799123764038086,0.01090710423886776,0.005538169294595718,0.04575222730636597,0.9705643653869629
26950,12,0.020677316933870316,1.848635196685791,0.0057964930310845375,0.0031883404590189457,0.03890532627701759,0.971738338470459
27000,12,0.021082157269120216,1.6945551633834839,0.004227255005389452,0.002279712352901697,0.03606190159916878,0.9697980284690857
27050,12,0.02086847648024559,1.839705467224121,0.007279836572706699,0.0034165335819125175,0.04076337441802025,0.9704775810241699
27100,13,0.0222056545317173,1.7066503763198853,0.007404014468193054,0.0029493984766304493,0.041092317551374435,0.9723567366600037
27150,13,0.02068903297185898,1.865196943283081,0.013674244284629822,0.0034777242690324783,0.047166988253593445,0.9706076383590698
27200,13,0.0196879580616951,1.907071828842163,0.004732566885650158,0.002831287682056427,0.03678717091679573,0.9707905650138855
27250,13,0.022015726193785667,1.8415082693099976,0.0058933766558766365,0.0026453540194779634,0.039761997759342194,0.9714668393135071
27300,13,0.02101561799645424,1.7990682125091553,0.005065714009106159,0.0033595911227166653,0.03843626379966736,0.971352219581604
27350,13,0.020996004343032837,1.8746278285980225,0.005678670480847359,0.003043889533728361,0.03909170627593994,0.9714511036872864
27400,13,0.021115552634000778,1.7815790176391602,0.01234457828104496,0.004726802930235863,0.04709482938051224,0.9703067541122437
27450,13,0.02060369774699211,1.7748435735702515,0.013566166162490845,0.0036663799546658993,0.046710461378097534,0.9710670113563538
27500,13,0.020296253263950348,1.7716439962387085,0.00561365345492959,0.0030841482803225517,0.037852272391319275,0.9715818166732788
27550,13,0.020876210182905197,1.914470911026001,0.007949914783239365,0.004143901634961367,0.04254237934947014,0.9712433815002441
27600,13,0.02224040776491165,1.660484790802002,0.00479461532086134,0.002949864137917757,0.03828731179237366,0.9701712131500244
27650,13,0.02110886201262474,1.8719136714935303,0.005608491599559784,0.0030180225148797035,0.039094943553209305,0.9704729914665222
27700,13,0.02160745859146118,1.7802025079727173,0.0062343282625079155,0.0029937541112303734,0.0397365540266037,0.970029354095459
27750,13,0.018894322216510773,1.9059730768203735,0.012698663398623466,0.009183690883219242,0.050306543707847595,0.9712915420532227
27800,13,0.02171456068754196,1.709059238433838,0.0041345711797475815,0.0028988434933125973,0.037293270230293274,0.9706529378890991
27850,13,0.022313792258501053,1.77895188331604,0.004234399646520615,0.0026304139755666256,0.03807336464524269,0.970674991607666
27900,13,0.018857663497328758,1.927245855331421,0.008004892617464066,0.0038845373783260584,0.04038332402706146,0.9717864990234375
27950,13,0.02123984694480896,1.9243617057800293,0.0093096774071455,0.0037450073286890984,0.04391634091734886,0.9706927537918091
28000,13,0.019426919519901276,1.9012720584869385,0.005915229674428701,0.004423664882779121,0.03927217423915863,0.971086859703064
28050,13,0.02107490599155426,1.77029287815094,0.005574222654104233,0.0032490806188434362,0.03874967247247696,0.9714416265487671
28100,13,0.01991100236773491,1.8900810480117798,0.010134860873222351,0.00513079296797514,0.04462706297636032,0.9709553718566895
28150,13,0.02176816016435623,1.8398547172546387,0.005525105632841587,0.0026030356530100107,0.039095573127269745,0.9705874919891357
28200,13,0.02216741070151329,1.8595833778381348,0.014535399153828621,0.00443543866276741,0.050436168909072876,0.9703054428100586
28250,13,0.020158225670456886,1.8957397937774658,0.007482772693037987,0.0026702811010181904,0.03978997468948364,0.9701976776123047
28300,13,0.020343517884612083,1.8460988998413086,0.004315679427236319,0.0025280872359871864,0.036417778581380844,0.9717317819595337
28350,13,0.020751774311065674,1.8379048109054565,0.004304408095777035,0.0031998949125409126,0.03744560107588768,0.9716664552688599
28400,13,0.021571684628725052,1.8252031803131104,0.005913051310926676,0.002611149102449417,0.03922189772129059,0.9697304964065552
28450,13,0.02144608646631241,1.874863862991333,0.005376981571316719,0.002672284608706832,0.038869671523571014,0.9701851606369019
28500,13,0.02269449271261692,1.9074465036392212,0.005345488898456097,0.004306517541408539,0.04188373312354088,0.9710853099822998
28550,13,0.02159663662314415,1.8739876747131348,0.007082992698997259,0.0022332880180329084,0.040282852947711945,0.970748782157898
28600,13,0.020801370963454247,1.7458051443099976,0.009296165779232979,0.0027628974057734013,0.041589461266994476,0.9707029461860657
28650,13,0.020969001576304436,1.7149357795715332,0.009664347395300865,0.003204253502190113,0.04241228103637695,0.9704678654670715
28700,13,0.02139231190085411,1.8920958042144775,0.0037915233988314867,0.002710158471018076,0.037354473024606705,0.9703710079193115
28750,13,0.018887817859649658,1.9303019046783447,0.005210171919316053,0.002981948433443904,0.03673144429922104,0.970583438873291
28800,13,0.02068699710071087,1.7261284589767456,0.008017263375222683,0.004967767279595137,0.04230266809463501,0.9711704850196838
28850,13,0.020295800641179085,1.611276626586914,0.005388418212532997,0.0026455854531377554,0.03638618439435959,0.9710978269577026
28900,13,0.02120847813785076,1.9523717164993286,0.010838891379535198,0.004151043016463518,0.04596026986837387,0.9698963165283203
28950,13,0.020538553595542908,1.8997802734375,0.0048655373975634575,0.0027194195427000523,0.03762241080403328,0.9708693027496338
29000,13,0.020239802077412605,1.7149807214736938,0.007958190515637398,0.004994633607566357,0.041767530143260956,0.971009373664856
29050,13,0.020250791683793068,1.6902031898498535,0.005118846893310547,0.0028781278524547815,0.036698780953884125,0.9702357649803162
29100,13,0.019296780228614807,1.7106047868728638,0.0076720500364899635,0.004319272935390472,0.03984112665057182,0.9704382419586182
29150,13,0.02023007720708847,1.919897198677063,0.005269233603030443,0.0036839009262621403,0.038782697170972824,0.9713094234466553
29200,13,0.01892077922821045,1.756759762763977,0.004180018790066242,0.0024402672424912453,0.03432486206293106,0.9718734622001648
29250,13,0.02030421420931816,1.7500205039978027,0.005105152726173401,0.0024068811908364296,0.0365663506090641,0.9714951515197754
29300,13,0.01954631321132183,1.8052585124969482,0.006286598742008209,0.003220358630642295,0.03807956352829933,0.9717464447021484
29350,14,0.02077621966600418,1.8448117971420288,0.011306455358862877,0.0047025964595377445,0.046009331941604614,0.9704773426055908
29400,14,0.018983962014317513,1.8579705953598022,0.005700011271983385,0.003068035701289773,0.037041861563920975,0.9705402255058289
29450,14,0.021656770259141922,1.8408761024475098,0.011220816522836685,0.004092345479875803,0.0461743101477623,0.9706507921218872
29500,14,0.019646119326353073,1.8726962804794312,0.009530514478683472,0.0041757142171263695,0.042715828865766525,0.9698681831359863
29550,14,0.0211022961884737,1.7589137554168701,0.00657069543376565,0.004031294025480747,0.04049885272979736,0.9701254963874817
29600,14,0.02028961293399334,1.6702516078948975,0.007821797393262386,0.0029888213612139225,0.039451487362384796,0.9715018272399902
29650,14,0.019078794866800308,1.7782751321792603,0.003224493470042944,0.002176231238991022,0.03337089717388153,0.9706811904907227
29700,14,0.020646363496780396,1.6215994358062744,0.006101932376623154,0.003956320229917765,0.03881261497735977,0.9708603620529175
29750,14,0.018878301605582237,1.8557796478271484,0.00623661233112216,0.003138482104986906,0.037532296031713486,0.9715123176574707
29800,14,0.020221717655658722,1.7262336015701294,0.00470922514796257,0.0026761586777865887,0.03623826801776886,0.9714672565460205
29850,14,0.019450129941105843,1.6810988187789917,0.005823441315442324,0.0024231220595538616,0.036102186888456345,0.9703430533409119
29900,14,0.019615687429904938,1.781183123588562,0.007771218195557594,0.0028988621197640896,0.03919168561697006,0.971091091632843
29950,14,0.021953102201223373,1.7172651290893555,0.0050918711349368095,0.0033203000202775,0.03895159810781479,0.9712280035018921
30000,14,0.019078776240348816,1.8181082010269165,0.00882537942379713,0.004072408191859722,0.041067104786634445,0.9714055061340332
30050,14,0.020277932286262512,1.7517800331115723,0.011179964989423752,0.0043359906412661076,0.04455278813838959,0.970581591129303
30100,14,0.018402211368083954,1.7700629234313965,0.007113365456461906,0.0025013189297169447,0.036867208778858185,0.9702554941177368
30150,14,0.01924777589738369,1.7335970401763916,0.00684554735198617,0.004686068743467331,0.039447374641895294,0.9705067873001099
30200,14,0.01873840019106865,1.770898461341858,0.0038744278717786074,0.0027473040390759706,0.034214626997709274,0.970589280128479
30250,14,0.018740851432085037,1.7867697477340698,0.004791302606463432,0.0025788203347474337,0.035044822841882706,0.9702107906341553
30300,14,0.018818363547325134,1.787473201751709,0.008494546636939049,0.0034276635851711035,0.0396779403090477,0.9715962409973145
30350,14,0.018826793879270554,1.703208565711975,0.0055268495343625546,0.0033814215566962957,0.03625110909342766,0.970696210861206
30400,14,0.018490280956029892,1.856142282485962,0.004231377504765987,0.003279231023043394,0.035281602293252945,0.9691712856292725
30450,14,0.018460066989064217,1.8452978134155273,0.008311271667480469,0.002884745132178068,0.03888257220387459,0.9705009460449219
30500,14,0.019724693149328232,1.8401280641555786,0.0084798289462924,0.0037296474911272526,0.04113481193780899,0.9693214893341064
30550,14,0.019773393869400024,1.6932917833328247,0.008819101378321648,0.0030556516721844673,0.04011460766196251,0.97109055519104
30600,14,0.020357290282845497,1.8435359001159668,0.005294036120176315,0.0029546681325882673,0.03782367333769798,0.9694606065750122
30650,14,0.019861940294504166,1.7175323963165283,0.007902929559350014,0.0033877831883728504,0.039740316569805145,0.9702938199043274
30700,14,0.018465880304574966,1.7891654968261719,0.004802866838872433,0.0035897453781217337,0.03580432012677193,0.9697415828704834
30750,14,0.019547756761312485,1.781227469444275,0.006629264447838068,0.003135743085294962,0.0382189005613327,0.9697283506393433
30800,14,0.019474707543849945,1.7908830642700195,0.006557564716786146,0.0033915569074451923,0.03837824612855911,0.9688137769699097
30850,14,0.019197402521967888,1.6921992301940918,0.005254697985947132,0.0037378263659775257,0.03665092587471008,0.9705579280853271
30900,14,0.01958421990275383,1.8786289691925049,0.013777724467217922,0.0039025715086609125,0.046657659113407135,0.9715820550918579
30950,14,0.02023729681968689,1.7532663345336914,0.00796492025256157,0.004790041130036116,0.04175858944654465,0.9704291820526123
31000,14,0.019719116389751434,1.6833631992340088,0.010008295997977257,0.0032010553404688835,0.04134528338909149,0.9693627953529358
31050,14,0.01889084465801716,1.7470253705978394,0.008888793177902699,0.0041831545531749725,0.040697917342185974,0.9693306088447571
31100,14,0.020156849175691605,1.7039977312088013,0.007613559253513813,0.003396496409550309,0.0396868921816349,0.9709814786911011
31150,14,0.018196964636445045,1.6509945392608643,0.006324612535536289,0.003062058240175247,0.03583860769867897,0.9696757793426514
31200,14,0.020763788372278214,1.7074699401855469,0.0036192815750837326,0.0022529170382767916,0.035173334181308746,0.971589207649231
31250,14,0.019068066030740738,1.6850295066833496,0.00788484700024128,0.0032045405823737383,0.03858260065317154,0.971815824508667
31300,14,0.017909033223986626,1.723294973373413,0.008087432011961937,0.0025232250336557627,0.03713616728782654,0.9705548286437988
31350,14,0.019839271903038025,1.71261727809906,0.005358901806175709,0.003395519685000181,0.03715677931904793,0.9701805114746094
31400,14,0.020019490271806717,1.6753088235855103,0.005625875201076269,0.0028693033382296562,0.03689121454954147,0.9716123938560486
31450,14,0.01923549175262451,1.7912955284118652,0.006301213055849075,0.0025309661868959665,0.03702414780855179,0.9702105522155762
31500,14,0.018475862219929695,1.6620962619781494,0.005111753009259701,0.0026872737798839808,0.034585367888212204,0.970352292060852
31550,14,0.02119462750852108,1.6528077125549316,0.00509369932115078,0.003372262232005596,0.0379246287047863,0.9700289964675903
31600,15,0.01924799755215645,1.757810354232788,0.0037313520442694426,0.002505720593035221,0.03427412360906601,0.9711243510246277
31650,15,0.01945069245994091,1.684211015701294,0.005685975309461355,0.0029629659838974476,0.036520689725875854,0.9720255136489868
31700,15,0.02036837674677372,1.7091920375823975,0.006798656657338142,0.0035756344441324472,0.03928862512111664,0.9706693887710571
31750,15,0.019692862406373024,1.686331033706665,0.004290980286896229,0.0028977347537875175,0.035313233733177185,0.9705215692520142
31800,15,0.019995663315057755,1.8659400939941406,0.0035938704386353493,0.0032092216424643993,0.0361284539103508,0.9707316160202026
31850,15,0.018185416236519814,1.6222457885742188,0.00506037101149559,0.0028340108692646027,0.03419102728366852,0.9701966047286987
31900,15,0.019715022295713425,1.6583083868026733,0.012090571224689484,0.0038964543491601944,0.043993592262268066,0.969271183013916
31950,15,0.01861770637333393,1.7555700540542603,0.005934733897447586,0.0025830077938735485,0.03591329976916313,0.969946026802063
32000,15,0.021141882985830307,1.6246482133865356,0.015798360109329224,0.0037885531783103943,0.04885203763842583,0.9704662561416626
32050,15,0.020864589139819145,1.614729642868042,0.006710216868668795,0.003611830761656165,0.03926028311252594,0.9703088402748108
32100,15,0.020000804215669632,1.6989402770996094,0.005214068107306957,0.002148315077647567,0.03585788980126381,0.9708956480026245
32150,15,0.019183844327926636,1.68085777759552,0.003967885859310627,0.002236778847873211,0.03379279747605324,0.9721380472183228
32200,15,0.01753038913011551,1.8189811706542969,0.004911835305392742,0.0043922411277890205,0.035929370671510696,0.9703052043914795
32250,15,0.01851525343954563,1.7468972206115723,0.0077888453379273415,0.0041622137650847435,0.0392007976770401,0.9702744483947754
32300,15,0.01972009614109993,1.8419057130813599,0.019556326791644096,0.005322065204381943,0.05380801856517792,0.9697579145431519
32350,15,0.018281497061252594,1.686962366104126,0.0031760060228407383,0.002314961515367031,0.03220727667212486,0.9712320566177368
32400,15,0.018006904050707817,1.6534911394119263,0.005191200412809849,0.002567501273006201,0.03403306379914284,0.970815896987915
32450,15,0.018821317702531815,1.7307353019714355,0.010221258737146854,0.0061107417568564415,0.04380699247121811,0.9710235595703125
32500,15,0.01995236799120903,1.664441466331482,0.004426878876984119,0.002385055646300316,0.035086508840322495,0.970428466796875
32550,15,0.01964171789586544,1.7506035566329956,0.010881073772907257,0.004037702456116676,0.043313510715961456,0.9709423780441284
32600,15,0.018938783556222916,1.777787208557129,0.005373990163207054,0.004398392513394356,0.03760010004043579,0.9694042205810547
32650,15,0.01852254942059517,1.7731246948242188,0.006770388688892126,0.0028467620722949505,0.03700532391667366,0.971019983291626
32700,15,0.018762268126010895,1.740332007408142,0.007053162902593613,0.00295055634342134,0.03746764734387398,0.9703276753425598
32750,15,0.01936344802379608,1.790468454360962,0.032421357929706573,0.009381194598972797,0.07011833786964417,0.9688022136688232
32800,15,0.019544286653399467,1.7477076053619385,0.003740331856533885,0.0018710673321038485,0.03389422595500946,0.9707703590393066
32850,15,0.020596332848072052,1.7087372541427612,0.017594430595636368,0.005504969507455826,0.052239418029785156,0.9700161218643188
32900,15,0.018999041989445686,1.829607605934143,0.007155494764447212,0.002753550885245204,0.03805612400174141,0.9703994989395142
32950,15,0.01968131959438324,1.7099123001098633,0.006990519352257252,0.002716209040954709,0.03793761134147644,0.9706872701644897
33000,15,0.018878836184740067,1.7671010494232178,0.004372267052531242,0.003201737068593502,0.03528834506869316,0.9707601070404053
33050,15,0.020701337605714798,1.6604259014129639,0.005669937469065189,0.004230680875480175,0.038904085755348206,0.9701964855194092
33100,15,0.020030051469802856,1.7378144264221191,0.008971884846687317,0.0027874410152435303,0.04047844931483269,0.9706271886825562
33150,15,0.018164219334721565,1.7026807069778442,0.010027553886175156,0.002959433477371931,0.0396646112203598,0.9714699983596802
33200,15,0.019674204289913177,1.6696244478225708,0.004243865143507719,0.00271149561740458,0.034977689385414124,0.9718915820121765
33250,15,0.018761618062853813,1.7502137422561646,0.010886161588132381,0.004903241991996765,0.04330208897590637,0.9709408283233643
33300,15,0.020052727311849594,1.6411032676696777,0.011885840445756912,0.0032911570742726326,0.043435242027044296,0.9705955982208252
33350,15,0.018533822149038315,1.7138452529907227,0.006233479827642441,0.003669352736324072,0.03700587898492813,0.9700276255607605
33400,15,0.01946619153022766,1.6972724199295044,0.014795852825045586,0.004411840345710516,0.04716024547815323,0.9704739451408386
33450,15,0.018811726942658424,1.628894567489624,0.010165272280573845,0.002934841439127922,0.04005631431937218,0.9704169034957886
33500,15,0.01863287389278412,1.661273717880249,0.0074521261267364025,0.00335318804718554,0.03774455934762955,0.9695025682449341
33550,15,0.020479820668697357,1.8707623481750488,0.006838241126388311,0.003832030575722456,0.04050390422344208,0.9706277847290039
33600,15,0.018524717539548874,1.7213584184646606,0.0074565536342561245,0.003543668892234564,0.03813173249363899,0.9705637693405151
33650,15,0.019114337861537933,1.6631383895874023,0.005537074990570545,0.002927853260189295,0.035894960165023804,0.9708266258239746
33700,15,0.01885286718606949,1.88839590549469,0.0109162088483572,0.002707056235522032,0.04191811382770538,0.971339762210846
33750,15,0.01894456520676613,1.8533685207366943,0.007320641539990902,0.0029089380986988544,0.03844098746776581,0.970673680305481
33800,15,0.01769562065601349,1.7419852018356323,0.00422801123932004,0.0027664252556860447,0.03339998424053192,0.9694660902023315
33850,16,0.01948375813663006,1.7088109254837036,0.007694712374359369,0.0029190294444561005,0.038641557097435,0.9705644845962524
33900,16,0.018806174397468567,1.6399472951889038,0.006060796324163675,0.0025214264169335365,0.035588134080171585,0.9710624814033508
33950,16,0.01840764656662941,1.7310583591461182,0.00853593647480011,0.003053738037124276,0.03865261375904083,0.9714227914810181
34000,16,0.018751315772533417,1.6212550401687622,0.005301424767822027,0.002994928974658251,0.03515394777059555,0.9711539149284363
34050,16,0.019473472610116005,1.750819444656372,0.006122205406427383,0.003985915333032608,0.038335688412189484,0.9699005484580994
34100,16,0.019500143826007843,1.7105345726013184,0.007471658755093813,0.0034465491771698,0.03897102177143097,0.9700485467910767
34150,16,0.018261630088090897,1.667987585067749,0.0034364378079771996,0.0025233703199774027,0.03256137669086456,0.9708945751190186
34200,16,0.01842588558793068,1.5516594648361206,0.006141440011560917,0.003050490515306592,0.035376112908124924,0.9715081453323364
34250,16,0.01873801276087761,1.6265974044799805,0.005096658132970333,0.0030824001878499985,0.035050056874752045,0.9705181121826172
34300,16,0.021037425845861435,1.7717448472976685,0.0060388511046767235,0.0027158488519489765,0.03865085169672966,0.970405101776123
34350,16,0.01909392699599266,1.7376325130462646,0.006295390427112579,0.0024801716208457947,0.036557652056217194,0.9701459407806396
34400,16,0.01858283206820488,1.6518580913543701,0.007157273590564728,0.002444540150463581,0.036443933844566345,0.9719055891036987
34450,16,0.019764583557844162,1.6317815780639648,0.00970334280282259,0.003865511156618595,0.041492342948913574,0.9711102247238159
34500,16,0.02047145366668701,1.7676615715026855,0.007772048935294151,0.0032691475935280323,0.040350958704948425,0.9699303507804871
34550,16,0.018320873379707336,1.7894260883331299,0.006703038699924946,0.002362840808928013,0.03633388131856918,0.9704689383506775
34600,16,0.020335085690021515,1.6840636730194092,0.013857830315828323,0.0033548884093761444,0.04596812278032303,0.9710280895233154
34650,16,0.019768010824918747,1.6343377828598022,0.0056834095157682896,0.0029116696678102016,0.03653477877378464,0.9718630313873291
34700,16,0.018014084547758102,1.7539235353469849,0.006133547984063625,0.004205653443932533,0.037122901529073715,0.9702776670455933
34750,16,0.019374258816242218,1.7804993391036987,0.004929535090923309,0.0023991430643945932,0.03560543432831764,0.9726884961128235
34800,16,0.019399231299757957,1.7695207595825195,0.010949413292109966,0.0052801938727498055,0.04447644203901291,0.9712173938751221
34850,16,0.01911097764968872,1.7643619775772095,0.011121086776256561,0.0038380261976271868,0.04289190098643303,0.9721177816390991
34900,16,0.017953919246792793,1.6015379428863525,0.004792946390807629,0.002819020301103592,0.03357357531785965,0.9707396030426025
34950,16,0.018291130661964417,1.7782448530197144,0.008473997935652733,0.0027655598241835833,0.03842191398143768,0.9698984622955322
35000,16,0.018789367750287056,1.656564712524414,0.010004060342907906,0.0037428231444209814,0.04081907495856285,0.9691421985626221
35050,16,0.01843556948006153,1.6598808765411377,0.006430387496948242,0.003162818495184183,0.03632818162441254,0.9712061882019043
35100,16,0.01990341767668724,1.5807654857635498,0.004380136262625456,0.0020982264541089535,0.03428560867905617,0.9713515639305115
35150,16,0.018367573618888855,1.6505789756774902,0.004688667133450508,0.003110185731202364,0.03441932052373886,0.9716495275497437
35200,16,0.019056053832173347,1.5224509239196777,0.008577298372983932,0.0045012738555669785,0.039746880531311035,0.971881628036499
35250,16,0.02047477662563324,1.7737549543380737,0.006580262910574675,0.002415875904262066,0.03833968937397003,0.971833348274231
35300,16,0.020654119551181793,1.5911189317703247,0.005767560563981533,0.0027939286082983017,0.03717120364308357,0.9736008644104004
35350,16,0.01923256553709507,1.7020347118377686,0.003950890619307756,0.002136074472218752,0.0338297039270401,0.9706331491470337
35400,16,0.018718119710683823,1.7681165933609009,0.007162462919950485,0.00425916351377964,0.03898032754659653,0.9724322557449341
35450,16,0.0203656367957592,1.624706506729126,0.0052228933200240135,0.0033407071605324745,0.03705276921391487,0.9695944786071777
35500,16,0.018184222280979156,1.754279375076294,0.006566519849002361,0.002496920758858323,0.036019060760736465,0.9712569117546082
35550,16,0.0201798677444458,1.6470427513122559,0.006796425208449364,0.002760777249932289,0.037972282618284225,0.9727287888526917
35600,16,0.02004925161600113,1.7025562524795532,0.007115721236914396,0.002439472358673811,0.03811722621321678,0.9720748662948608
35650,16,0.01940835826098919,1.5850085020065308,0.005013487301766872,0.002655009739100933,0.03500189632177353,0.97064208984375
35700,16,0.01752784103155136,1.628046989440918,0.0142148332670331,0.004373725038021803,0.04425663501024246,0.9695823192596436
35750,16,0.01924779638648033,1.7026984691619873,0.006664984859526157,0.002847897820174694,0.03727417066693306,0.9711947441101074
35800,16,0.02104698121547699,1.76260507106781,0.012511705979704857,0.0024234424345195293,0.04479515552520752,0.9716311097145081
35850,16,0.01867622323334217,1.565412163734436,0.004122080281376839,0.002804130082949996,0.03342949599027634,0.9708621501922607
35900,16,0.02008836530148983,1.714186429977417,0.007731006480753422,0.0032751020044088364,0.039665404707193375,0.9717898964881897
35950,16,0.018623601645231247,1.8788387775421143,0.013138704001903534,0.0032207106705754995,0.04437721148133278,0.9720815420150757
36000,16,0.020562278106808662,1.689300537109375,0.004895088262856007,0.002377101220190525,0.03628096729516983,0.9697476029396057
36050,16,0.018943535163998604,1.6886601448059082,0.0039078788831830025,0.0023498949594795704,0.03364460915327072,0.971420407295227
36100,17,0.019281556829810143,1.7602410316467285,0.008383169770240784,0.003995245322585106,0.04046117514371872,0.9718301892280579
36150,17,0.018413253128528595,1.695535659790039,0.0063922228291630745,0.003088374389335513,0.03637152910232544,0.9699857234954834
36200,17,0.02118498831987381,1.6849262714385986,0.009872561320662498,0.004436982795596123,0.043919164687395096,0.9701261520385742
36250,17,0.01947530172765255,1.76728093624115,0.01018125656992197,0.0026496925856918097,0.04114265739917755,0.9703233242034912
36300,17,0.017532160505652428,1.7038936614990234,0.007728529162704945,0.0029794899746775627,0.036759648472070694,0.9720056056976318
36350,17,0.019393378868699074,1.67995023727417,0.005705618299543858,0.0028810990042984486,0.036379847675561905,0.9710105061531067
36400,17,0.019665243104100227,1.6833224296569824,0.007171406410634518,0.002259979024529457,0.03751324117183685,0.9708126783370972
36450,17,0.01761504076421261,1.6820416450500488,0.005138724111020565,0.002621028106659651,0.03378500044345856,0.9705153703689575
36500,17,0.018943846225738525,1.7448711395263672,0.008048984222114086,0.0031250203028321266,0.038842204958200455,0.9716312885284424
36550,17,0.01843300275504589,1.6232948303222656,0.005580529570579529,0.0029190799687057734,0.035049088299274445,0.972272515296936
36600,17,0.01999477669596672,1.66927170753479,0.010546897538006306,0.0033296416513621807,0.0422176718711853,0.9724355936050415
36650,17,0.018213946372270584,1.7813072204589844,0.005963175557553768,0.0026472280733287334,0.03573088347911835,0.9727709889411926
36700,17,0.018740864470601082,1.7287788391113281,0.004817469976842403,0.0025682023260742426,0.034770429134368896,0.9718816876411438
36750,17,0.019393112510442734,1.6088650226593018,0.005005557090044022,0.002170872176066041,0.03461386635899544,0.9715973138809204
36800,17,0.017632760107517242,1.6753203868865967,0.0045288242399692535,0.0022874416317790747,0.03282562643289566,0.9731114506721497
36850,17,0.020841998979449272,1.664595603942871,0.007906489074230194,0.004350963514298201,0.04142243042588234,0.9709450006484985
36900,17,0.018110085278749466,1.6211574077606201,0.006793016567826271,0.0025785204488784075,0.035587407648563385,0.9720702171325684
36950,17,0.02042974904179573,1.661628246307373,0.007217131555080414,0.0038427277468144894,0.03979775309562683,0.9719138741493225
37000,17,0.018663965165615082,1.6487840414047241,0.004596042446792126,0.002797783585265279,0.03430171310901642,0.9703090786933899
37050,17,0.018281547352671623,1.6169636249542236,0.009899198077619076,0.0023390285205096006,0.03860459104180336,0.9708268642425537
37100,17,0.019867273047566414,1.7344136238098145,0.007832434959709644,0.003786345710977912,0.04015812277793884,0.9709980487823486
37150,17,0.018630575388669968,1.7422237396240234,0.006223001517355442,0.0029338218737393618,0.03649851679801941,0.9712071418762207
37200,17,0.018654940649867058,1.808197259902954,0.005266637075692415,0.0023829606361687183,0.03534552454948425,0.9710949063301086
37250,17,0.016806064173579216,1.720290184020996,0.0033071129582822323,0.0020074141211807728,0.03072204254567623,0.97223299741745
37300,17,0.020563803613185883,1.749505877494812,0.011420642957091331,0.003928805235773325,0.0446607805788517,0.9713802337646484
37350,17,0.018080413341522217,1.792815923690796,0.011948589235544205,0.005432263948023319,0.044425345957279205,0.9718868136405945
37400,17,0.018580419942736626,1.8223330974578857,0.003868694882839918,0.002337338635697961,0.03389811888337135,0.9718085527420044
37450,17,0.01966736651957035,1.6278467178344727,0.004147863946855068,0.0023287171497941017,0.03428317978978157,0.9734500646591187
37500,17,0.0202222540974617,1.5729882717132568,0.004967059474438429,0.0026507722213864326,0.03570502623915672,0.9730365872383118
37550,17,0.018755324184894562,1.701802372932434,0.00554766645655036,0.0030533731915056705,0.03586537390947342,0.9715614914894104
37600,17,0.01871665194630623,1.7714149951934814,0.008189551532268524,0.004660061094909906,0.04042334109544754,0.9718565940856934
37650,17,0.01909913495182991,1.6473890542984009,0.007325723301619291,0.0033256830647587776,0.03798748552799225,0.971335768699646
37700,17,0.01855817437171936,1.7076585292816162,0.0029913701582700014,0.002035485114902258,0.032123323529958725,0.9712938666343689
37750,17,0.019154690206050873,1.6183991432189941,0.02681133896112442,0.0048474837094545364,0.058905504643917084,0.9722590446472168
37800,17,0.017948990687727928,1.6407575607299805,0.007049683481454849,0.0040097665041685104,0.03721223026514053,0.9713621139526367
37850,17,0.01905726082623005,1.6322109699249268,0.00747830793261528,0.003942262846976519,0.038638886064291,0.9712512493133545
37900,17,0.018327873200178146,1.7954214811325073,0.004255891311913729,0.002497381530702114,0.03405825421214104,0.9716254472732544
37950,17,0.01893841288983822,1.58998441696167,0.0058085257187485695,0.0025236851070076227,0.035220544785261154,0.9729117751121521
38000,17,0.018330326303839684,1.6564030647277832,0.004061542451381683,0.0021796617656946182,0.032853543758392334,0.972259521484375
38050,17,0.020222824066877365,1.649245262145996,0.0032480680383741856,0.0021250357385724783,0.03384215384721756,0.971935510635376
38100,17,0.017965007573366165,1.6081879138946533,0.006212657783180475,0.0030015427619218826,0.03522014617919922,0.9711833000183105
38150,17,0.018659284338355064,1.63307785987854,0.0035581132397055626,0.001777755212970078,0.03216054290533066,0.971687912940979
38200,17,0.018376581370830536,1.683133840560913,0.007533383555710316,0.0029153029900044203,0.03724093735218048,0.9716156721115112
38250,17,0.01828911155462265,1.6733671426773071,0.00471025425940752,0.002915982622653246,0.03428218141198158,0.9702597856521606
38300,17,0.018287884071469307,1.5632636547088623,0.0037469672970473766,0.002128924708813429,0.03198009356856346,0.9715558290481567
38350,17,0.02008599415421486,1.8146679401397705,0.005332794040441513,0.0022020433098077774,0.03669416904449463,0.9719926714897156
38400,18,0.018350860103964806,1.693415880203247,0.005442554131150246,0.002681816229596734,0.03494231030344963,0.9725050330162048
38450,18,0.0191707331687212,1.6511445045471191,0.006925813388079405,0.0036962947342544794,0.03804856538772583,0.9721884727478027
38500,18,0.018854785710573196,1.6228028535842896,0.010072531178593636,0.002921710954979062,0.03996304050087929,0.9740025401115417
38550,18,0.01772717759013176,1.8505587577819824,0.007669455371797085,0.003318718634545803,0.037968143820762634,0.9707674980163574
38600,18,0.01760408654808998,1.703984022140503,0.0045081013813614845,0.0028660912066698074,0.03349819779396057,0.9723047614097595
38650,18,0.018655207008123398,1.749738335609436,0.013045691885054111,0.006179356947541237,0.04662894830107689,0.9719566106796265
38700,18,0.017893444746732712,1.729445457458496,0.003365395125001669,0.00207585864700377,0.031981922686100006,0.9718058109283447
38750,18,0.01839866116642952,1.6092314720153809,0.0031072471756488085,0.0020363698713481426,0.03158843517303467,0.9720923900604248
38800,18,0.017632683739066124,1.6889420747756958,0.0026545440778136253,0.0016998543869704008,0.03043179214000702,0.9728109240531921
38850,18,0.02011474221944809,1.6216692924499512,0.006604576483368874,0.0026238523423671722,0.037451520562171936,0.9729143381118774
38900,18,0.01882539503276348,1.669324278831482,0.004122660029679537,0.002399937715381384,0.033694613724946976,0.972811222076416
38950,18,0.019832279533147812,1.617196798324585,0.007503564469516277,0.004338090308010578,0.03975991904735565,0.9730377197265625
39000,18,0.01846720278263092,1.599286437034607,0.009438807144761086,0.00384213263168931,0.03974457457661629,0.9726272821426392
39050,18,0.019688338041305542,1.756131887435913,0.008878832682967186,0.002978252014145255,0.0403260812163353,0.9718427658081055
39100,18,0.018565503880381584,1.7451319694519043,0.01840878278017044,0.004351403564214706,0.05005135014653206,0.9718998074531555
39150,18,0.018435847014188766,1.6635204553604126,0.0037681260146200657,0.0017988488543778658,0.032320424914360046,0.9711577892303467
39200,18,0.019202128052711487,1.5824216604232788,0.0056563192047178745,0.0027247308753430843,0.03549528494477272,0.9724345207214355
39250,18,0.018554147332906723,1.6898666620254517,0.014756321907043457,0.004567243158817291,0.04632704704999924,0.9717459678649902
39300,18,0.019654691219329834,1.6309775114059448,0.013039092533290386,0.0025793316308408976,0.043428003787994385,0.9717420339584351
39350,18,0.016938328742980957,1.7071642875671387,0.008708978071808815,0.0021743541583418846,0.03635748103260994,0.971464216709137
39400,18,0.016912486404180527,1.6866194009780884,0.009863094426691532,0.0035631179343909025,0.038771793246269226,0.9704673886299133
39450,18,0.01902836188673973,1.6106722354888916,0.00761396624147892,0.002824030816555023,0.03751972317695618,0.9721530079841614
39500,18,0.018615253269672394,1.7235841751098633,0.005086613353341818,0.00280084484256804,0.035120632499456406,0.971257209777832
39550,18,0.019522763788700104,1.729600429534912,0.0094820661470294,0.0033764534164220095,0.04102928191423416,0.9717220067977905
39600,18,0.017342904582619667,1.7824604511260986,0.009642286226153374,0.0026216371916234493,0.038519129157066345,0.9705604314804077
39650,18,0.017996303737163544,1.7024153470993042,0.004794083535671234,0.003335862886160612,0.03463832661509514,0.9712963104248047
39700,18,0.019497912377119064,1.643007516860962,0.0044119348749518394,0.0031321030110120773,0.03525698557496071,0.973135769367218
39750,18,0.01887940987944603,1.6549491882324219,0.007607711013406515,0.0034230672754347324,0.03818493336439133,0.9719998240470886
39800,18,0.018091214820742607,1.6412452459335327,0.003295609727501869,0.0026144569274038076,0.03220750764012337,0.9724230766296387
39850,18,0.019786925986409187,1.6596627235412598,0.007635050918906927,0.004109215922653675,0.03982950747013092,0.9719575643539429
39900,18,0.01824145019054413,1.7021162509918213,0.009119631722569466,0.003079960122704506,0.03895162418484688,0.971604585647583
39950,18,0.019059840589761734,1.5777158737182617,0.008336881175637245,0.0035775587894022465,0.03886285796761513,0.9705444574356079
40000,18,0.017749100923538208,1.6709377765655518,0.006825057324022055,0.002421153709292412,0.035350002348423004,0.9721142053604126
40050,18,0.018408894538879395,1.5656497478485107,0.00425310805439949,0.0025622351095080376,0.033052485436201096,0.9717783331871033
40100,18,0.018303249031305313,1.7407827377319336,0.005163626745343208,0.002269435441121459,0.03444022685289383,0.9708189368247986
40150,18,0.01692032814025879,1.634131669998169,0.0042771585285663605,0.0021763963159173727,0.03154454007744789,0.9713619947433472
40200,18,0.019470904022455215,1.7985119819641113,0.005727008916437626,0.002543893177062273,0.03673436492681503,0.9717535972595215
40250,18,0.01644820347428322,1.6632391214370728,0.00772758899256587,0.0024028171319514513,0.034894805401563644,0.9716212749481201
40300,18,0.018622074276208878,1.7379870414733887,0.003337710630148649,0.002500852569937706,0.0331505723297596,0.9703620672225952
40350,18,0.019083984196186066,1.664963960647583,0.0064224302768707275,0.002937889425083995,0.03676912561058998,0.9708091020584106
40400,18,0.018838120624423027,1.5590568780899048,0.007766534574329853,0.0035417266190052032,0.03794166445732117,0.9720150232315063
40450,18,0.019797280430793762,1.6172206401824951,0.008299639448523521,0.0035763238556683064,0.03975934535264969,0.9695677757263184
40500,18,0.019552752375602722,1.583988904953003,0.003433196572586894,0.002193804830312729,0.0330996997654438,0.9699106216430664
40550,18,0.018840577453374863,1.6031184196472168,0.004276609979569912,0.0020551271736621857,0.03318790718913078,0.9723140597343445
40600,18,0.017904682084918022,1.7023051977157593,0.016087446361780167,0.0038800605107098818,0.04638371616601944,0.9715738296508789
40650,19,0.017128169536590576,1.6455209255218506,0.00550993112847209,0.002516302280128002,0.033382005989551544,0.9704590439796448
40700,19,0.018114788457751274,1.6646296977996826,0.005916520953178406,0.003236910793930292,0.03559136763215065,0.9721372723579407
40750,19,0.017411982640624046,1.5661959648132324,0.004774497821927071,0.002301380503922701,0.0323188416659832,0.9706244468688965
40800,19,0.01898917183279991,1.6717478036880493,0.009425411932170391,0.004330162890255451,0.041103485971689224,0.9709370136260986
40850,19,0.018142323940992355,1.6129719018936157,0.010034609586000443,0.004234984051436186,0.04047677665948868,0.9708219766616821
40900,19,0.018947001546621323,1.6241267919540405,0.005186598282307386,0.0034904684871435165,0.03574470430612564,0.9702901840209961
40950,19,0.01797056943178177,1.5289990901947021,0.006090286187827587,0.0032252930104732513,0.03493114560842514,0.971191942691803
41000,19,0.018761472776532173,1.6538429260253906,0.005885623395442963,0.00291445292532444,0.03583076596260071,0.9705593585968018
41050,19,0.017607172951102257,1.6067826747894287,0.0037034167908132076,0.0021472503431141376,0.031491756439208984,0.9709826707839966
41100,19,0.018229849636554718,1.5893149375915527,0.005873891990631819,0.002480462659150362,0.03453077748417854,0.9705378413200378
41150,19,0.01945411041378975,1.727992296218872,0.005164941772818565,0.002518012886866927,0.035777024924755096,0.9704409241676331
41200,19,0.018569011241197586,1.6104698181152344,0.013215823099017143,0.003468835959210992,0.04330601915717125,0.9712703227996826
41250,19,0.018989354372024536,1.8230047225952148,0.004607678856700659,0.002550596371293068,0.03526265174150467,0.9709904193878174
41300,19,0.018633050844073296,1.5185216665267944,0.00478152884170413,0.003028414910659194,0.03403560444712639,0.9711973071098328
41350,19,0.016997728496789932,1.665534496307373,0.007795942947268486,0.002398007083684206,0.035519350320100784,0.9701673984527588
41400,19,0.016620196402072906,1.7129082679748535,0.005468391347676516,0.003371326718479395,0.03402445465326309,0.9706364870071411
41450,19,0.017783738672733307,1.5964462757110596,0.006278359796851873,0.003640273818746209,0.035684604197740555,0.9706436395645142
41500,19,0.01860267110168934,1.698108434677124,0.005394958425313234,0.0037354377564042807,0.03622360900044441,0.9707227349281311
41550,19,0.018813664093613625,1.5365817546844482,0.005401164758950472,0.003034260356798768,0.03493199869990349,0.9713492393493652
41600,19,0.018880043178796768,1.6285516023635864,0.011075560003519058,0.002576234517619014,0.0406745970249176,0.9704204797744751
41650,19,0.017006661742925644,1.5855515003204346,0.006586273200809956,0.0036917380057275295,0.035212427377700806,0.9701107740402222
41700,19,0.020085617899894714,1.6251884698867798,0.006083561107516289,0.002341503743082285,0.03663662448525429,0.9711419343948364
41750,19,0.018975146114826202,1.6604654788970947,0.009069155901670456,0.002792016137391329,0.03913864493370056,0.970248818397522
41800,19,0.016687244176864624,1.6473133563995361,0.003706792602315545,0.0018345650751143694,0.03046516887843609,0.9709466695785522
41850,19,0.018233217298984528,1.6640863418579102,0.005269003566354513,0.0020438851788640022,0.03386653959751129,0.971428632736206
41900,19,0.019111385568976402,1.584496259689331,0.014685524627566338,0.003327947109937668,0.0450473353266716,0.9711450338363647
41950,19,0.018239052966237068,1.611196517944336,0.007586987689137459,0.0028980427887290716,0.036780066788196564,0.9698238372802734
42000,19,0.017925694584846497,1.6408905982971191,0.003799383994191885,0.001964919501915574,0.03189445286989212,0.9703672528266907
42050,19,0.01784689724445343,1.72404146194458,0.005887885577976704,0.002598973223939538,0.03495396301150322,0.9700285792350769
42100,19,0.01816609501838684,1.536070466041565,0.01174661610275507,0.003097360720857978,0.04069042578339577,0.9720867872238159
42150,19,0.01859588548541069,1.5369915962219238,0.005677432753145695,0.003593337256461382,0.03555161505937576,0.9704687595367432
42200,19,0.01833740994334221,1.586012601852417,0.005366409197449684,0.0024168158415704966,0.03405069559812546,0.9697127342224121
42250,19,0.021594494581222534,1.6681315898895264,0.00556385749951005,0.004308391362428665,0.03980740159749985,0.9702048301696777
42300,19,0.018090110272169113,1.5911171436309814,0.004244147799909115,0.0027539425063878298,0.03304378688335419,0.9704960584640503
42350,19,0.018261730670928955,1.6910617351531982,0.005704769864678383,0.0022395486012101173,0.03466135635972023,0.9710010290145874
42400,19,0.01858574151992798,1.5899848937988281,0.005956445820629597,0.003294308204203844,0.03578642010688782,0.9691238403320312
42450,19,0.01854286715388298,1.5679972171783447,0.0036471285857260227,0.0021194545552134514,0.032149434089660645,0.9704971313476562
42500,19,0.017266392707824707,1.716369390487671,0.004577919840812683,0.002711030188947916,0.03313719108700752,0.9716991782188416
42550,19,0.01716768369078636,1.6153961420059204,0.0034373938106000423,0.002174770226702094,0.03085682913661003,0.9701465368270874
42600,19,0.017830677330493927,1.6528369188308716,0.005045565776526928,0.002484325785189867,0.03362475335597992,0.9711064100265503
42650,19,0.017290258780121803,1.7592543363571167,0.005125313065946102,0.0026797307655215263,0.033891573548316956,0.9705151319503784
42700,19,0.017608121037483215,1.5922094583511353,0.010831676423549652,0.002394186332821846,0.03879503160715103,0.9691051244735718
42750,19,0.01735580340027809,1.6387310028076172,0.003930354490876198,0.001960406079888344,0.03144022077322006,0.9709079265594482
42800,19,0.01731923222541809,1.5463982820510864,0.0072090900503098965,0.0031115219462662935,0.03537183627486229,0.9729709625244141
42850,19,0.01719338819384575,1.6041545867919922,0.00747733423486352,0.0034110727719962597,0.036102570593357086,0.9706170558929443
42900,20,0.017741549760103226,1.7139681577682495,0.0029098084196448326,0.0020531814079731703,0.031274378299713135,0.9708462953567505
42950,20,0.01798989810049534,1.5396792888641357,0.003948745783418417,0.002542726695537567,0.03217976540327072,0.9710276126861572
43000,20,0.016578150913119316,1.5566447973251343,0.004712122492492199,0.001880140509456396,0.03095363825559616,0.9701520204544067
43050,20,0.018064484000205994,1.7760151624679565,0.006991236470639706,0.003871292807161808,0.03780708834528923,0.9701764583587646
43100,20,0.018348943442106247,1.6194134950637817,0.0055788131430745125,0.002533325459808111,0.03455814719200134,0.9708564877510071
43150,20,0.018332624807953835,1.6560328006744385,0.007134732324630022,0.0026007257401943207,0.03634824603796005,0.9709933400154114
43200,20,0.017965327948331833,1.5394904613494873,0.006665623746812344,0.002977684373036027,0.035306088626384735,0.9707239866256714
43250,20,0.019573329016566277,1.4922409057617188,0.0037199631333351135,0.0020333596039563417,0.032787855714559555,0.9704557657241821
43300,20,0.019105635583400726,1.6101406812667847,0.00765643548220396,0.0027199171017855406,0.03753269091248512,0.9712927341461182
43350,20,0.018027281388640404,1.678729772567749,0.006679199635982513,0.002588002011179924,0.0356881320476532,0.9709111452102661
43400,20,0.018999800086021423,1.6562855243682861,0.009345106780529022,0.004287503194063902,0.040913838893175125,0.9710813760757446
43450,20,0.01796076074242592,1.7053309679031372,0.005040682386606932,0.0025166496634483337,0.034044746309518814,0.970054030418396
43500,20,0.018750326707959175,1.6152222156524658,0.007516548968851566,0.0034423922188580036,0.03778538107872009,0.9707691073417664
43550,20,0.01738104596734047,1.6895911693572998,0.0037696631625294685,0.002143337856978178,0.03174200281500816,0.9693789482116699
43600,20,0.01861472800374031,1.5435537099838257,0.015736669301986694,0.005519188474863768,0.04758835583925247,0.9713579416275024
43650,20,0.01858232170343399,1.7217254638671875,0.00460638664662838,0.002586081624031067,0.034383416175842285,0.9707194566726685
43700,20,0.01769401505589485,1.72890305519104,0.005719057284295559,0.002567423041909933,0.03462500870227814,0.9713796973228455
43750,20,0.01743556186556816,1.66313636302948,0.010395092889666557,0.0032959519885480404,0.039442289620637894,0.9714406728744507
43800,20,0.016861235722899437,1.761183500289917,0.006326544098556042,0.003403813112527132,0.03539751097559929,0.9705814719200134
43850,20,0.01779209077358246,1.5709689855575562,0.0035300119780004025,0.0020790300332009792,0.03125597909092903,0.9708629846572876
43900,20,0.019408512860536575,1.6609065532684326,0.005655564833432436,0.0031733624637126923,0.03654197230935097,0.971132218837738
43950,20,0.019679991528391838,1.6039544343948364,0.007746734190732241,0.003019432071596384,0.03846593201160431,0.9703631401062012
44000,20,0.019090650603175163,1.6446532011032104,0.0035596436355262995,0.001996962819248438,0.03287052363157272,0.9709406495094299
44050,20,0.016491703689098358,1.6060361862182617,0.008368095383048058,0.0033681346103549004,0.036258112639188766,0.9701064825057983
44100,20,0.018343351781368256,1.5273723602294922,0.0069074928760528564,0.0022673429921269417,0.035155050456523895,0.9706640243530273
44150,20,0.018442213535308838,1.575451374053955,0.007008867338299751,0.0020608489867299795,0.03538918495178223,0.9701687097549438
44200,20,0.018028579652309418,1.5849729776382446,0.00957188755273819,0.004744195379316807,0.040269527584314346,0.9718855619430542
44250,20,0.019525844603776932,1.6666648387908936,0.005671764723956585,0.0027931281365454197,0.03632406145334244,0.9705542325973511
44300,20,0.017437316477298737,1.6874864101409912,0.004150248132646084,0.0026273007970303297,0.032652296125888824,0.9718502759933472
44350,20,0.01776295155286789,1.5699467658996582,0.00756277097389102,0.003986123949289322,0.037161581218242645,0.9700334072113037
44400,20,0.018493251875042915,1.6249988079071045,0.005167011171579361,0.00255871145054698,0.03434396907687187,0.9713889360427856
44450,20,0.016263797879219055,1.8124439716339111,0.006838898174464703,0.0028703934513032436,0.035035308450460434,0.9697022438049316
44500,20,0.01710492931306362,1.5569219589233398,0.004106894135475159,0.0021685855463147163,0.031165018677711487,0.9694081544876099
44550,20,0.017819669097661972,1.7661497592926025,0.004311178810894489,0.002735875081270933,0.033697471022605896,0.9713889956474304
44600,20,0.01907474547624588,1.662723183631897,0.010673070326447487,0.0031300801783800125,0.04119151085615158,0.9708254337310791
44650,20,0.01777005009353161,1.5936082601547241,0.01160452514886856,0.003214481519535184,0.040557097643613815,0.9697178602218628
44700,20,0.018287677317857742,1.6850895881652832,0.0051770587451756,0.002353911753743887,0.034244097769260406,0.9694103002548218
44750,20,0.017311565577983856,1.5804438591003418,0.00515201548114419,0.002540691290050745,0.03290649130940437,0.9692609310150146
44800,20,0.01804087683558464,1.6744815111160278,0.005440930835902691,0.0031706218142062426,0.03502483665943146,0.9706454277038574
44850,20,0.017702877521514893,1.684291124343872,0.004852309823036194,0.0028979461640119553,0.03387458622455597,0.9705300331115723
44900,20,0.017887402325868607,1.6711149215698242,0.0060932692140340805,0.0020753424614667892,0.034411586821079254,0.9701732993125916
44950,20,0.018405143171548843,1.5838918685913086,0.011188196018338203,0.002793183084577322,0.040305983275175095,0.9699869155883789
45000,20,0.017835471779108047,1.5686960220336914,0.007992526516318321,0.005887225735932589,0.03955870121717453,0.9692749381065369
45050,20,0.01862695813179016,1.603423833847046,0.0056623853743076324,0.0023204267490655184,0.03462688997387886,0.9705493450164795
45100,20,0.018776018172502518,1.6304638385772705,0.011625571176409721,0.004949701949954033,0.04350361227989197,0.9709477424621582
