step,epoch,pred,pred_block,pred_free,sigreg,l1,anchor,anchor_pred,total,latent_std
50,1,0.06598861515522003,0.009623981080949306,0.05636463686823845,4.315822601318359,0.011065847240388393,0.3268047869205475,0.3264206051826477,0.7408041954040527,0.9824246168136597
100,1,0.23939429223537445,0.044056668877601624,0.19533762335777283,3.491647243499756,0.010934559628367424,0.34878280758857727,0.34706515073776245,0.9527114629745483,0.9823335409164429
150,1,0.10525669157505035,0.025471381843090057,0.0797853097319603,3.0393826961517334,0.011753862723708153,0.13445402681827545,0.1335776001214981,0.388496994972229,0.9918723106384277
200,1,0.15095515549182892,0.056863438338041306,0.09409171342849731,2.826958179473877,0.011642230674624443,0.08899771422147751,0.08825133740901947,0.34235063195228577,0.9904682636260986
250,1,0.09760277718305588,0.011974424123764038,0.08562835305929184,2.6143927574157715,0.011828388087451458,0.019671432673931122,0.01884416490793228,0.1492021679878235,0.9983164072036743
300,1,0.08987519145011902,0.008386693894863129,0.08148849755525589,2.8218672275543213,0.011917348019778728,0.04402759671211243,0.04339902475476265,0.19142305850982666,1.000919222831726
350,1,0.091415174305439,0.008941560983657837,0.08247361332178116,2.537860631942749,0.01178370788693428,0.01004849188029766,0.009098685346543789,0.12326343357563019,0.9953572750091553
400,1,0.08361078053712845,0.006505141034722328,0.07710564136505127,2.3987550735473633,0.011231321841478348,0.01080718357115984,0.010352867655456066,0.11677583307027817,0.9923300743103027
450,1,0.0918436348438263,0.010106049478054047,0.08173758536577225,2.4079718589782715,0.01082149613648653,0.014264790341258049,0.013862283900380135,0.13202138245105743,0.9854800701141357
500,1,0.08982814848423004,0.008965030312538147,0.0808631181716919,2.605921745300293,0.010738936252892017,0.012005618773400784,0.011362377554178238,0.12623648345470428,0.9847484827041626
550,1,0.0896739661693573,0.011633515357971191,0.07804045081138611,2.874758005142212,0.010759444907307625,0.011037446558475494,0.010323787108063698,0.1254197508096695,0.9814908504486084
600,1,0.09031063318252563,0.007806836161762476,0.0825037956237793,2.4774091243743896,0.011256123892962933,0.024487625807523727,0.023544903844594955,0.15074145793914795,0.9921802878379822
650,1,0.10387544333934784,0.006639493629336357,0.09723594784736633,2.7258176803588867,0.011712467297911644,0.0108144860714674,0.009600291028618813,0.13793101906776428,0.9935585260391235
700,1,0.09761831164360046,0.007920052856206894,0.08969826251268387,2.661332607269287,0.012116599828004837,0.02671186812222004,0.025538485497236252,0.1631874442100525,0.9948933124542236
750,1,0.09808779507875443,0.00790582038462162,0.09018197655677795,2.414346694946289,0.012663119472563267,0.014918252825737,0.012982221320271492,0.138072669506073,0.9962606430053711
800,1,0.10767129808664322,0.006810732185840607,0.10086056590080261,2.7163290977478027,0.013132886961102486,0.013774868100881577,0.012007921002805233,0.14704886078834534,0.9860411286354065
850,1,0.12789075076580048,0.010996418073773384,0.11689432710409164,2.923996925354004,0.013455566950142384,0.014178129844367504,0.012676626443862915,0.16937895119190216,0.9929900169372559
900,1,0.13225895166397095,0.009963667951524258,0.12229528278112411,2.820946216583252,0.01360085979104042,0.010745014995336533,0.009346690960228443,0.16646897792816162,0.9915100336074829
950,1,0.08605729043483734,0.008784566074609756,0.07727272063493729,2.8120007514953613,0.013436066918075085,0.011979922652244568,0.010242972522974014,0.12235362827777863,0.989410400390625
1000,1,0.11307726055383682,0.009875722229480743,0.10320153832435608,3.010796546936035,0.01332636084407568,0.01122378185391426,0.00945205520838499,0.1488204002380371,0.9952719211578369
1050,1,0.08598697185516357,0.008837169967591763,0.07714980095624924,2.7993521690368652,0.013095577247440815,0.010831642895936966,0.00937781110405922,0.12020628154277802,1.009685754776001
1100,1,0.09099016338586807,0.006379609927535057,0.08461055159568787,2.6336655616760254,0.012667002156376839,0.007470146287232637,0.006493814289569855,0.11813511699438095,1.0074493885040283
1150,1,0.07880990207195282,0.005891078617423773,0.07291882485151291,2.3109636306762695,0.012216835282742977,0.007280293852090836,0.006088376976549625,0.10374560952186584,1.0023746490478516
1200,1,0.07868359237909317,0.006061636842787266,0.07262195646762848,2.472698211669922,0.012070934288203716,0.006982402876019478,0.005997194908559322,0.10403875261545181,1.0026423931121826
1250,1,0.08888188749551773,0.007188731338828802,0.08169315755367279,2.391714572906494,0.011980514973402023,0.01061839796602726,0.009267875924706459,0.12073871493339539,1.0024216175079346
1300,1,0.07273462414741516,0.006042934022843838,0.06669168919324875,2.3401427268981934,0.011928695254027843,0.010063407011330128,0.008994909934699535,0.10350558161735535,1.0052731037139893
1350,1,0.06557613611221313,0.0057566240429878235,0.05981950834393501,2.3781752586364746,0.011890380643308163,0.005107921082526445,0.004445082042366266,0.08703190088272095,1.0074107646942139
1400,2,0.06254487484693527,0.006143070757389069,0.056401804089546204,2.3063106536865234,0.011523915454745293,0.005513282492756844,0.004864730406552553,0.08446596562862396,1.0056614875793457
1450,2,0.06018782779574394,0.004053656477481127,0.0561341717839241,2.518770694732666,0.011287027038633823,0.0046859970316290855,0.003991120960563421,0.08147008717060089,1.005061149597168
1500,2,0.059195056557655334,0.0041158003732562065,0.05507925525307655,2.291130542755127,0.011116474866867065,0.0036467688623815775,0.003191697644069791,0.07750029116868973,1.0021613836288452
1550,2,0.06417453289031982,0.0035186000168323517,0.06065593659877777,2.3346407413482666,0.010921647772192955,0.0036160878371447325,0.0031919118482619524,0.08266665786504745,0.9998708367347717
1600,2,0.058148182928562164,0.004299053456634283,0.05384913086891174,2.3266613483428955,0.010822860524058342,0.004567145369946957,0.004057261161506176,0.07841672003269196,1.000547170639038
1650,2,0.04898368939757347,0.004018090665340424,0.04496559873223305,2.3253931999206543,0.010869319550693035,0.0037850115913897753,0.0033569971565157175,0.06776353716850281,1.0012749433517456
1700,2,0.05441845580935478,0.003512511495500803,0.05090594291687012,2.0978329181671143,0.010759489610791206,0.003384992480278015,0.0029844639357179403,0.07128783315420151,1.000953197479248
1750,2,0.0474684052169323,0.0029249610379338264,0.044543445110321045,2.1879184246063232,0.010718625970184803,0.0034314668737351894,0.003024626988917589,0.0648748055100441,0.9993395805358887
1800,2,0.0478300005197525,0.0029494185000658035,0.04488058015704155,2.343653917312622,0.010466445237398148,0.0034855599515140057,0.003074298845604062,0.06611859798431396,1.0000370740890503
1850,2,0.04261501505970955,0.0029385159723460674,0.039676498621702194,2.205636978149414,0.010145789012312889,0.003034648485481739,0.0026794050354510546,0.05936739593744278,0.9978433847427368
1900,2,0.04720471426844597,0.004067287780344486,0.04313742741942406,2.1782124042510986,0.00986894778907299,0.004511767532676458,0.004189186729490757,0.0668065994977951,0.9985357522964478
1950,2,0.046841684728860855,0.0030095786787569523,0.04383210465312004,2.0509538650512695,0.009840567596256733,0.00341518665663898,0.0031342199072241783,0.06365570425987244,0.9985979795455933
2000,2,0.04688604176044464,0.0032870564609766006,0.04359898716211319,2.22111177444458,0.009639615193009377,0.0032603107392787933,0.002917663659900427,0.06417921930551529,0.996608555316925
2050,2,0.04637112095952034,0.003353177336975932,0.04301794245839119,2.1277475357055664,0.0095455227419734,0.00383025873452425,0.00351695460267365,0.06436661630868912,0.9962531328201294
2100,2,0.04623870924115181,0.002625336404889822,0.04361337423324585,2.161816120147705,0.009402837604284286,0.0032063298858702183,0.0028841975145041943,0.06314772367477417,0.9952483773231506
2150,2,0.04243702441453934,0.0026103751733899117,0.039826650172472,2.085446357727051,0.009470057673752308,0.003999793902039528,0.003728305920958519,0.06060182675719261,0.9917774200439453
2200,2,0.04370572045445442,0.0031542577780783176,0.04055146127939224,2.2016634941101074,0.009371391497552395,0.00321201398037374,0.0029927121941000223,0.060928136110305786,0.9947630167007446
2250,2,0.04107413440942764,0.0028389671351760626,0.038235168904066086,2.262209415435791,0.009258740581572056,0.002701961901038885,0.002455105073750019,0.05755150690674782,0.9965450763702393
2300,2,0.035708047449588776,0.0021496859844774008,0.03355836123228073,2.12713360786438,0.009246725589036942,0.002199319191277027,0.001997407991439104,0.05054968595504761,0.9962158203125
2350,2,0.04047754034399986,0.0031243194825947285,0.03735322132706642,2.2166295051574707,0.009042976424098015,0.002792602637782693,0.002629268215969205,0.05699159950017929,0.9936142563819885
2400,2,0.04003749042749405,0.002764293923974037,0.03727319836616516,2.206059694290161,0.008905169554054737,0.0028074777219444513,0.0025328786578029394,0.05641704797744751,0.9918462038040161
2450,2,0.03776067495346069,0.0025907959789037704,0.035169877111911774,2.191221237182617,0.0089737419039011,0.0027519373688846827,0.0024754563346505165,0.0539531484246254,0.9951794743537903
2500,2,0.03643544763326645,0.0025195800699293613,0.033915866166353226,2.0733234882354736,0.008875386789441109,0.0024555972777307034,0.0022834138944745064,0.05154995247721672,0.9951463937759399
2550,2,0.03347475454211235,0.0025076440069824457,0.03096711076796055,2.1706552505493164,0.008789942599833012,0.0018798960372805595,0.001729615731164813,0.04794633388519287,0.9961698651313782
2600,2,0.03842807188630104,0.0018370335455983877,0.03659103810787201,1.7847206592559814,0.008612067438662052,0.001962377456948161,0.0018234170274809003,0.05114608258008957,0.9896537065505981
2650,2,0.043410785496234894,0.0023872987367212772,0.041023485362529755,2.0402140617370605,0.008646389469504356,0.0030757056083530188,0.0028490000404417515,0.059545207768678665,0.9915373921394348
2700,2,0.03938274830579758,0.0026432625018060207,0.03673948720097542,2.007158041000366,0.008694923482835293,0.0025672418996691704,0.0024114379193633795,0.05440591275691986,0.9932529926300049
2750,3,0.03801115229725838,0.0020327612292021513,0.03597839176654816,2.184556245803833,0.008610171265900135,0.0021998463198542595,0.0020472267642617226,0.05318961665034294,0.9927619099617004
2800,3,0.037944793701171875,0.002673286711797118,0.03527150675654411,2.0344371795654297,0.008529183454811573,0.002216985449194908,0.002026880392804742,0.052369374781847,0.9925839304924011
2850,3,0.037336260080337524,0.00291688134893775,0.034419380128383636,2.1165332794189453,0.008259265683591366,0.0031170130241662264,0.002849094569683075,0.05389329418540001,0.9923180341720581
2900,3,0.036086127161979675,0.001976628787815571,0.03410949930548668,2.0462961196899414,0.00806155800819397,0.0020851753652095795,0.0019344023894518614,0.050345245748758316,0.9881793856620789
2950,3,0.03911120072007179,0.0019664382562041283,0.03714476153254509,2.058450937271118,0.007985031232237816,0.0022806511260569096,0.0021984942723065615,0.05389058589935303,0.9868327975273132
3000,3,0.037755776196718216,0.0022817337885499,0.03547404333949089,1.8870660066604614,0.008017768152058125,0.0024009007029235363,0.002312746364623308,0.05191276967525482,0.9884287714958191
3050,3,0.03495430573821068,0.0021703140810132027,0.03278399258852005,2.0009560585021973,0.008047596551477909,0.0022455372381955385,0.0021655664313584566,0.04937823861837387,0.9895644187927246
3100,3,0.03560734912753105,0.0020002671517431736,0.033607080578804016,2.0475406646728516,0.008027360774576664,0.0026712724938988686,0.002472891006618738,0.05099724605679512,0.9894253015518188
3150,3,0.03613847866654396,0.0022055604495108128,0.033932916820049286,1.9749071598052979,0.00787451583892107,0.0024666967801749706,0.00232103792950511,0.0508086234331131,0.9869738221168518
3200,3,0.0337006151676178,0.0019097401527687907,0.031790874898433685,2.1050171852111816,0.007766802329570055,0.0015653693117201328,0.0014680325984954834,0.047266870737075806,0.986933708190918
3250,3,0.03478206694126129,0.0019742115400731564,0.032807856798172,1.9231252670288086,0.007639818359166384,0.0023686198983341455,0.0022238167002797127,0.04899777099490166,0.9875501394271851
3300,3,0.03415476903319359,0.001833746675401926,0.0323210209608078,1.952019453048706,0.007695787586271763,0.0019762420561164618,0.0018930186051875353,0.047791823744773865,0.9858904480934143
3350,3,0.03649015724658966,0.002814639825373888,0.03367551788687706,1.885861873626709,0.007599316071718931,0.0018050555372610688,0.0017259278101846576,0.04945804923772812,0.9859817028045654
3400,3,0.03290240839123726,0.001613542903214693,0.03128886595368385,2.019300699234009,0.007329985965043306,0.002211649203673005,0.0021444177255034447,0.0473623089492321,0.9833754301071167
3450,3,0.03336520120501518,0.0018798350356519222,0.03148536756634712,1.9492466449737549,0.0074433269910514355,0.0016480989288538694,0.0016118502244353294,0.04637882858514786,0.984521210193634
3500,3,0.036156632006168365,0.002115581650286913,0.03404105082154274,1.9959118366241455,0.007409815210849047,0.001958223059773445,0.001882469281554222,0.049984294921159744,0.9860557317733765
3550,3,0.03668418899178505,0.0019876451697200537,0.0346965454518795,1.934655785560608,0.007559345569461584,0.002225138247013092,0.0021881507709622383,0.05077831447124481,0.9819674491882324
3600,3,0.03670094162225723,0.002201998606324196,0.034498944878578186,2.0225422382354736,0.007401693612337112,0.0020447121933102608,0.0019528069533407688,0.05081857368350029,0.9838648438453674
3650,3,0.03633018583059311,0.00194129953160882,0.03438888490200043,1.98567533493042,0.00725539168342948,0.0017417093040421605,0.0016828309744596481,0.049690358340740204,0.9832833409309387
3700,3,0.040675416588783264,0.0021667033433914185,0.038508713245391846,1.881633996963501,0.007249206770211458,0.002461292315274477,0.002411716850474477,0.054963842034339905,0.981906533241272
3750,3,0.03598906472325325,0.002109166467562318,0.033879898488521576,1.9194860458374023,0.0070188106037676334,0.0019677551463246346,0.0018773153424263,0.049438584595918655,0.9813754558563232
3800,3,0.036351706832647324,0.0021433797664940357,0.034208327531814575,2.052030563354492,0.007236947305500507,0.002034089993685484,0.0019723994191735983,0.05062558874487877,0.9831538200378418
3850,3,0.03398209065198898,0.0017849545693024993,0.03219713643193245,2.016542434692383,0.007077062968164682,0.0017915222560986876,0.001714714802801609,0.0475781187415123,0.984920859336853
3900,3,0.03285025805234909,0.001494959695264697,0.031355299055576324,1.8647016286849976,0.007119834888726473,0.001417516265064478,0.0013638348318636417,0.044962234795093536,0.9816242456436157
3950,3,0.03340814262628555,0.0016698201652616262,0.03173832222819328,1.877523422241211,0.006951075978577137,0.0015973820118233562,0.0015641511417925358,0.04596424475312233,0.983329176902771
4000,3,0.03391502425074577,0.0017689213855192065,0.03214610368013382,1.9107109308242798,0.006911005359143019,0.0014715378638356924,0.0013959499774500728,0.04634297639131546,0.982552170753479
4050,3,0.03294405713677406,0.0017219771398231387,0.031222080811858177,1.9043278694152832,0.006977229379117489,0.002133146394044161,0.0020738898310810328,0.04667970910668373,0.9815970063209534
4100,4,0.030767766758799553,0.00175225711427629,0.02901550941169262,1.8885328769683838,0.007053670939058065,0.001809080014936626,0.0017528412863612175,0.0437794029712677,0.9835236072540283
4150,4,0.03275828808546066,0.0017273285193368793,0.031030958518385887,1.7885414361953735,0.006911274045705795,0.001682962290942669,0.0016192443436011672,0.04501011222600937,0.9824432730674744
4200,4,0.028505291789770126,0.0014435765333473682,0.027061715722084045,1.8539299964904785,0.00687076710164547,0.0013213010970503092,0.0012984279310330749,0.04040154069662094,0.982342541217804
4250,4,0.033696405589580536,0.0021311985328793526,0.03156520798802376,1.9642318487167358,0.0069564953446388245,0.0017790397396311164,0.0017545884475111961,0.04705814644694328,0.9825133085250854
4300,4,0.040017977356910706,0.00296786823309958,0.03705010935664177,1.9082103967666626,0.00706022372469306,0.002453880850225687,0.0023822328075766563,0.054402198642492294,0.9807488918304443
4350,4,0.03526092693209648,0.002081930637359619,0.03317899629473686,1.944464087486267,0.006896231789141893,0.001961467554792762,0.0019165060948580503,0.04886811599135399,0.9858303666114807
4400,4,0.035082753747701645,0.001844869228079915,0.03323788568377495,1.796828031539917,0.006839686073362827,0.002147163264453411,0.0020834323950111866,0.04830433055758476,0.9822542071342468
4450,4,0.030438371002674103,0.0015585575019940734,0.028879813849925995,1.7604830265045166,0.006681474857032299,0.0014307321980595589,0.0013793576508760452,0.04205755889415741,0.984090268611908
4500,4,0.02963247522711754,0.0016841674223542213,0.02794830873608589,1.8562958240509033,0.006733953487128019,0.0017340019112452865,0.0016758383717387915,0.042330529540777206,0.9825042486190796
4550,4,0.03362300246953964,0.0016499008052051067,0.03197310119867325,1.8779737949371338,0.006699124351143837,0.001403754111379385,0.0013657810632139444,0.04578910395503044,0.9811872243881226
4600,4,0.03469632938504219,0.0015890563372522593,0.033107273280620575,2.009382724761963,0.006621833425015211,0.0019502852810546756,0.0019081830978393555,0.048608336597681046,0.9815628528594971
4650,4,0.030200393870472908,0.0015275266487151384,0.02867286652326584,1.8924307823181152,0.006679014768451452,0.0015163739444687963,0.0014422442764043808,0.04262784495949745,0.9820102453231812
4700,4,0.030308369547128677,0.0013630327302962542,0.028945336118340492,1.8724384307861328,0.006789529696106911,0.0013987190322950482,0.0013657836243510246,0.042441852390766144,0.9830846786499023
4750,4,0.028074588626623154,0.0018716345075517893,0.026202954351902008,1.917824149131775,0.006719585042446852,0.001693716854788363,0.0016614020569249988,0.0410255491733551,0.981507420539856
4800,4,0.033960819244384766,0.0020526782609522343,0.03190813958644867,1.8187893629074097,0.006781358737498522,0.001446999260224402,0.0014130063354969025,0.045921552926301956,0.9832351803779602
4850,4,0.031158816069364548,0.0015833992511034012,0.029575416818261147,1.8483519554138184,0.006609178148210049,0.001592252287082374,0.001542168902233243,0.04354160651564598,0.9838710427284241
4900,4,0.034155938774347305,0.0018039235146716237,0.032352015376091,1.9144995212554932,0.006859258282929659,0.0018172449199482799,0.001776163000613451,0.047328703105449677,0.983188271522522
4950,4,0.03452053293585777,0.001873560482636094,0.03264697268605232,1.9501103162765503,0.006879902444779873,0.002730172360315919,0.0027025823947042227,0.0497107207775116,0.9813028573989868
5000,4,0.03175852447748184,0.0016772814560681581,0.030081244185566902,1.793752670288086,0.006599553395062685,0.0015248879790306091,0.0014624082250520587,0.04372118413448334,0.985251784324646
5050,4,0.03338133543729782,0.00183220230974257,0.031549133360385895,1.838560700416565,0.0068374997936189175,0.0018927694763988256,0.001864890567958355,0.046338632702827454,0.9806635975837708
5100,4,0.03513066843152046,0.0018929785583168268,0.03323768824338913,1.8190360069274902,0.0068370867520570755,0.0019067988032475114,0.001840778160840273,0.04798026382923126,0.9838618636131287
5150,4,0.03354564309120178,0.0017568045295774937,0.03178883716464043,1.7418625354766846,0.006883145309984684,0.0015856472309678793,0.0015631160931661725,0.045410603284835815,0.9821443557739258
5200,4,0.03520642966032028,0.0019985903054475784,0.033207837492227554,1.954473853111267,0.006703812628984451,0.0016677798703312874,0.001628552912734449,0.04828183725476265,0.9822655916213989
5250,4,0.03062903694808483,0.0014425490517169237,0.029186487197875977,1.7714040279388428,0.006693876348435879,0.0012332338374108076,0.0012041867012158036,0.041930172592401505,0.9842478036880493
5300,4,0.030990006402134895,0.001551861292682588,0.029438145458698273,1.9386943578720093,0.006648018956184387,0.00129566784016788,0.0012441705912351608,0.04322996735572815,0.9815965294837952
5350,4,0.03144390508532524,0.0014921382535248995,0.02995176613330841,1.8887224197387695,0.006467843893915415,0.001509745721705258,0.0014812960289418697,0.04388502612709999,0.9848999977111816
5400,4,0.03357849270105362,0.0019359218422323465,0.031642571091651917,1.8738517761230469,0.006552481092512608,0.0018163446802645922,0.0017765405355021358,0.046547189354896545,0.9839721322059631
5450,4,0.03365383297204971,0.0016258915420621634,0.032027941197156906,1.8390792608261108,0.0066020856611430645,0.002012282144278288,0.001991883385926485,0.046859994530677795,0.9822999835014343
5500,5,0.031128447502851486,0.001605871831998229,0.029522575438022614,1.8755896091461182,0.006510391365736723,0.001761524472385645,0.0017387622501701117,0.04401319473981857,0.9827942252159119
5550,5,0.031045638024806976,0.0018950675148516893,0.029150569811463356,1.8838963508605957,0.006459344178438187,0.001602616859599948,0.0015870670322328806,0.04366126284003258,0.9818798899650574
5600,5,0.02802523784339428,0.001308215199969709,0.02671702206134796,1.793119192123413,0.00625377893447876,0.0011017459910362959,0.0010350988013669848,0.03913393244147301,0.9833023548126221
5650,5,0.030617162585258484,0.0017742890631780028,0.028842873871326447,1.8864963054656982,0.006314484402537346,0.002424769802019,0.0024056679103523493,0.04488639533519745,0.9832683801651001
5700,5,0.03055865876376629,0.0015960787422955036,0.028962580487132072,1.7950226068496704,0.0064764125272631645,0.0014100860571488738,0.0013828491792082787,0.04233318194746971,0.9822365045547485
5750,5,0.02801894210278988,0.0012816226808354259,0.02673731930553913,1.7395071983337402,0.006357007659971714,0.0008699658210389316,0.0008234663400799036,0.038416262716054916,0.9832854270935059
5800,5,0.029413454234600067,0.0014046020805835724,0.028008852154016495,1.7090258598327637,0.006182283628731966,0.0014640572480857372,0.001438972889445722,0.040867798030376434,0.9836117625236511
5850,5,0.028569594025611877,0.001393364742398262,0.027176229283213615,1.8223925828933716,0.006212098989635706,0.0015558067243546247,0.0014913626946508884,0.04073493927717209,0.9840100407600403
5900,5,0.02962125651538372,0.001283029094338417,0.028338227421045303,1.8384907245635986,0.006089143920689821,0.001014420879073441,0.0009947798680514097,0.04082900285720825,0.9828349351882935
5950,5,0.030418576672673225,0.001760791870765388,0.028657784685492516,1.8071339130401611,0.0060181342996656895,0.0012186826206743717,0.0012055521365255117,0.04188449680805206,0.9839043617248535
6000,5,0.025775514543056488,0.0011771756689995527,0.024598339572548866,1.9154706001281738,0.0059874518774449825,0.001252276822924614,0.0012338991509750485,0.037845030426979065,0.9838407039642334
6050,5,0.02947644330561161,0.0012429360067471862,0.02823350764811039,1.7769017219543457,0.005919412709772587,0.0012475918047130108,0.0012111541582271457,0.04082562029361725,0.9860158562660217
6100,5,0.029887426644563675,0.0013100197538733482,0.0285774078220129,1.839569091796875,0.005911999382078648,0.0014332407154142857,0.0014170409413054585,0.04194146767258644,0.9839133024215698
6150,5,0.02547406032681465,0.0010475392919033766,0.024426521733403206,1.8955707550048828,0.005873688030987978,0.0013266998576000333,0.0013161984970793128,0.03760068863630295,0.9834852814674377
6200,5,0.02703031152486801,0.0012863923329859972,0.025743918493390083,1.979763150215149,0.005740933120250702,0.0009781159460544586,0.0009645973914302886,0.03887758031487465,0.9836626648902893
6250,5,0.02686999924480915,0.0013235601363703609,0.025546438992023468,1.829526424407959,0.0056166136637330055,0.0011206171475350857,0.001114222570322454,0.038258086889982224,0.9824450016021729
6300,5,0.026500482112169266,0.001229026005603373,0.025271456688642502,1.7737438678741455,0.005570280831307173,0.0011120503768324852,0.0010979161597788334,0.037584736943244934,0.985127329826355
6350,5,0.02734355628490448,0.0013180625392124057,0.026025494560599327,1.78482985496521,0.005422667134553194,0.0012165973894298077,0.0011994671076536179,0.03868919238448143,0.984575092792511
6400,5,0.028944231569767,0.0012762609403580427,0.027667971327900887,1.7591629028320312,0.005390156991779804,0.0011283906642347574,0.0011186589254066348,0.03999248519539833,0.9846638441085815
6450,5,0.028057444840669632,0.0011283457279205322,0.0269290991127491,1.829784870147705,0.005372707732021809,0.0010621505789458752,0.0010478938929736614,0.039321787655353546,0.9843686819076538
6500,5,0.0317072719335556,0.0015838865656405687,0.030123384669423103,1.7979729175567627,0.005329342093318701,0.0012070601806044579,0.0012053234968334436,0.04311484843492508,0.9844041466712952
6550,5,0.035797640681266785,0.001967011019587517,0.03383063152432442,1.9606188535690308,0.005430254619568586,0.0027727624401450157,0.002694782568141818,0.05107371136546135,0.984184741973877
6600,5,0.03644241392612457,0.0020886457059532404,0.03435376659035683,1.911623239517212,0.0060278987511992455,0.001607277779839933,0.0015986175276339054,0.04921245202422142,0.9832525253295898
6650,5,0.0339774526655674,0.0017950981855392456,0.03218235448002815,1.7634066343307495,0.005942578427493572,0.0017760719638317823,0.0017214210238307714,0.04629791900515556,0.9831740260124207
6700,5,0.03296090289950371,0.0016646904405206442,0.03129621222615242,1.772449016571045,0.0057085310108959675,0.0014144446467980742,0.0013901665806770325,0.04463346675038338,0.98310387134552
6750,5,0.0315871462225914,0.0013659980613738298,0.03022114746272564,1.8419828414916992,0.005513081792742014,0.0014624916948378086,0.0014425368281081319,0.043707605451345444,0.9840330481529236
6800,5,0.028684981167316437,0.0014262681361287832,0.02725871279835701,1.8126072883605957,0.005341978278011084,0.0011128205806016922,0.0010897561442106962,0.03995593637228012,0.9860405325889587
6850,6,0.028303474187850952,0.0012188209220767021,0.027084652334451675,1.7135882377624512,0.005401147995144129,0.0012447586050257087,0.0012322335969656706,0.039353810250759125,0.9843164682388306
6900,6,0.028869614005088806,0.0014585177414119244,0.027411095798015594,1.781916618347168,0.005318827927112579,0.0010379999876022339,0.0010253515793010592,0.03984786942601204,0.9865512251853943
6950,6,0.02814301662147045,0.0013795704580843449,0.026763446629047394,1.831946611404419,0.0053008561953902245,0.0011035159695893526,0.0011059263488277793,0.039517492055892944,0.9865447878837585
7000,6,0.027835937216877937,0.0011485713766887784,0.026687365025281906,1.8091975450515747,0.005419447086751461,0.0011262643383815885,0.0010955407051369548,0.03910914808511734,0.9843302965164185
7050,6,0.027633091434836388,0.0012206751853227615,0.026412416249513626,1.7995185852050781,0.0053340233862400055,0.0010766730410978198,0.0010647214949131012,0.03877741098403931,0.9860097765922546
7100,6,0.028562428429722786,0.0011365492828190327,0.02742587961256504,1.8089402914047241,0.005374629516154528,0.0010182636324316263,0.0010045359376817942,0.0396353043615818,0.9848861694335938
7150,6,0.03161795064806938,0.0013866783119738102,0.03023127093911171,1.8359426259994507,0.005279342643916607,0.001483069034293294,0.0014840330695733428,0.043770045042037964,0.9844445586204529
7200,6,0.028973139822483063,0.0013205684954300523,0.027652570977807045,1.7577292919158936,0.005124225746840239,0.0009349185274913907,0.0009225617395713925,0.03962439298629761,0.9848063588142395
7250,6,0.02691636048257351,0.0011900040553882718,0.025726355612277985,1.7343298196792603,0.005167090799659491,0.0010065895039588213,0.0009864401072263718,0.03758620843291283,0.9850021004676819
7300,6,0.02883750945329666,0.0013391232350841165,0.027498386800289154,1.6783361434936523,0.005121360067278147,0.000958687742240727,0.0009646088583394885,0.03915760666131973,0.9853450655937195
7350,6,0.0289335697889328,0.0014357331674546003,0.02749783731997013,1.748582363128662,0.005109892226755619,0.0009889885550364852,0.0009917619172483683,0.03966234624385834,0.9839897751808167
7400,6,0.0293087400496006,0.0013275882229208946,0.02798115275800228,1.7657585144042969,0.004934875760227442,0.001179868821054697,0.001173397758975625,0.04049573466181755,0.984435498714447
7450,6,0.0281515009701252,0.0012986129149794579,0.026852887123823166,1.8179826736450195,0.004832176025956869,0.0011005435371771455,0.001084168441593647,0.03943095728754997,0.9843416213989258
7500,6,0.0280738677829504,0.001375450985506177,0.026698416098952293,1.8088107109069824,0.005025522783398628,0.001190086710266769,0.0011759980116039515,0.039489030838012695,0.9844128489494324
7550,6,0.027579914778470993,0.001021944684907794,0.02655797079205513,1.6695289611816406,0.004946244414895773,0.0010342671303078532,0.0010244195582345128,0.03799119591712952,0.9835290312767029
7600,6,0.02651851251721382,0.0011874949559569359,0.02533101662993431,1.7206183671951294,0.004877884406596422,0.0011403672397136688,0.0011552762007340789,0.03742212429642677,0.9822099208831787
7650,6,0.027501152828335762,0.0010407514637336135,0.026460401713848114,1.7147510051727295,0.00476435013115406,0.0011368799023330212,0.001136111211962998,0.038352660834789276,0.9831945300102234
7700,6,0.029804084450006485,0.0011057916563004255,0.02869829349219799,1.642773151397705,0.0047227474860847,0.0010161432437598705,0.0010344971669837832,0.04007331654429436,0.9816433787345886
7750,6,0.029292985796928406,0.0012070045340806246,0.02808598056435585,1.7362244129180908,0.004762052092701197,0.0009401231072843075,0.0009401551797054708,0.03985914587974548,0.9835127592086792
7800,6,0.029863715171813965,0.0012884164461866021,0.028575299307703972,1.714547872543335,0.004571954719722271,0.0015460527502000332,0.0015824893489480019,0.04156956821680069,0.9819902181625366
7850,6,0.028731342405080795,0.0011253384873270988,0.02760600484907627,1.6611061096191406,0.004488506820052862,0.0011068445164710283,0.0011204562615603209,0.03926866501569748,0.9834707975387573
7900,6,0.03027237579226494,0.001169951050542295,0.029102424159646034,1.7990660667419434,0.0044040558859705925,0.0009479383006691933,0.000944961910136044,0.04116500914096832,0.9825769662857056
7950,6,0.030979495495557785,0.0012502253521233797,0.029729269444942474,1.8367619514465332,0.004649322014302015,0.001146818627603352,0.0011588250054046512,0.042473599314689636,0.9819168448448181
8000,6,0.0294430423527956,0.0013373574474826455,0.028105685487389565,1.9205913543701172,0.004440154414623976,0.0010442475322633982,0.0010642502456903458,0.04115893691778183,0.9815797805786133
8050,6,0.02845662645995617,0.001434976002201438,0.027021650224924088,1.7673637866973877,0.004383591935038567,0.0012471727095544338,0.0012273883912712336,0.0397723913192749,0.9830992817878723
8100,6,0.02952665090560913,0.0016298855189234018,0.027896765619516373,1.818690299987793,0.004478192888200283,0.001072369865141809,0.0011006634449586272,0.04079761356115341,0.9815599322319031
8150,6,0.03045395016670227,0.0013352716341614723,0.029118677601218224,1.6093950271606445,0.004699244629591703,0.0012603007489815354,0.0012870231876149774,0.04105294868350029,0.9821925163269043
8200,7,0.02948901802301407,0.001213740324601531,0.028275277465581894,1.7578684091567993,0.004490199498832226,0.0013915300369262695,0.0014080661348998547,0.04108244553208351,0.9842527508735657
8250,7,0.03018021583557129,0.0014346935786306858,0.02874552272260189,1.8535056114196777,0.004543004557490349,0.0014027380384504795,0.0014146241592243314,0.04226965084671974,0.9832697510719299
8300,7,0.028408752754330635,0.0011588198831304908,0.027249932289123535,1.8184149265289307,0.004495106637477875,0.0009900140576064587,0.0009858236880972981,0.039481163024902344,0.9824239015579224
8350,7,0.029579848051071167,0.0011277187149971724,0.028452130034565926,1.8000946044921875,0.004506158176809549,0.0011266905348747969,0.0011249863309785724,0.040836505591869354,0.9820671081542969
8400,7,0.030445270240306854,0.001181655446998775,0.029263615608215332,1.783037543296814,0.004410731140524149,0.0010758891003206372,0.0010879047913476825,0.04152866080403328,0.9819377660751343
8450,7,0.030472561717033386,0.001221819082275033,0.029250742867588997,1.843017578125,0.004493336658924818,0.0012666592374444008,0.0012881531147286296,0.04224695265293121,0.984351634979248
8500,7,0.03039339743554592,0.0013023394858464599,0.029091058298945427,1.6267046928405762,0.004294451326131821,0.0011973463697358966,0.0011820478830486536,0.04091061279177666,0.9832836985588074
8550,7,0.026447109878063202,0.0010400848696008325,0.02540702559053898,1.793752670288086,0.004098608158528805,0.0010454466100782156,0.0010618696687743068,0.037527285516262054,0.9821014404296875
8600,7,0.028478654101490974,0.0013128523714840412,0.02716580219566822,1.694777488708496,0.004260682500898838,0.001066973665729165,0.0010669971816241741,0.03909077122807503,0.9823230504989624
8650,7,0.028356080874800682,0.0012151857372373343,0.027140894904732704,1.8544950485229492,0.004132096655666828,0.000841190165374428,0.0008482079720124602,0.039322081953287125,0.9819446206092834
8700,7,0.026184674352407455,0.0008732081623747945,0.025311466306447983,1.7003366947174072,0.004144645296037197,0.0008447297150269151,0.0008639743318781257,0.03639920800924301,0.9829644560813904
8750,7,0.0257453341037035,0.0012357940431684256,0.02450953982770443,1.7202670574188232,0.004002753645181656,0.0010713257361203432,0.0010893743019551039,0.0365113690495491,0.9834438562393188
8800,7,0.02609856054186821,0.0010263598524034023,0.02507220022380352,1.7604169845581055,0.00407959520816803,0.0010130808223038912,0.001026912941597402,0.03694472089409828,0.9829286932945251
8850,7,0.028157753869891167,0.0012186479289084673,0.02693910524249077,1.6534063816070557,0.003950023092329502,0.0009241574443876743,0.0009421060094609857,0.038294997066259384,0.9829280376434326
8900,7,0.025100670754909515,0.0010209459578618407,0.02407972514629364,1.6609721183776855,0.0039297835901379585,0.0010319630382582545,0.0010414142161607742,0.03548283874988556,0.9825235605239868
8950,7,0.02430747263133526,0.0009750004392117262,0.023332472890615463,1.794351577758789,0.0038392527494579554,0.0009422455332241952,0.0009466772899031639,0.0351719930768013,0.983281672000885
9000,7,0.02523316629230976,0.0011983264703303576,0.024034839123487473,1.7167649269104004,0.003913959488272667,0.0009701299713924527,0.0009900406002998352,0.035781074315309525,0.9855532646179199
9050,7,0.02526175230741501,0.0011196433333680034,0.024142108857631683,1.764379858970642,0.004006525967270136,0.0011076931841671467,0.0011147118639200926,0.03631005808711052,0.9837016463279724
9100,7,0.028765283524990082,0.0010972325690090656,0.027668051421642303,1.7971034049987793,0.003958842251449823,0.000911622541025281,0.0009236798505298793,0.03959006071090698,0.9820672273635864
9150,7,0.028695255517959595,0.0010792708490043879,0.02761598490178585,1.6800940036773682,0.0041271597146987915,0.0012553933775052428,0.0012763170525431633,0.03963156417012215,0.9827085733413696
9200,7,0.030120348557829857,0.001399325206875801,0.028721023350954056,1.8271950483322144,0.00439296243712306,0.0016294080996885896,0.0016854656860232353,0.042575590312480927,0.9820636510848999
9250,7,0.029793094843626022,0.0011613969691097736,0.028631698340177536,1.6991103887557983,0.004168266896158457,0.0009685310651548207,0.0009759409003891051,0.04023728519678116,0.982117772102356
9300,7,0.026642490178346634,0.0009527384536340833,0.025689750909805298,1.7112723588943481,0.00419932696968317,0.0008884913986548781,0.0008968725451268256,0.03698841482400894,0.9834767580032349
9350,7,0.02813245914876461,0.0012542989570647478,0.02687815949320793,1.8119795322418213,0.003964586649090052,0.0010315896943211555,0.0010420458856970072,0.03926995396614075,0.9815551042556763
9400,7,0.02791213057935238,0.0010082892840728164,0.026903841644525528,1.8356425762176514,0.0038874789606779814,0.0011902907863259315,0.0012181499041616917,0.03950267285108566,0.9819251298904419
9450,7,0.02597418613731861,0.0010996829951182008,0.024874502792954445,1.7777938842773438,0.0038780183531343937,0.000823630893137306,0.0008251112885773182,0.03651577606797218,0.9838443994522095
9500,7,0.026136938482522964,0.0011672445107251406,0.024969693273305893,1.6909053325653076,0.003839222714304924,0.0008402570965699852,0.0008447417058050632,0.036280304193496704,0.9838167428970337
9550,8,0.025515448302030563,0.0010338150896131992,0.02448163367807865,1.6615478992462158,0.003869592444971204,0.0010854019783437252,0.0010962814558297396,0.036008741706609726,0.9829069375991821
9600,8,0.02557303197681904,0.0011366739636287093,0.024436358362436295,1.707806944847107,0.003805895335972309,0.0008355595637112856,0.0008337104227393866,0.035785142332315445,0.9846619963645935
9650,8,0.027996746823191643,0.0010918346233665943,0.026904912665486336,1.6226179599761963,0.003623370314016938,0.0009190468117594719,0.0009203406516462564,0.03795284777879715,0.9837799668312073
9700,8,0.027083594352006912,0.001134057529270649,0.02594953589141369,1.7607762813568115,0.003875024849548936,0.0009692237945273519,0.0009757942170836031,0.03783636912703514,0.9840974807739258
9750,8,0.023723699152469635,0.0009423005976714194,0.02278139814734459,1.6630840301513672,0.003660295158624649,0.0009917436400428414,0.0009891680674627423,0.034023694694042206,0.9844024777412415
9800,8,0.025620510801672935,0.001015094225294888,0.024605415761470795,1.7530819177627563,0.0038186581805348396,0.0009735795320011675,0.0009744492708705366,0.03633776679635048,0.9846486449241638
9850,8,0.02636946178972721,0.0011994193773716688,0.025170043110847473,1.6997233629226685,0.003770100185647607,0.0013213339261710644,0.0013277793768793344,0.037520959973335266,0.9839901328086853
9900,8,0.027866164222359657,0.0011975386878475547,0.026668624952435493,1.6976003646850586,0.0038032573647797108,0.0013042869977653027,0.0012974850833415985,0.03895974159240723,0.9862751960754395
9950,8,0.027951527386903763,0.0013064169324934483,0.026645110920071602,1.7432920932769775,0.003954580519348383,0.001190373906865716,0.0011933320201933384,0.03905564919114113,0.9848648309707642
10000,8,0.02885555475950241,0.0014227151405066252,0.027432840317487717,1.7541457414627075,0.0038625048473477364,0.001046304008923471,0.0010581472888588905,0.03973459452390671,0.9835262894630432
10050,8,0.027106966823339462,0.0011215046979486942,0.025985462591052055,1.6317416429519653,0.003896214533597231,0.0010371168609708548,0.0010584327392280102,0.03736512362957001,0.9846880435943604
10100,8,0.024605128914117813,0.001003931276500225,0.023601196706295013,1.7106194496154785,0.003641377203166485,0.0009628331754356623,0.0009772692574188113,0.03510196879506111,0.984488844871521
10150,8,0.026556696742773056,0.0011586651671677828,0.025398030877113342,1.6608562469482422,0.0036286392714828253,0.001255753100849688,0.0012696369085460901,0.03738999366760254,0.9846874475479126
10200,8,0.02532997913658619,0.0010122875683009624,0.02431769110262394,1.7926414012908936,0.0036742729134857655,0.000705505080986768,0.0007095991168171167,0.03571196272969246,0.9829699993133545
10250,8,0.025500649586319923,0.0009788654278963804,0.024521784856915474,1.692130446434021,0.0035645575262606144,0.0008202808676287532,0.0008292334387078881,0.03561438247561455,0.9843891859054565
10300,8,0.026683978736400604,0.0011367285624146461,0.025547249242663383,1.7945668697357178,0.003463971195742488,0.000791037455201149,0.0007939336355775595,0.0372452475130558,0.9851253628730774
10350,8,0.026176080107688904,0.0013608740409836173,0.024815205484628677,1.6709221601486206,0.003421993926167488,0.0008766382234171033,0.0008893420454114676,0.03630009666085243,0.9856250286102295
10400,8,0.02444499544799328,0.0009136083535850048,0.023531386628746986,1.629378080368042,0.0034137011971324682,0.0008812753367237747,0.0008912160992622375,0.034367792308330536,0.9840967655181885
10450,8,0.030403798446059227,0.0015623965300619602,0.028841402381658554,1.8879036903381348,0.0036701797507703304,0.001136664766818285,0.0011412787716835737,0.04212493076920509,0.9853641390800476
10500,8,0.027009757235646248,0.0011114352382719517,0.025898322463035583,1.7331174612045288,0.003497656201943755,0.0010019245091825724,0.0010098873171955347,0.0376906543970108,0.9827966690063477
10550,8,0.025933513417840004,0.0012082892935723066,0.02472522482275963,1.6347908973693848,0.0033829251769930124,0.0008452326874248683,0.0008503103745169938,0.03580639511346817,0.9852875471115112
10600,8,0.024669988080859184,0.0008248811354860663,0.02384510636329651,1.630007028579712,0.003409105585888028,0.0009797535603865981,0.00098910101223737,0.03479228541254997,0.9852002859115601
10650,8,0.02633664384484291,0.0010028630495071411,0.02533378079533577,1.7078725099563599,0.0035271039232611656,0.000892818788997829,0.0009074715198948979,0.03667982667684555,0.9831680059432983
10700,8,0.02732107974588871,0.001061991904862225,0.026259087026119232,1.6736376285552979,0.003327439771965146,0.0010506047401577234,0.0010464043589308858,0.03778960555791855,0.9842628240585327
10750,8,0.026385869830846786,0.0009307687869295478,0.02545510046184063,1.6782753467559814,0.0033534294925630093,0.000906775239855051,0.0009157463209703565,0.03660311922430992,0.9848333597183228
10800,8,0.024860743433237076,0.0009614121518097818,0.02389933168888092,1.695575475692749,0.003360843053087592,0.0007996988715603948,0.0008110394701361656,0.03495271876454353,0.984506368637085
10850,8,0.024167722091078758,0.0010775867849588394,0.02309013530611992,1.618166446685791,0.00333194388076663,0.0010375629644840956,0.0010648241732269526,0.03436427190899849,0.984344482421875
10900,8,0.02829556167125702,0.001127186929807067,0.02716837450861931,1.8033626079559326,0.003408895106986165,0.0011268160305917263,0.001122719724662602,0.0395653173327446,0.9829115867614746
10950,9,0.024779928848147392,0.0009483438916504383,0.02383158542215824,1.6155331134796143,0.003550906665623188,0.0009102721814997494,0.0008991443319246173,0.03467056155204773,0.9862642288208008
11000,9,0.024638019502162933,0.0009177680476568639,0.02372025139629841,1.7681740522384644,0.0035116064827889204,0.0007183939451351762,0.0007304255850613117,0.03493122383952141,0.9838021993637085
11050,9,0.02577146887779236,0.0009320665849372745,0.024839403107762337,1.7477917671203613,0.0033781875390559435,0.0007287751068361104,0.0007472385186702013,0.03598981723189354,0.9845498204231262
11100,9,0.02572440728545189,0.0009102915646508336,0.024814115837216377,1.6647076606750488,0.003363110590726137,0.0007563852122984827,0.0007595852948725224,0.035567279905080795,0.9854238629341125
11150,9,0.02499314956367016,0.000872872187756002,0.024120276793837547,1.7348703145980835,0.0033722035586833954,0.0007873903377912939,0.0008039141539484262,0.035262178629636765,0.984667956829071
11200,9,0.02756885625422001,0.0009944606572389603,0.02657439559698105,1.7838246822357178,0.0033846828155219555,0.0009717250359244645,0.000979650765657425,0.038442742079496384,0.9852898120880127
11250,9,0.02552810125052929,0.0008688602829352021,0.02465924061834812,1.6701200008392334,0.0034045728389173746,0.0009392538340762258,0.0009567165980115533,0.03577807545661926,0.9834671020507812
11300,9,0.025658657774329185,0.0010236087255179882,0.02463504858314991,1.716676950454712,0.0032990246545523405,0.0009992074919864535,0.001018084236420691,0.0362626351416111,0.9844467639923096
11350,9,0.025098755955696106,0.0010414536809548736,0.024057302623987198,1.6970139741897583,0.0033631441183388233,0.0008015748462639749,0.0008046521106734872,0.035193417221307755,0.9840245842933655
11400,9,0.02802557870745659,0.0011952640488743782,0.026830313727259636,1.7263238430023193,0.003450247459113598,0.0009957252768799663,0.001009183470159769,0.03866555914282799,0.984149694442749
11450,9,0.02476835623383522,0.0008725004736334085,0.023895855993032455,1.5796475410461426,0.0034557341132313013,0.0008008915465325117,0.0008105102460831404,0.034281451255083084,0.9849820137023926
11500,9,0.026654701679944992,0.0010964898392558098,0.025558210909366608,1.706162452697754,0.0033095309045165777,0.0009592319838702679,0.0009641535580158234,0.03711220994591713,0.9847014546394348
11550,9,0.024201970547437668,0.0009990014368668199,0.023202968761324883,1.7213342189788818,0.003291421802714467,0.000898136873729527,0.0009100394090637565,0.03462011367082596,0.9842132329940796
11600,9,0.02378913201391697,0.0009077138965949416,0.022881418466567993,1.8830584287643433,0.003384794807061553,0.0007959032664075494,0.000800959300249815,0.03480467572808266,0.9850195050239563
11650,9,0.025780970230698586,0.0011195364641025662,0.024661432951688766,1.7470178604125977,0.0033484662417322397,0.0008514792425557971,0.0008694634889252484,0.0362403504550457,0.9851574897766113
11700,9,0.02488437294960022,0.0009785450529307127,0.023905828595161438,1.6863036155700684,0.003202463034540415,0.0009275553748011589,0.0009298078948631883,0.03517645597457886,0.9847905039787292
11750,9,0.023774782195687294,0.0008493283530697227,0.022925453260540962,1.5910770893096924,0.0033288351260125637,0.0009764841524884105,0.0009779972024261951,0.033687978982925415,0.9853388071060181
11800,9,0.027250196784734726,0.0012769702589139342,0.025973226875066757,1.8335767984390259,0.003264709608629346,0.0010508166160434484,0.001070776372216642,0.038542937487363815,0.9848661422729492
11850,9,0.024650119245052338,0.0009762481786310673,0.023673871532082558,1.700251579284668,0.003347087185829878,0.0010711548384279013,0.0010709867347031832,0.03529686480760574,0.9843399524688721
11900,9,0.028399255126714706,0.0010030616540461779,0.027396192774176598,1.7814419269561768,0.003408050164580345,0.0009001083089970052,0.0009186790557578206,0.039128661155700684,0.9862117171287537
11950,9,0.025020156055688858,0.0009030651417560875,0.024117091670632362,1.642749309539795,0.003364573698490858,0.0010002062190324068,0.0010153237963095307,0.03525279834866524,0.9842244386672974
12000,9,0.028146984055638313,0.0010363056790083647,0.02711067907512188,1.7586793899536133,0.0033295864704996347,0.0010869468096643686,0.0011216553393751383,0.03915231302380562,0.9830107688903809
12050,9,0.026859818026423454,0.0010770803783088923,0.025782737880945206,1.5874459743499756,0.0033206644002348185,0.0009936046553775668,0.0010145963169634342,0.0368085652589798,0.9858649373054504
12100,9,0.025516221299767494,0.0009212893201038241,0.024594932794570923,1.7345179319381714,0.003586208913475275,0.000849574338644743,0.0008550166385248303,0.035896990448236465,0.9846631288528442
12150,9,0.025171494111418724,0.0009606073726899922,0.024210887029767036,1.6165825128555298,0.0034479524474591017,0.001089082332327962,0.0011174322571605444,0.03546437248587608,0.9848966002464294
12200,9,0.028233040124177933,0.0010312808444723487,0.027201758697628975,1.8118717670440674,0.0034269376192241907,0.0016396102728322148,0.0016759184654802084,0.04061135649681091,0.9836412668228149
12250,9,0.025710351765155792,0.0011296381708234549,0.024580713361501694,1.8220078945159912,0.0031962201464921236,0.0007434948347508907,0.0007489563431590796,0.03631604090332985,0.9855701923370361
12300,10,0.02525506541132927,0.000989227555692196,0.0242658369243145,1.6718637943267822,0.003226279513910413,0.0006479494040831923,0.0006591546698473394,0.0349247120320797,0.9859284162521362
12350,10,0.025504738092422485,0.0008979329140856862,0.02460680529475212,1.7355178594589233,0.003162692068144679,0.0009428545599803329,0.0009597118478268385,0.03608805313706398,0.9860407114028931
12400,10,0.02622603252530098,0.0009630221175029874,0.02526300959289074,1.5601561069488525,0.0030475917737931013,0.0007347045466303825,0.0007449042168445885,0.035509467124938965,0.9858422875404358
12450,10,0.024418074637651443,0.0009985372889786959,0.023419536650180817,1.7941595315933228,0.002996636787429452,0.0006497431313619018,0.0006477443967014551,0.03468935564160347,0.9864212274551392
12500,10,0.02381710335612297,0.0009319586679339409,0.022885145619511604,1.6568422317504883,0.0030739118810743093,0.0006526828510686755,0.00065244035795331,0.03340950980782509,0.9862290024757385
12550,10,0.02409002184867859,0.0009906766936182976,0.023099344223737717,1.6235334873199463,0.00312124309130013,0.0007987662684172392,0.0008040985558182001,0.03381367772817612,0.9857455492019653
12600,10,0.025575758889317513,0.0010357883293181658,0.024539969861507416,1.7299754619598389,0.003130048979073763,0.0006414553499780595,0.0006603206275030971,0.035530541092157364,0.9856855869293213
12650,10,0.02466592751443386,0.0008663478656671941,0.023799579590559006,1.7391024827957153,0.0032389434054493904,0.0008419196819886565,0.000852252240292728,0.035058848559856415,0.986310601234436
12700,10,0.024872569367289543,0.0010937426704913378,0.023778825998306274,1.7220810651779175,0.0032529300078749657,0.0008434184128418565,0.0008264164789579809,0.03515606373548508,0.9841801524162292
12750,10,0.023592006415128708,0.0009041184675879776,0.022687887772917747,1.5264188051223755,0.0032543507404625416,0.0009832341456785798,0.0009928593644872308,0.033203449100255966,0.9853768348693848
12800,10,0.025127343833446503,0.0010282871080562472,0.024099057540297508,1.7586159706115723,0.0033308141864836216,0.0008427505963481963,0.0008448842563666403,0.035611387342214584,0.9842562675476074
12850,10,0.023571481928229332,0.0008418699144385755,0.02272961288690567,1.6764695644378662,0.003356528002768755,0.0009584604413248599,0.0009662248194217682,0.03388187289237976,0.9847429990768433
12900,10,0.023949310183525085,0.0008301493944600224,0.023119160905480385,1.6904603242874146,0.003372632898390293,0.0007137323264032602,0.0007189895259216428,0.033837705850601196,0.984729528427124
12950,10,0.025434326380491257,0.0009589036926627159,0.024475421756505966,1.7350594997406006,0.0032119371462613344,0.0008703824132680893,0.0008863137918524444,0.0358695313334465,0.9857288599014282
13000,10,0.02515570819377899,0.0011268677189946175,0.02402884140610695,1.5175000429153442,0.003241240745410323,0.0008050976321101189,0.0008190886583179235,0.03437063470482826,0.9865119457244873
13050,10,0.025696706026792526,0.0010060876375064254,0.024690618738532066,1.6089866161346436,0.003138651605695486,0.0011814385652542114,0.0011990014463663101,0.036125220358371735,0.9845684766769409
13100,10,0.026088252663612366,0.0010629623429849744,0.02502528950572014,1.6740310192108154,0.003243457293137908,0.0009779022075235844,0.000986376660875976,0.03642592951655388,0.9841028451919556
13150,10,0.02503027208149433,0.0009732249309308827,0.024057047441601753,1.6878578662872314,0.0033285964746028185,0.0008717610617168248,0.0008676510187797248,0.035212304443120956,0.9856913685798645
13200,10,0.02407635934650898,0.0007827652734704316,0.023293593898415565,1.713614583015442,0.0031956059392541647,0.0010664070723578334,0.0010663684224709868,0.03478040546178818,0.9866319894790649
13250,10,0.025295134633779526,0.001094824867323041,0.024200309067964554,1.6130189895629883,0.0032336076255887747,0.0008449966553598642,0.0008724924409762025,0.03508095070719719,0.9837246537208557
13300,10,0.02634335868060589,0.000986427185125649,0.02535693161189556,1.6107537746429443,0.0031084949150681496,0.0010977855417877436,0.0011232011020183563,0.03662122040987015,0.9851704835891724
13350,10,0.02913706749677658,0.001343581359833479,0.027793485671281815,1.6087737083435059,0.003345009172335267,0.001016228343360126,0.0010483667720109224,0.03924887627363205,0.9846194982528687
13400,10,0.027044449001550674,0.00111877522431314,0.02592567354440689,1.7502387762069702,0.0032023978419601917,0.0008535538800060749,0.0008760977070778608,0.03752849996089935,0.984816312789917
13450,10,0.025775384157896042,0.0009009295608848333,0.024874454364180565,1.6716779470443726,0.003047261154279113,0.0007347457576543093,0.0007289353525266051,0.03560050204396248,0.9867134690284729
13500,10,0.025612803176045418,0.0010576591594144702,0.0245551448315382,1.5489718914031982,0.0032140573021024466,0.0009700171649456024,0.0009716368513181806,0.035302530974149704,0.9839416742324829
13550,10,0.025103019550442696,0.0009440496214665473,0.024158969521522522,1.650573968887329,0.003454175079241395,0.0011146798497065902,0.0011127302423119545,0.035586751997470856,0.9851736426353455
13600,10,0.024659864604473114,0.0009963244665414095,0.023663539439439774,1.661434531211853,0.0032661082223057747,0.0008382747764699161,0.0008427164284512401,0.03465129807591438,0.986135721206665
13650,11,0.02459045872092247,0.0009604903752915561,0.023629968985915184,1.6322450637817383,0.0033141293097287416,0.0008039085660129786,0.0008062791312113404,0.03436518460512161,0.9842449426651001
13700,11,0.027045566588640213,0.0010697394609451294,0.025975827127695084,1.5744478702545166,0.0031632196623831987,0.0007929458515718579,0.0007824788917787373,0.036496393382549286,0.9849307537078857
13750,11,0.02401893399655819,0.0008946105954237282,0.023124324157834053,1.718663215637207,0.0032250545918941498,0.000857359089422971,0.0008607329218648374,0.034333568066358566,0.9851785898208618
13800,11,0.028243083506822586,0.0011103153228759766,0.02713276818394661,1.7392586469650269,0.003197526792064309,0.0011504397261887789,0.0011619270080700517,0.03925493732094765,0.9859189987182617
13850,11,0.027800332754850388,0.0009018843993544579,0.026898447424173355,1.6486746072769165,0.003383704461157322,0.0008876859210431576,0.0008950387709774077,0.03782980889081955,0.9860540628433228
13900,11,0.02497856691479683,0.0009772934718057513,0.02400127425789833,1.5686860084533691,0.003393700812011957,0.0008809590362943709,0.0008949233451858163,0.034601274877786636,0.985360860824585
13950,11,0.025835521519184113,0.0009350083419121802,0.024900512769818306,1.606177806854248,0.00322590465657413,0.000800413778051734,0.0008193608373403549,0.035489410161972046,0.987320601940155
14000,11,0.02661425992846489,0.0012176402378827333,0.025396618992090225,1.6056592464447021,0.003283765632659197,0.0009570899419486523,0.000977004412561655,0.036579929292201996,0.9869610071182251
14050,11,0.025893915444612503,0.0008153031812980771,0.025078611448407173,1.668339490890503,0.0031882119365036488,0.0007125064730644226,0.0007178441155701876,0.035669151693582535,0.986537754535675
14100,11,0.025699738413095474,0.0010546667035669088,0.024645071476697922,1.57570481300354,0.003278809366747737,0.000829807308036834,0.0008362502558156848,0.035247597843408585,0.9866260290145874
14150,11,0.027406983077526093,0.0011017622891813517,0.026305221021175385,1.7588257789611816,0.003263339400291443,0.0010226608719676733,0.000981081509962678,0.038208119571208954,0.9861148595809937
14200,11,0.025579340755939484,0.0009573591523803771,0.024621982127428055,1.729585886001587,0.003425054019317031,0.0010345836635679007,0.0010439755860716105,0.03630925342440605,0.986725389957428
14250,11,0.027628855779767036,0.0010093558812513947,0.026619499549269676,1.640820026397705,0.0033230679109692574,0.0009288799483329058,0.0009174996521323919,0.037682659924030304,0.9858064651489258
14300,11,0.028317254036664963,0.0010901036439463496,0.02722715027630329,1.601766586303711,0.0035104716662317514,0.0011999184498563409,0.0012129491660743952,0.038742464035749435,0.9863131046295166
14350,11,0.027052028104662895,0.0012551307445392013,0.02579689770936966,1.5212790966033936,0.0033247191458940506,0.0009209014242514968,0.0009370671468786895,0.036519717425107956,0.9865562915802002
14400,11,0.02815556339919567,0.0011077660601586103,0.02704779803752899,1.7063807249069214,0.0032704388722777367,0.0008871007012203336,0.0008973613730631769,0.03847520053386688,0.9861805438995361
14450,11,0.026646438986063004,0.0009918579598888755,0.02565458044409752,1.7021790742874146,0.0034550202544778585,0.001196561148390174,0.0012157103046774864,0.037573058158159256,0.9868530631065369
14500,11,0.025218620896339417,0.0010830266401171684,0.024135593324899673,1.555769920349121,0.0035671896766871214,0.0009023506427183747,0.0009268088033422828,0.03483019769191742,0.9862435460090637
14550,11,0.02419053390622139,0.001053273444995284,0.023137260228395462,1.6569055318832397,0.0033167889341712,0.0008061756379902363,0.0007987174903973937,0.03408326953649521,0.9875399470329285
14600,11,0.024525608867406845,0.0010771335801109672,0.02344847470521927,1.577573299407959,0.003233754076063633,0.0008095030207186937,0.0008160478319041431,0.03404226154088974,0.9872695207595825
14650,11,0.02615765854716301,0.0010267472825944424,0.02513091079890728,1.6309682130813599,0.003281867131590843,0.0007874122820794582,0.0008106217137537897,0.03591381758451462,0.9859489798545837
14700,11,0.024818560108542442,0.0008193099638447165,0.023999249562621117,1.7099475860595703,0.0032519795931875706,0.0007294176612049341,0.0007426626398228109,0.03484363108873367,0.9868294596672058
14750,11,0.02471020072698593,0.0010239811381325126,0.02368621900677681,1.658994436264038,0.0032620441634207964,0.0008890306344255805,0.0009081782773137093,0.03480564430356026,0.985760509967804
14800,11,0.024547718465328217,0.0009239984210580587,0.023623719811439514,1.6171936988830566,0.0032041738741099834,0.0008675557910464704,0.0008793233428150415,0.03438376635313034,0.9868584275245667
14850,11,0.02338089421391487,0.0007968201534822583,0.02258407324552536,1.6299759149551392,0.0032264813780784607,0.0007939228089526296,0.000812931393738836,0.03314085677266121,0.985370397567749
14900,11,0.026310397312045097,0.0009288144065067172,0.025381583720445633,1.6101819276809692,0.0033591403625905514,0.0007651941850781441,0.0007784353801980615,0.0359082967042923,0.9868438839912415
14950,11,0.025699784979224205,0.0008782506920397282,0.024821534752845764,1.663711667060852,0.003182619344443083,0.00074100709753111,0.0007443644572049379,0.035506896674633026,0.9872851371765137
15000,11,0.026581643149256706,0.0011671106331050396,0.02541453205049038,1.6710987091064453,0.0033056316897273064,0.0007737965788692236,0.0007969272555783391,0.03651116415858269,0.9861268997192383
15050,12,0.02486315555870533,0.0010205715661868453,0.02384258434176445,1.6121034622192383,0.003321914467960596,0.0009011352085508406,0.0009311733301728964,0.03475930541753769,0.9859766960144043
15100,12,0.02426808327436447,0.0009624051162973046,0.023305678740143776,1.5399196147918701,0.0031397624406963587,0.0007502086227759719,0.0007606210419908166,0.0334816500544548,0.9854853749275208
15150,12,0.025772826746106148,0.0010427216766402125,0.024730104953050613,1.7189257144927979,0.0032822866924107075,0.0007424905779771507,0.000768636935390532,0.03588186576962471,0.986709713935852
15200,12,0.02411148138344288,0.0008969304617494345,0.0232145506888628,1.673524260520935,0.0031018347945064306,0.0008194267866201699,0.0008390956791117787,0.034140728414058685,0.9869945645332336
15250,12,0.02332669124007225,0.0009703889372758567,0.022356301546096802,1.6132185459136963,0.002978811739012599,0.0006792913191020489,0.0006995033472776413,0.032774556428194046,0.9871019124984741
15300,12,0.022821273654699326,0.0008793908054940403,0.021941883489489555,1.6700403690338135,0.003052441868931055,0.0008504296420142055,0.0008670194074511528,0.032891977578401566,0.9867380857467651
15350,12,0.023434726521372795,0.0009552662959322333,0.022479459643363953,1.6268932819366455,0.003065860830247402,0.0007152979378588498,0.0007276370306499302,0.03301519528031349,0.9857462644577026
15400,12,0.024344341829419136,0.0008028132142499089,0.02354152873158455,1.6785383224487305,0.003089559730142355,0.0007566552376374602,0.0007748408243060112,0.034271616488695145,0.9876605272293091
15450,12,0.02426934614777565,0.0008625860209576786,0.02340676076710224,1.5921427011489868,0.003173811361193657,0.0006954145501367748,0.0007036927854642272,0.033632341772317886,0.9866341352462769
15500,12,0.02323860675096512,0.0010117040947079659,0.022226903587579727,1.6082099676132202,0.0031520670745521784,0.000843531044665724,0.0008587967022322118,0.0329851359128952,0.9864708781242371
15550,12,0.02341277152299881,0.0007692798390053213,0.022643491625785828,1.6984680891036987,0.0031186589039862156,0.0007026547100394964,0.0007011777488514781,0.03331205993890762,0.9863617420196533
15600,12,0.0252652857452631,0.0009869306813925505,0.02427835576236248,1.6138434410095215,0.0030476946849375963,0.0008156697731465101,0.000822744972538203,0.034975964576005936,0.9860804080963135
15650,12,0.024375244975090027,0.0009731994359754026,0.023402046412229538,1.606928825378418,0.003066608216613531,0.0006201631622388959,0.0006449159700423479,0.03367803245782852,0.9862722754478455
15700,12,0.023715481162071228,0.0008912674966268241,0.022824212908744812,1.6688374280929565,0.0029728275258094072,0.0007476129103451967,0.0007634625071659684,0.03357371687889099,0.986456573009491
15750,12,0.023375051096081734,0.000927641405723989,0.022447409108281136,1.5500975847244263,0.0029500031378120184,0.0006238541682250798,0.0006328912568278611,0.03238523378968239,0.9867784380912781
15800,12,0.024400189518928528,0.0011622000019997358,0.023237990215420723,1.6161130666732788,0.0029559293761849403,0.0008003842085599899,0.0008168017957359552,0.03410089388489723,0.985339343547821
15850,12,0.02396329492330551,0.0008551989449188113,0.023108096793293953,1.6638126373291016,0.002938806312158704,0.0007006027735769749,0.000716034322977066,0.03370193764567375,0.9861554503440857
15900,12,0.02619665302336216,0.001096812542527914,0.02509984001517296,1.6049859523773193,0.002919164951890707,0.0009220758220180869,0.0009154895087704062,0.03606206923723221,0.9870623350143433
15950,12,0.024104084819555283,0.0008525979937985539,0.02325148694217205,1.632175326347351,0.003058170899748802,0.0007587068248540163,0.0007706243777647614,0.03379735350608826,0.9876554012298584
16000,12,0.022018972784280777,0.0007616595248691738,0.0212573129683733,1.4961977005004883,0.003065125085413456,0.0007818405283614993,0.0007959657814353704,0.031080832704901695,0.9868192672729492
16050,12,0.023522036150097847,0.0008235228015109897,0.02269851416349411,1.5759822130203247,0.0029752906411886215,0.0006276139756664634,0.0006301412940956652,0.03266267850995064,0.9868572354316711
16100,12,0.02155914343893528,0.0008607309428043664,0.020698413252830505,1.5859928131103516,0.002940973499789834,0.0007992108585312963,0.0008082838030532002,0.03109954297542572,0.9858455657958984
16150,12,0.02382645756006241,0.0009387860191054642,0.02288767136633396,1.6987473964691162,0.002965927589684725,0.0006558488239534199,0.0006728686857968569,0.03365187719464302,0.9860894680023193
16200,12,0.023994654417037964,0.0009839588310569525,0.023010695353150368,1.614145278930664,0.003023708239197731,0.0007506628753617406,0.0007538056815974414,0.03357287496328354,0.9867731332778931
16250,12,0.023309703916311264,0.0007758637657389045,0.02253383956849575,1.6238032579421997,0.003152891295030713,0.0007267763139680028,0.0007379042217507958,0.03289655223488808,0.984296441078186
16300,12,0.024477992206811905,0.0008654124103486538,0.023612579330801964,1.5555477142333984,0.003072981256991625,0.000648500572424382,0.0006631707074120641,0.03357047587633133,0.9857578277587891
16350,12,0.02283807285130024,0.0008350501302629709,0.022003022953867912,1.5106754302978516,0.0030588777735829353,0.0006127555388957262,0.0006190557614900172,0.031626321375370026,0.9872539043426514
16400,13,0.023255959153175354,0.0007584779523313046,0.022497480735182762,1.4969031810760498,0.003109945682808757,0.000688677653670311,0.0007061072392389178,0.03213836997747421,0.9880000948905945
16450,13,0.024080980569124222,0.0007136582862585783,0.023367322981357574,1.4934157133102417,0.003082569222897291,0.0007481841603294015,0.0007622583070769906,0.03306158259510994,0.9872277975082397
16500,13,0.022733941674232483,0.0008346961112692952,0.02189924567937851,1.559809923171997,0.002972025191411376,0.0007274197414517403,0.0007328657666221261,0.03199625015258789,0.9879266619682312
16550,13,0.021993450820446014,0.0009868862107396126,0.021006563678383827,1.6539077758789062,0.003170402254909277,0.0006362967542372644,0.0006345313158817589,0.03153698891401291,0.9870875477790833
16600,13,0.023323141038417816,0.0009384601144120097,0.022384680807590485,1.5259259939193726,0.00302692293189466,0.0006421360885724425,0.0006545326905325055,0.032252464443445206,0.9850252866744995
16650,13,0.02378385327756405,0.0009753630729392171,0.022808490321040154,1.5729868412017822,0.00306342588737607,0.0007525809342041612,0.0007506393012590706,0.03315507248044014,0.9852556586265564
16700,13,0.023022059351205826,0.0008465363644063473,0.02217552252113819,1.5866672992706299,0.003065704135224223,0.0008059128886088729,0.0007962787640281022,0.03256065398454666,0.9857651591300964
16750,13,0.025256464257836342,0.0009017694974318147,0.02435469441115856,1.4612174034118652,0.0034006829373538494,0.0008817741181701422,0.0008495849324390292,0.034297309815883636,0.9881263971328735
16800,13,0.024439262226223946,0.000834972714073956,0.023604288697242737,1.556262731552124,0.0032223237212747335,0.0010531344451010227,0.0010425746440887451,0.03431950882077217,0.987011194229126
16850,13,0.023582901805639267,0.0008550795027986169,0.02272782288491726,1.5953474044799805,0.003183086635544896,0.0007887156098149717,0.000791028025560081,0.033142562955617905,0.9865497350692749
16900,13,0.025225341320037842,0.0010325227631255984,0.024192819371819496,1.6237094402313232,0.003247126005589962,0.0007564622210338712,0.0007501398213207722,0.0348537378013134,0.985864520072937
16950,13,0.02285744622349739,0.0008076080703176558,0.022049838677048683,1.6411064863204956,0.0031915034633129835,0.0006414978997781873,0.0006477388087660074,0.032355405390262604,0.9868024587631226
17000,13,0.021866019815206528,0.0008471962064504623,0.021018823608756065,1.5904426574707031,0.003077007597312331,0.0007875050650909543,0.0007912871078588068,0.031400103121995926,0.9859882593154907
17050,13,0.024044377729296684,0.001077186083421111,0.02296719141304493,1.5349655151367188,0.0030222288332879543,0.0008677762234583497,0.0008849574951454997,0.033474959433078766,0.9858242273330688
17100,13,0.02201980911195278,0.0008100910927169025,0.02120971865952015,1.546659231185913,0.0029396433383226395,0.0007374073029495776,0.0007236964302137494,0.031217148527503014,0.986930787563324
17150,13,0.024534443393349648,0.0008871089667081833,0.023647334426641464,1.5589741468429565,0.002842479618266225,0.0007344739278778434,0.0007419781759381294,0.03380860760807991,0.9858335852622986
17200,13,0.025279678404331207,0.0009694102336652577,0.024310268461704254,1.5132648944854736,0.0029772028792649508,0.0007971913437359035,0.0008087273454293609,0.03445489704608917,0.9871779680252075
17250,13,0.02387605607509613,0.000805717776529491,0.023070339113473892,1.6197082996368408,0.0030285727698355913,0.0008598477579653263,0.0008634850382804871,0.033700961619615555,0.9870315790176392
17300,13,0.024933326989412308,0.0009833010844886303,0.02395002543926239,1.7201282978057861,0.0032213404774665833,0.0008700679754838347,0.0008843794348649681,0.035291638225317,0.9852564334869385
17350,13,0.025107478722929955,0.0010028524557128549,0.02410462684929371,1.591639518737793,0.003442821092903614,0.0008783119264990091,0.0009195351740345359,0.03486696630716324,0.9835962057113647
17400,13,0.024706080555915833,0.0010206112638115883,0.02368547022342682,1.6405266523361206,0.0033619243185967207,0.0010287243640050292,0.0010258641559630632,0.034966662526130676,0.9843530058860779
17450,13,0.023849882185459137,0.0008741586934775114,0.022975724190473557,1.737172245979309,0.003146412083879113,0.0009084133198484778,0.0009160776389762759,0.03436338156461716,0.985255241394043
17500,13,0.023890085518360138,0.0010688144247978926,0.022821271792054176,1.504241704940796,0.0030657309107482433,0.0008972846553660929,0.0009057926363311708,0.03321743756532669,0.9869057536125183
17550,13,0.02289600670337677,0.000780808855779469,0.022115197032690048,1.5713521242141724,0.002994482172653079,0.0006629974814131856,0.0006712106405757368,0.032089971005916595,0.9875361323356628
17600,13,0.022584905847907066,0.001120059983804822,0.021464845165610313,1.5380576848983765,0.00301260594278574,0.0007460940396413207,0.0007600565440952778,0.03178435564041138,0.986824631690979
17650,13,0.02260642498731613,0.0007184841670095921,0.021887941285967827,1.6268401145935059,0.002969183260574937,0.0006041634478606284,0.0006051374366506934,0.03195289522409439,0.9857460260391235
17700,13,0.022569818422198296,0.0007857675082050264,0.02178405039012432,1.592855453491211,0.0029505768325179815,0.0006750809261575341,0.000687844876665622,0.03189997375011444,0.9856442809104919
17750,14,0.021981632336974144,0.0008754240116104484,0.021106207743287086,1.5731048583984375,0.0028751634526997805,0.0006421887082979083,0.0006548889214172959,0.03114710934460163,0.98563551902771
17800,14,0.02222544327378273,0.0007304545724764466,0.021494988352060318,1.4976093769073486,0.0028791974764317274,0.0007896734168753028,0.0007938656490296125,0.031299907714128494,0.986099362373352
17850,14,0.021050775423645973,0.00071383744943887,0.02033693715929985,1.606689691543579,0.002804881427437067,0.0006481417804025114,0.0006616639439016581,0.0303968358784914,0.9868981838226318
17900,14,0.022017018869519234,0.0008775491151027381,0.021139468997716904,1.6152796745300293,0.002812835853546858,0.0007717223488725722,0.0007842100458219647,0.03165215998888016,0.9866613745689392
17950,14,0.022651560604572296,0.0010226666927337646,0.02162889391183853,1.5669982433319092,0.002806989010423422,0.0006377748213708401,0.0006608680123463273,0.03178800269961357,0.9862483143806458
18000,14,0.022387798875570297,0.0007959390059113503,0.021591858938336372,1.520524263381958,0.002871353877708316,0.0006497964495792985,0.000663691433146596,0.031306780874729156,0.9855644106864929
18050,14,0.021009963005781174,0.000683952122926712,0.02032601088285446,1.6340171098709106,0.002924226922914386,0.0006208977429196239,0.0006397743709385395,0.030443644151091576,0.985658586025238
18100,14,0.023092012852430344,0.0009563494240865111,0.022135663777589798,1.5465412139892578,0.0028480589389801025,0.0007547613931819797,0.000769203994423151,0.0323515310883522,0.9870162606239319
18150,14,0.022036734968423843,0.000797386048361659,0.021239349618554115,1.578616976737976,0.0028798093553632498,0.0005751170683652163,0.0005831668386235833,0.031090984120965004,0.986667275428772
18200,14,0.021726535633206367,0.0008178438292816281,0.020908690989017487,1.6148285865783691,0.002960717538371682,0.0008545778109692037,0.0008646930218674242,0.03152291104197502,0.9868078231811523
18250,14,0.02227439172565937,0.0009625055245123804,0.021311886608600616,1.5516163110733032,0.002927296096459031,0.000607158406637609,0.0006232833839021623,0.03126584365963936,0.9860403537750244
18300,14,0.024986030533909798,0.0010028842370957136,0.023983146995306015,1.5098004341125488,0.0030078524723649025,0.0007495669415220618,0.0007646506419405341,0.03405225649476051,0.9867984056472778
18350,14,0.02415989525616169,0.0008118738187476993,0.023348022252321243,1.4312269687652588,0.0030489100608974695,0.0007473730365745723,0.0007563751423731446,0.03282282501459122,0.9859976172447205
18400,14,0.02474914863705635,0.001087915152311325,0.023661233484745026,1.5724537372589111,0.0030217047315090895,0.0007150901947170496,0.000728761893697083,0.03405829146504402,0.9866124391555786
18450,14,0.02222796343266964,0.00069611263461411,0.0215318500995636,1.5462348461151123,0.003018917515873909,0.0007183296838775277,0.000718664494343102,0.03139915317296982,0.9868050217628479
18500,14,0.020934954285621643,0.0008822613162919879,0.020052693784236908,1.5573813915252686,0.002938689664006233,0.0006388254696503282,0.0006496401038020849,0.03001326695084572,0.9852249026298523
18550,14,0.022008778527379036,0.0008877278305590153,0.021121051162481308,1.4590376615524292,0.0030275778844952583,0.000671404181048274,0.0006891382508911192,0.030667535960674286,0.9870889186859131
18600,14,0.02185070514678955,0.0007354457629844546,0.02111526019871235,1.5850317478179932,0.0030581573955714703,0.0006472618551924825,0.0006570506375283003,0.031083233654499054,0.9873535633087158
18650,14,0.02401053160429001,0.0007449961267411709,0.02326553501188755,1.5804729461669922,0.00315263238735497,0.0006606263341382146,0.0006903019966557622,0.03326697647571564,0.98729008436203
18700,14,0.021915074437856674,0.000791451137047261,0.021123623475432396,1.5237441062927246,0.0030676175374537706,0.0007137242355383933,0.0007244385778903961,0.03097502514719963,0.9867775440216064
18750,14,0.023087363690137863,0.0010120244696736336,0.022075338289141655,1.4802744388580322,0.0031119207851588726,0.0006572669371962547,0.0006430451758205891,0.031792160123586655,0.9868817329406738
18800,14,0.022963887080550194,0.0009308355511166155,0.022033050656318665,1.5719562768936157,0.003017968498170376,0.0006067194044589996,0.0006045069312676787,0.03203791379928589,0.9853830337524414
18850,14,0.022590190172195435,0.0009601330384612083,0.02163005620241165,1.5046298503875732,0.0030437796376645565,0.0008124565938487649,0.0008137379190884531,0.03174257650971413,0.9861590266227722
18900,14,0.02183353155851364,0.0008092289790511131,0.021024301648139954,1.531069040298462,0.002896169200539589,0.0007652081549167633,0.0007678350666537881,0.031024815514683723,0.9862749576568604
18950,14,0.0236371960490942,0.000788759149145335,0.02284843660891056,1.5160245895385742,0.002859704429283738,0.0006465516635216773,0.0006478822324424982,0.03251460939645767,0.9866365194320679
19000,14,0.022816894575953484,0.0008876833599060774,0.021929211914539337,1.5695672035217285,0.003101878799498081,0.0009607630781829357,0.000978463445790112,0.0326070599257946,0.9869701266288757
19050,14,0.023672936484217644,0.0008238164009526372,0.02284912019968033,1.4640536308288574,0.0030187482479959726,0.0007233949727378786,0.0007262710714712739,0.032445888966321945,0.9866471886634827
19100,15,0.022881638258695602,0.000946814485359937,0.02193482406437397,1.4061079025268555,0.002950910711660981,0.0006053658435121179,0.0006270537851378322,0.0311475470662117,0.9853042960166931
19150,15,0.022029243409633636,0.0007345746271312237,0.021294668316841125,1.5328147411346436,0.0028465643990784883,0.0005468114395625889,0.0005572695517912507,0.030800243839621544,0.9862183928489685
19200,15,0.021262258291244507,0.0008681556791998446,0.02039410173892975,1.525843858718872,0.002737775444984436,0.0006492775864899158,0.0006650874856859446,0.030208580195903778,0.9853278994560242
19250,15,0.021998196840286255,0.0006936669233255088,0.021304529160261154,1.5600780248641968,0.0028948585968464613,0.0005805152468383312,0.0005821405211463571,0.030964136123657227,0.9866709113121033
19300,15,0.022562067955732346,0.0008135491516441107,0.02174851857125759,1.5694043636322021,0.0029404733795672655,0.0006387700559571385,0.0006386005552485585,0.03168940171599388,0.9872319102287292
19350,15,0.022593164816498756,0.00082253513392061,0.021770630031824112,1.5005234479904175,0.0029321375768631697,0.0007547459099441767,0.0007653895299881697,0.03161884844303131,0.9878283739089966
19400,15,0.02472202479839325,0.0008825375698506832,0.02383948676288128,1.6037670373916626,0.0029853510204702616,0.000714136112947017,0.0007138808723539114,0.03417186066508293,0.9868287444114685
19450,15,0.02291450835764408,0.0007329962099902332,0.022181512787938118,1.5761680603027344,0.0030095684342086315,0.0008241892792284489,0.0008336367318406701,0.032456185668706894,0.9866632223129272
19500,15,0.023809334263205528,0.0009560955222696066,0.022853238508105278,1.5503697395324707,0.0029093511402606964,0.0007459366461262107,0.0007490576826967299,0.03305908292531967,0.9855414628982544
19550,15,0.02595037780702114,0.0015370235778391361,0.024413354694843292,1.5702180862426758,0.0029650512151420116,0.0010571377351880074,0.0010752036469057202,0.03593677282333374,0.9868305921554565
19600,15,0.023063426837325096,0.0008627226343378425,0.022200703620910645,1.4922854900360107,0.0029971611220389605,0.000739794340915978,0.0007563242688775063,0.032023970037698746,0.9858157634735107
19650,15,0.022852716967463493,0.0007622275152243674,0.0220904890447855,1.6255452632904053,0.0031231651082634926,0.0007093469030223787,0.0007382156909443438,0.03243112936615944,0.9866997003555298
19700,15,0.022899797186255455,0.0007896278984844685,0.022110169753432274,1.6475634574890137,0.0030946906190365553,0.0007724723545834422,0.0007853739080019295,0.032698556780815125,0.9869047999382019
19750,15,0.022298043593764305,0.000800571811851114,0.021497471258044243,1.5599579811096191,0.0030792877078056335,0.0006450798828154802,0.0006531408289447427,0.03139913082122803,0.9867581129074097
19800,15,0.023166490718722343,0.0007614403730258346,0.022405050694942474,1.5951391458511353,0.002984182210639119,0.0009252293966710567,0.0009162338101305068,0.032986633479595184,0.9875961542129517
19850,15,0.023616693913936615,0.000818061176687479,0.022798633202910423,1.617945671081543,0.0031863481272011995,0.0007475725142285228,0.0007502308581024408,0.03320741280913353,0.9880284070968628
19900,15,0.025264330208301544,0.0009335110662505031,0.02433081902563572,1.5551886558532715,0.0029065050184726715,0.0008771351422183216,0.0008814136381261051,0.034801729023456573,0.9870930910110474
19950,15,0.023474806919693947,0.0007714033708907664,0.02270340360701084,1.6173574924468994,0.003051720792427659,0.0005971004720777273,0.0005987328477203846,0.03276047855615616,0.9871729612350464
20000,15,0.02342064119875431,0.0008832025341689587,0.022537438198924065,1.5385210514068604,0.0032349792309105396,0.0009350118925794959,0.0009416914544999599,0.03299318626523018,0.9866290092468262
20050,15,0.023745372891426086,0.0008704166393727064,0.02287495695054531,1.5199801921844482,0.0031993542797863483,0.000796344131231308,0.0007991239544935524,0.03294394165277481,0.9865422248840332
20100,15,0.02275870554149151,0.000803617644123733,0.021955087780952454,1.549747109413147,0.003109412034973502,0.0006771348998881876,0.000684501021169126,0.031872186809778214,0.985887348651886
20150,15,0.022591646760702133,0.0007764255860820413,0.0218152217566967,1.522268295288086,0.002949220361188054,0.000660203630104661,0.0006621729116886854,0.03152831271290779,0.9860712289810181
20200,15,0.02079714834690094,0.0007720517460256815,0.020025096833705902,1.4651639461517334,0.002929825335741043,0.0004584958078339696,0.00046120432671159506,0.029045598581433296,0.9862217903137207
20250,15,0.023852262645959854,0.0008393016760237515,0.023012960329651833,1.5381176471710205,0.002972175134345889,0.0006846700562164187,0.0007117855129763484,0.0329422801733017,0.9866315126419067
20300,15,0.023184310644865036,0.0008341532666236162,0.02235015667974949,1.713043451309204,0.0028474086429923773,0.0006967703811824322,0.0007015130249783397,0.03315065801143646,0.9861044883728027
20350,15,0.02208648808300495,0.0008325580856762826,0.021253930404782295,1.5555202960968018,0.0028676041401922703,0.0006155208102427423,0.0006076214485801756,0.03109009936451912,0.9864950180053711
20400,15,0.023393826559185982,0.0008410655427724123,0.02255276031792164,1.4489305019378662,0.002841782057657838,0.0005744482623413205,0.0005603140452876687,0.03177608177065849,0.9863238334655762
20450,15,0.022024085745215416,0.0009274797048419714,0.0210966058075428,1.549757480621338,0.0028437068685889244,0.000657186727039516,0.0006693762843497097,0.03110228106379509,0.985809326171875
20500,16,0.024027204141020775,0.0008500000694766641,0.02317720465362072,1.6146467924118042,0.0029692051466554403,0.0006904500769451261,0.0007014121511019766,0.03349526971578598,0.9884589314460754
20550,16,0.02235737442970276,0.0006680331425741315,0.021689340472221375,1.5713615417480469,0.003020029980689287,0.0008647031500004232,0.0008675579447299242,0.03194946423172951,0.9879364371299744
20600,16,0.023732544854283333,0.000935675110667944,0.0227968692779541,1.5825332403182983,0.003038089256733656,0.0007165098795667291,0.0007318520219996572,0.03309661149978638,0.9868241548538208
20650,16,0.02274332381784916,0.0009065935737453401,0.02183672972023487,1.5372475385665894,0.0028624848928302526,0.0008011127356439829,0.0008127150358632207,0.032046250998973846,0.9863575100898743
20700,16,0.022168757393956184,0.000802661117631942,0.021366097033023834,1.532418966293335,0.002995960181578994,0.0006038196152076125,0.0006036636186763644,0.031041331589221954,0.9871112108230591
20750,16,0.022677073255181313,0.0008858665823936462,0.021791206672787666,1.4024016857147217,0.003085919888690114,0.0007908625993877649,0.000808064709417522,0.03129109367728233,0.9860323071479797
20800,16,0.023371297866106033,0.0008154581300914288,0.022555839270353317,1.5228310823440552,0.0029813519213348627,0.0006591628189198673,0.0006597843603231013,0.03230738267302513,0.9857134819030762
20850,16,0.023143481463193893,0.0007992815226316452,0.022344199940562248,1.4732422828674316,0.003062398172914982,0.0005821988452225924,0.0005903542623855174,0.03168530762195587,0.9860129356384277
20900,16,0.021175876259803772,0.0006816808599978685,0.020494194701313972,1.529456615447998,0.003112996695563197,0.0005708972457796335,0.0005723530193790793,0.02996952272951603,0.9855003952980042
20950,16,0.020763741806149483,0.0007338108844123781,0.020029930397868156,1.5423671007156372,0.0029861012008041143,0.0005761327920481563,0.0005781531799584627,0.029632849618792534,0.9862450361251831
21000,16,0.021800441667437553,0.0007673607906326652,0.02103308029472828,1.5386041402816772,0.0030474739614874125,0.0005934594664722681,0.0006044780602678657,0.030694447457790375,0.987212061882019
21050,16,0.021592507138848305,0.0007545058033429086,0.020838001742959023,1.5263457298278809,0.0030733540188521147,0.0006377249956130981,0.0006360245170071721,0.03050105832517147,0.9859983325004578
21100,16,0.02433795854449272,0.000950769754126668,0.023387188091874123,1.5280752182006836,0.0029574776999652386,0.0007234269287437201,0.0007323318277485669,0.03343705087900162,0.9864845275878906
21150,16,0.02180517092347145,0.000847281189635396,0.020957889035344124,1.5218746662139893,0.0028692393098026514,0.0005758389597758651,0.0005781943327747285,0.03057144582271576,0.9848668575286865
21200,16,0.020993009209632874,0.0008763069054111838,0.02011670172214508,1.409866452217102,0.0029287287034094334,0.0005100408452562988,0.0005135122919455171,0.029068822041153908,0.9873952865600586
21250,16,0.019997499883174896,0.0008056451333686709,0.019191855564713478,1.3923542499542236,0.0029301890172064304,0.0005721276393160224,0.0005735993618145585,0.02810792624950409,0.9873142242431641
21300,16,0.02164256013929844,0.0008410479058511555,0.020801512524485588,1.5905057191848755,0.0028618001379072666,0.0006961612962186337,0.0007090205326676369,0.031003130599856377,0.9858864545822144
21350,16,0.02263975888490677,0.0007879653130657971,0.0218517929315567,1.559511661529541,0.002858867170289159,0.0006029173964634538,0.000615313823800534,0.03165840730071068,0.985657811164856
21400,16,0.02400902844965458,0.0009332883055321872,0.023075740784406662,1.5292260646820068,0.003058741334825754,0.0006933443946763873,0.0007031192071735859,0.03305467963218689,0.9861149787902832
21450,16,0.020631136372685432,0.0007576581556349993,0.019873477518558502,1.5314887762069702,0.0029955096542835236,0.0006473688990809023,0.0006420237477868795,0.029580967500805855,0.9857561588287354
21500,16,0.024565014988183975,0.0007541246013715863,0.023810889571905136,1.5710753202438354,0.003199797822162509,0.0006631822325289249,0.0006566447555087507,0.03374341502785683,0.9852581024169922
21550,16,0.021577568724751472,0.00079864397412166,0.020778924226760864,1.5332996845245361,0.0030584062915295362,0.0005588078638538718,0.0005670622922480106,0.030372995883226395,0.9858734607696533
21600,16,0.022322991862893105,0.0008152421796694398,0.0215077493339777,1.4402482509613037,0.003052935702726245,0.0006461766315624118,0.0006614550948143005,0.030834916979074478,0.9855006337165833
21650,16,0.020840682089328766,0.0008196292328648269,0.02002105303108692,1.6215665340423584,0.0029075180646032095,0.0007390686077997088,0.0007599493255838752,0.03045044094324112,0.987281084060669
21700,16,0.02320478856563568,0.0007866781670600176,0.022418109700083733,1.4589298963546753,0.0029457102064043283,0.0005737639730796218,0.0005823500687256455,0.03165849670767784,0.9862706661224365
21750,16,0.022350510582327843,0.0007788598304614425,0.021571651101112366,1.5696837902069092,0.0029016120824962854,0.0005499585531651974,0.0005475108046084642,0.031299300491809845,0.9861177206039429
21800,16,0.021033739671111107,0.0006761308759450912,0.020357608795166016,1.5799498558044434,0.002909604227170348,0.0007651635096408427,0.0007782832835800946,0.03047984465956688,0.9860948324203491
21850,17,0.020749351009726524,0.0006424484890885651,0.020106902346014977,1.545331597328186,0.003004674334079027,0.0005453970516100526,0.0005622375756502151,0.02958664856851101,0.9867382645606995
21900,17,0.021985050290822983,0.0007142249378375709,0.02127082459628582,1.4230079650878906,0.0029207593761384487,0.00048504280857741833,0.0004961676895618439,0.030084220692515373,0.9852964878082275
21950,17,0.021341584622859955,0.0007936949841678143,0.020547889173030853,1.491286277770996,0.0028847388457506895,0.0006920645828358829,0.0007116917404346168,0.030204657465219498,0.986180305480957
22000,17,0.02076108567416668,0.0006339517422020435,0.020127134397625923,1.4200838804244995,0.0029759120661765337,0.000499589485116303,0.0005086569581180811,0.02887272834777832,0.986233115196228
22050,17,0.021020658314228058,0.0006830205675214529,0.02033763751387596,1.5688751935958862,0.0029917163774371147,0.000555066391825676,0.0005651392275467515,0.029988231137394905,0.9849374294281006
22100,17,0.02089838497340679,0.0007206377340480685,0.020177748054265976,1.6748871803283691,0.0028694821521639824,0.0006543407216668129,0.0006604193476960063,0.030590450391173363,0.9855678677558899
22150,17,0.02073364146053791,0.0008401762461289763,0.0198934655636549,1.4762566089630127,0.0029184080194681883,0.0005737216561101377,0.0005785827524960041,0.029270147904753685,0.9866944551467896
22200,17,0.021393589675426483,0.00075752247357741,0.020636066794395447,1.4940192699432373,0.002827573101967573,0.0007671915227547288,0.0007799335289746523,0.030413636937737465,0.985704779624939
22250,17,0.021110979840159416,0.0006674935575574636,0.02044348604977131,1.5136613845825195,0.00291586690582335,0.0006337558152154088,0.0006436468684114516,0.029959604144096375,0.9865293502807617
22300,17,0.01988726481795311,0.0006794420187361538,0.019207822158932686,1.500037431716919,0.00296192173846066,0.0005852901376783848,0.0005987872718833387,0.028574490919709206,0.9864355325698853
22350,17,0.022235417738556862,0.0008573199156671762,0.02137809805572033,1.5157605409622192,0.0029354754369705915,0.0005102609284222126,0.0005145473405718803,0.030841965228319168,0.9856184720993042
22400,17,0.022402992472052574,0.0008933079661801457,0.02150968462228775,1.5620954036712646,0.0030346557032316923,0.0009057371062226593,0.0009188342373818159,0.03204107657074928,0.9855045676231384
22450,17,0.02166021801531315,0.0007785502821207047,0.020881667733192444,1.5391845703125,0.0030523960012942553,0.0008371621952392161,0.0008520879782736301,0.031048443168401718,0.984667956829071
22500,17,0.021646935492753983,0.0008329640259034932,0.020813971757888794,1.5535311698913574,0.0030227690003812313,0.0007749447831884027,0.0007857365417294204,0.03097829408943653,0.985506534576416
22550,17,0.02140982635319233,0.0009160864283330739,0.02049374021589756,1.5397751331329346,0.0030034936498850584,0.0007489761337637901,0.0007627649465575814,0.03062344528734684,0.9840283989906311
22600,17,0.021285390481352806,0.0006501029129140079,0.020635288208723068,1.4996192455291748,0.0028684684075415134,0.0006208029808476567,0.0006266676355153322,0.03003382682800293,0.9849223494529724
22650,17,0.021294740960001945,0.0007223171414807439,0.020572423934936523,1.4740204811096191,0.002877566497772932,0.0007011395646259189,0.0007143012480810285,0.03008316084742546,0.9851365089416504
22700,17,0.018992429599165916,0.0006191491847857833,0.0183732807636261,1.4097907543182373,0.002850026823580265,0.0005269822431728244,0.0005338646005839109,0.02710507996380329,0.9853461384773254
22750,17,0.02004210650920868,0.0007305244798772037,0.019311582669615746,1.4379322528839111,0.002875756472349167,0.0006811149069108069,0.000681851408444345,0.02859761007130146,0.9857436418533325
22800,17,0.021315772086381912,0.0007929551647976041,0.020522816106677055,1.5445280075073242,0.0030915949027985334,0.0006704460829496384,0.0006839049165137112,0.030395856127142906,0.9864242076873779
22850,17,0.021560046821832657,0.0007275281823240221,0.020832518115639687,1.486340045928955,0.0030309876892715693,0.00063784618396312,0.0006391090573742986,0.030271733179688454,0.9858705997467041
22900,17,0.02240918204188347,0.0007824929198250175,0.021626688539981842,1.404844045639038,0.0030293746385723352,0.0007105531985871494,0.0007200490217655897,0.030867034569382668,0.985694944858551
22950,17,0.02270585298538208,0.0008040087413974106,0.021901844069361687,1.5502331256866455,0.0029879247304052114,0.0005597288254648447,0.0005596335395239294,0.03157936781644821,0.9857627153396606
23000,17,0.023379363119602203,0.0009577326709404588,0.02242163009941578,1.6368576288223267,0.0031006881035864353,0.0007471776334568858,0.0007573463954031467,0.03307127580046654,0.9868301749229431
23050,17,0.022176634520292282,0.0006974225398153067,0.021479211747646332,1.4268572330474854,0.0032287260983139277,0.0005185528425499797,0.0005160965956747532,0.030348798260092735,0.9859448671340942
23100,17,0.022460751235485077,0.0006642093067057431,0.021796541288495064,1.525275468826294,0.003096433822065592,0.000669425236992538,0.0006828213226981461,0.03144247084856033,0.9860895872116089
23150,17,0.021205145865678787,0.000882111256942153,0.02032303437590599,1.4853384494781494,0.0030641662888228893,0.0006268938886933029,0.0006264406256377697,0.02988823689520359,0.9860392808914185
23200,18,0.02382490038871765,0.0009095945861190557,0.022915305569767952,1.643743634223938,0.0031284873839467764,0.0005972462822683156,0.0006095401477068663,0.03325353190302849,0.9861180782318115
23250,18,0.023382332175970078,0.0008464867132715881,0.022535845637321472,1.4147443771362305,0.002996946917846799,0.000713515211828053,0.0007099512731656432,0.03188251703977585,0.9866310358047485
23300,18,0.023440402001142502,0.000793665589299053,0.022646736353635788,1.550923228263855,0.0030706629622727633,0.0006143510108813643,0.0006219905335456133,0.032434429973363876,0.9850987195968628
23350,18,0.02135235071182251,0.000680819503031671,0.020671531558036804,1.53529953956604,0.00306446454487741,0.0006921176100149751,0.0006998039898462594,0.030423833057284355,0.9863949418067932
23400,18,0.021223852410912514,0.0006505249766632915,0.0205733273178339,1.5360207557678223,0.002825598930940032,0.0005561403231695294,0.000565847847610712,0.030028769746422768,0.9870660305023193
23450,18,0.02125484123826027,0.0007818829035386443,0.02047295868396759,1.5309603214263916,0.0029272802639752626,0.000509228149894625,0.000527861644513905,0.02994965948164463,0.9858038425445557
23500,18,0.02215726487338543,0.0007603026460856199,0.02139696292579174,1.4727108478546143,0.0027990282978862524,0.0006491210078820586,0.0006616831524297595,0.030834423378109932,0.9857782125473022
23550,18,0.024196041747927666,0.0008369062561541796,0.023359134793281555,1.3811213970184326,0.002739755902439356,0.0006181295029819012,0.0006316053913906217,0.03235412389039993,0.9848827123641968
23600,18,0.020940324291586876,0.0007001831545494497,0.020240141078829765,1.4716237783432007,0.0029015967156738043,0.0006629707640968263,0.0006698303623124957,0.0296341460198164,0.9860531687736511
23650,18,0.02146894857287407,0.0008885617135092616,0.020580386742949486,1.5040993690490723,0.0028839593287557364,0.0006632174481637776,0.0006755243521183729,0.030331071466207504,0.9858565330505371
23700,18,0.019157037138938904,0.0006750266766175628,0.018482010811567307,1.5295336246490479,0.0028540263883769512,0.0005633560940623283,0.0005638365400955081,0.02793475054204464,0.9861159324645996
23750,18,0.021467017009854317,0.0007532142335548997,0.02071380242705345,1.4975048303604126,0.003035413334146142,0.0007075244793668389,0.0007303673774003983,0.030395468696951866,0.9854952096939087
23800,18,0.021930931136012077,0.000697353680152446,0.02123357728123665,1.4967048168182373,0.002880851039662957,0.0006220280192792416,0.0006261358503252268,0.030665500089526176,0.9849749803543091
23850,18,0.02133224532008171,0.0007056857575662434,0.020626559853553772,1.4895820617675781,0.0029115290381014347,0.0005787312984466553,0.0005869525484740734,0.029948750510811806,0.9841071367263794
23900,18,0.02258521132171154,0.0006752666085958481,0.021909944713115692,1.4504404067993164,0.002965210471302271,0.000637864344753325,0.0006487931241281331,0.03112703561782837,0.9855375289916992
23950,18,0.02178611233830452,0.0008147319895215333,0.020971380174160004,1.5592396259307861,0.002976812422275543,0.000665327301248908,0.0006928817019797862,0.0309434961527586,0.984538197517395
24000,18,0.02167060598731041,0.0007483478402718902,0.020922258496284485,1.5199613571166992,0.0030074515379965305,0.0005939259426668286,0.0005964713054709136,0.030463818460702896,0.9860732555389404
24050,18,0.02237493172287941,0.000855129910632968,0.021519802510738373,1.6061210632324219,0.0029763593338429928,0.0005726073286496103,0.0005803245003335178,0.03156144544482231,0.9846577644348145
24100,18,0.021449005231261253,0.0008358726045116782,0.020613132044672966,1.703852653503418,0.002833230420947075,0.0005564073799178004,0.000563598470762372,0.031091108918190002,0.9851878881454468
24150,18,0.02104003168642521,0.0006800463306717575,0.020359985530376434,1.5313725471496582,0.0028863095212727785,0.0006096823490224779,0.0006074209231883287,0.029916884377598763,0.9852465391159058
24200,18,0.021392736583948135,0.0008041167166084051,0.020588619634509087,1.465837001800537,0.0030337064526975155,0.0006485831108875573,0.0006618291372433305,0.030035367235541344,0.9863730669021606
24250,18,0.02068060263991356,0.0007945665856823325,0.019886035472154617,1.4683752059936523,0.0028939174953848124,0.0006284641567617655,0.0006430845824070275,0.02929692342877388,0.9856346249580383
24300,18,0.021273382008075714,0.0008215864654630423,0.020451795309782028,1.4554998874664307,0.002913638250902295,0.0006603260990232229,0.0006670949514955282,0.02988121658563614,0.9863725304603577
24350,18,0.020377142354846,0.0008257743320427835,0.019551368430256844,1.3536248207092285,0.002915499499067664,0.000509866455104202,0.0005204362678341568,0.028178485110402107,0.9862124919891357
24400,18,0.02159099653363228,0.0007182132685557008,0.020872782915830612,1.5221936702728271,0.0029327222146093845,0.0006580105982720852,0.0006568002281710505,0.03051970899105072,0.9845697283744812
24450,18,0.021033015102148056,0.0006529878592118621,0.02038002759218216,1.5386273860931396,0.002936806296929717,0.0005970938364043832,0.000603149994276464,0.029929332435131073,0.9861482381820679
24500,18,0.020040448755025864,0.0006267885328270495,0.0194136593490839,1.461437463760376,0.0028186289127916098,0.00046555709559470415,0.0004681501304730773,0.028284160420298576,0.9846829175949097
24550,18,0.02193581871688366,0.0006958135636523366,0.021240005269646645,1.5453298091888428,0.002932095667347312,0.0005885770078748465,0.0005983546725474298,0.03085233084857464,0.9855011701583862
24600,19,0.023893073201179504,0.000768532045185566,0.023124542087316513,1.5685107707977295,0.0029122447595000267,0.0006501777679659426,0.0006578375468961895,0.03304655849933624,0.9859674572944641
24650,19,0.021952372044324875,0.0007207266171462834,0.021231645718216896,1.481703519821167,0.002809506608173251,0.000581720843911171,0.0005831699818372726,0.030528590083122253,0.9866213798522949
24700,19,0.021398652344942093,0.0007226086454465985,0.02067604288458824,1.4717198610305786,0.0029975706711411476,0.0005856822826899588,0.0005932446219958365,0.02993917651474476,0.9850537180900574
24750,19,0.020465128123760223,0.0006911078235134482,0.019774019718170166,1.493275761604309,0.003151766723021865,0.0006015612743794918,0.0006148678949102759,0.029151087626814842,0.9859254360198975
24800,19,0.02078712172806263,0.0007341669406741858,0.0200529545545578,1.536025047302246,0.0029822366777807474,0.0006994453724473715,0.0007103688549250364,0.029880043119192123,0.9854269027709961
24850,19,0.020522218197584152,0.0007950380677357316,0.019727179780602455,1.437187910079956,0.0029546446166932583,0.0005908721941523254,0.0006101104663684964,0.028912095353007317,0.9861693978309631
24900,19,0.021184245124459267,0.0007657032110728323,0.020418541505932808,1.4483087062835693,0.0029554637148976326,0.000679065880831331,0.000700445263646543,0.029808254912495613,0.9854822754859924
24950,19,0.01971771940588951,0.0008031923789530993,0.01891452632844448,1.5543099641799927,0.0029449539724737406,0.0006123034982010722,0.0006230635335668921,0.028727581724524498,0.9854684472084045
25000,19,0.02037133276462555,0.0007532474119216204,0.019618084654211998,1.4773988723754883,0.0027713514864444733,0.0005599280120804906,0.0005747876712121069,0.02889581397175789,0.9844509959220886
25050,19,0.020505599677562714,0.0007291483925655484,0.019776450470089912,1.4494011402130127,0.002898592036217451,0.000558208383154124,0.0005660999449901283,0.028879810124635696,0.9847304821014404
25100,19,0.021276108920574188,0.000664390274323523,0.0206117182970047,1.5223127603530884,0.0028543968219310045,0.000560251297429204,0.0005654685664921999,0.03001624532043934,0.9858095645904541
25150,19,0.020092671737074852,0.0006596777238883078,0.019432993605732918,1.4457770586013794,0.0028027892112731934,0.0005555787356570363,0.0005609065992757678,0.028440844267606735,0.9858794212341309
25200,19,0.02137143537402153,0.0007269794587045908,0.020644456148147583,1.6933443546295166,0.002795828739181161,0.0005953143117949367,0.0006115756114013493,0.031047841534018517,0.9854720830917358
25250,19,0.020690884441137314,0.0007024018559604883,0.01998848281800747,1.3467768430709839,0.002779972506687045,0.0005213554250076413,0.0005224455962888896,0.02847134694457054,0.9852802753448486
25300,19,0.02049655094742775,0.0007028048858046532,0.019793745130300522,1.5379419326782227,0.002833014354109764,0.0006635737372562289,0.0006703896215185523,0.029523056000471115,0.9854267835617065
25350,19,0.02137046493589878,0.0007669964106753469,0.020603468641638756,1.4665887355804443,0.002874509897083044,0.0005782437510788441,0.0005829307483509183,0.02986745722591877,0.985948920249939
25400,19,0.019117524847388268,0.0007619498064741492,0.01835557445883751,1.4453281164169312,0.003005192382261157,0.0005404699477367103,0.0005566355539485812,0.027444275096058846,0.9865329265594482
25450,19,0.019926466047763824,0.0006642449297942221,0.019262220710515976,1.3873121738433838,0.002887369366362691,0.0006527764489874244,0.0006621130742132664,0.0281808041036129,0.9859967231750488
25500,19,0.020942622795701027,0.0007821168401278555,0.020160505548119545,1.469954013824463,0.002888042712584138,0.0005526448949240148,0.0005639803130179644,0.029411908239126205,0.9854673147201538
25550,19,0.020315876230597496,0.0006758043891750276,0.01964007131755352,1.4756782054901123,0.0030497219413518906,0.0005551667418330908,0.0005591718945652246,0.028811654075980186,0.9871861338615417
25600,19,0.01984582282602787,0.000554329832084477,0.01929149217903614,1.4462645053863525,0.0029240159783512354,0.0005307461833581328,0.0005444204434752464,0.028155237436294556,0.9865664839744568
25650,19,0.021825265139341354,0.0006952154217287898,0.021130049601197243,1.3866751194000244,0.0029680912848562002,0.0006418266566470265,0.000660711491946131,0.03006414696574211,0.9858576059341431
25700,19,0.020588718354701996,0.0006520823226310313,0.019936636090278625,1.4553723335266113,0.002971501089632511,0.0005614609690383077,0.000567399023566395,0.028997410088777542,0.9867786169052124
25750,19,0.02183365635573864,0.0007573516923002899,0.021076304838061333,1.4845913648605347,0.0029130198527127504,0.0006114962161518633,0.000622820807620883,0.03049384243786335,0.9868367314338684
25800,19,0.02035154402256012,0.0008026098366826773,0.0195489339530468,1.4744131565093994,0.0031234538182616234,0.0006156844319775701,0.000630262540653348,0.028972681611776352,0.9862989783287048
25850,19,0.021120410412549973,0.0007155803614296019,0.02040483057498932,1.412108063697815,0.00308644468896091,0.000553519930690527,0.0005675300490111113,0.02930508740246296,0.9855468273162842
25900,19,0.020745430141687393,0.000823521870188415,0.019921908155083656,1.4406883716583252,0.0031117619946599007,0.0007602067198604345,0.0007780920714139938,0.029490282759070396,0.985065221786499
25950,20,0.021882470697164536,0.0008661682950332761,0.021016301587224007,1.3973119258880615,0.0030916898977011442,0.0006410782225430012,0.0006437641568481922,0.03015696257352829,0.9871273636817932
26000,20,0.020626358687877655,0.0007361663738265634,0.0198901928961277,1.5259358882904053,0.003065209137275815,0.0006790886400267482,0.0006835141684859991,0.029621707275509834,0.9868310689926147
26050,20,0.020201779901981354,0.000669409753754735,0.019532369449734688,1.5109748840332031,0.0031344383023679256,0.0005448546726256609,0.0005541465943679214,0.028858790174126625,0.9855601787567139
26100,20,0.021951226517558098,0.0008018245571292937,0.021149402484297752,1.455976963043213,0.002974130678921938,0.0006754386704415083,0.0006800862029194832,0.03058961033821106,0.986315131187439
26150,20,0.02126583643257618,0.0007593584596179426,0.02050647884607315,1.4766935110092163,0.0028879570309072733,0.0005258205346763134,0.0005274922004900873,0.029705503955483437,0.9855520725250244
26200,20,0.021281057968735695,0.0007836594013497233,0.02049739845097065,1.506820559501648,0.0030701004434376955,0.0006027388153597713,0.0006044390611350536,0.030025409534573555,0.9866310358047485
26250,20,0.020960794761776924,0.0007659264956600964,0.020194867625832558,1.407637119293213,0.003088050289079547,0.0006242066156119108,0.0006245721597224474,0.029250847175717354,0.9862543940544128
26300,20,0.021410416811704636,0.0008781982469372451,0.020532218739390373,1.412419080734253,0.0030125523917376995,0.0005805561086162925,0.000600079947616905,0.02965616062283516,0.9855353832244873
26350,20,0.020168891176581383,0.0007144761621020734,0.019454415887594223,1.583272933959961,0.0028810659423470497,0.0005493734497576952,0.000558451924007386,0.029195962473750114,0.9846259355545044
26400,20,0.021044574677944183,0.0006335650105029345,0.020411008968949318,1.5957316160202026,0.0028008141089230776,0.0005062248092144728,0.0005093688960187137,0.030041629448533058,0.9857449531555176
26450,20,0.01983153447508812,0.0006961760809645057,0.019135357812047005,1.4460127353668213,0.0027805587742477655,0.0005576616385951638,0.0005758656188845634,0.02819790691137314,0.9864403009414673
26500,20,0.020272918045520782,0.0006389524205587804,0.01963396556675434,1.373712420463562,0.002842784859240055,0.00046936460421420634,0.00047187291784211993,0.028085559606552124,0.9861783981323242
26550,20,0.02130892500281334,0.0007656342349946499,0.020543290302157402,1.505866527557373,0.002966583939269185,0.0005503959255293012,0.0005702846101485193,0.029961906373500824,0.9863638281822205
26600,20,0.02013448067009449,0.0006629008566960692,0.019471580162644386,1.4685354232788086,0.0028696460649371147,0.0005608713254332542,0.0005728390533477068,0.02861373871564865,0.9864023327827454
26650,20,0.019976383075118065,0.0006341166445054114,0.019342266023159027,1.456674337387085,0.002906221430748701,0.0005010930472053587,0.0005177545826882124,0.02828150801360607,0.9870592355728149
26700,20,0.018465373665094376,0.0006244967808015645,0.017840877175331116,1.3999743461608887,0.0028936611488461494,0.0005468131857924163,0.0005505098961293697,0.026565464213490486,0.986700177192688
26750,20,0.018964998424053192,0.0006731956964358687,0.01829180307686329,1.4274609088897705,0.00291779194958508,0.0005179147119633853,0.0005361030925996602,0.02715923637151718,0.9859874248504639
26800,20,0.02020234800875187,0.0007011534762568772,0.01950119435787201,1.4543724060058594,0.002896657446399331,0.00046147670946083963,0.00046041799942031503,0.028398999944329262,0.9853188991546631
26850,20,0.020869292318820953,0.0008523100987076759,0.020016981288790703,1.4642940759658813,0.0028143771924078465,0.0006518571171909571,0.0006711184396408498,0.02951655164361,0.9862008094787598
26900,20,0.020356707274913788,0.0007374107372015715,0.019619297236204147,1.4640491008758545,0.0028510072734206915,0.000511868973262608,0.0005228958325460553,0.02871456928551197,0.9857118725776672
26950,20,0.019905012100934982,0.0006975602591410279,0.01920745149254799,1.4969303607940674,0.0028440854512155056,0.00047315459232777357,0.0004785375203937292,0.028344200924038887,0.9869657754898071
27000,20,0.020174983888864517,0.0007866387022659183,0.019388346001505852,1.4613010883331299,0.002741040661931038,0.0005729176918976009,0.0005758007755503058,0.02863295003771782,0.9858033657073975
27050,20,0.02011527307331562,0.0007465843809768558,0.019368689507246017,1.524832010269165,0.002867736155167222,0.0005598738789558411,0.0005592186935245991,0.02886139415204525,0.9861326813697815
27100,20,0.022338686510920525,0.0006785051082260907,0.021660180762410164,1.4000786542892456,0.003080600406974554,0.0006272453465498984,0.0006355773657560349,0.030604982748627663,0.9863852262496948
27150,20,0.019198236986994743,0.0006743828998878598,0.01852385327219963,1.491506576538086,0.0029909294098615646,0.0004323647590354085,0.00043442603782750666,0.027525553479790688,0.986327588558197
27200,20,0.021130643784999847,0.0008216043934226036,0.02030903846025467,1.404374361038208,0.0029387304093688726,0.0005673816194757819,0.0005750581622123718,0.02929789572954178,0.9856078624725342
27250,20,0.020662810653448105,0.0006876554689370096,0.01997515559196472,1.3769017457962036,0.002879617502912879,0.000534088583663106,0.0005415943451225758,0.028625881299376488,0.9862890243530273
