step,epoch,pred,pred_block,pred_free,sigreg,anchor,anchor_pred,total,latent_std
50,1,0.03603257238864899,0.003800146747380495,0.03223242610692978,4.601253032684326,0.3182372748851776,0.31796199083328247,0.6952380537986755,0.9889175891876221
100,1,0.2475905865430832,0.052767544984817505,0.19482304155826569,4.4040021896362305,0.21852678060531616,0.21754910051822662,0.7056864500045776,0.9969550371170044
150,1,0.08711139857769012,0.03390633314847946,0.053205061703920364,3.377784013748169,0.08121024817228317,0.0810341089963913,0.26624464988708496,1.0034139156341553
200,1,0.08402419835329056,0.013997639529407024,0.07002656161785126,2.707005023956299,0.020687870681285858,0.02072133868932724,0.13896843791007996,1.0003241300582886
250,1,0.06542862206697464,0.008835087530314922,0.05659353360533714,2.690800189971924,0.009278839454054832,0.009300779551267624,0.0974622368812561,0.9987435936927795
300,1,0.05872080475091934,0.003335695480927825,0.05538510903716087,2.522493362426758,0.006296755746006966,0.006344336085021496,0.08397436887025833,0.99672532081604
350,1,0.05924684926867485,0.005217107478529215,0.054029740393161774,2.558720111846924,0.011380084790289402,0.011380527168512344,0.09480106830596924,0.9956212639808655
400,1,0.07453594356775284,0.004850818309932947,0.06968512386083603,2.395231246948242,0.011775841005146503,0.011772717349231243,0.1100606620311737,0.9988707900047302
450,1,0.05371721461415291,0.0037810574285686016,0.04993615671992302,2.5292043685913086,0.006510583683848381,0.006516467314213514,0.07939028739929199,0.9940189123153687
500,1,0.06770683079957962,0.004875474609434605,0.06283135712146759,2.502147912979126,0.011901626363396645,0.011885633692145348,0.10400483012199402,1.0010716915130615
550,1,0.05905453488230705,0.00404492998495698,0.05500960350036621,3.3051247596740723,0.008559968322515488,0.008569225668907166,0.09270934760570526,0.9988605976104736
600,1,0.05522024631500244,0.006596377119421959,0.04862387105822563,2.890784502029419,0.009649543091654778,0.009657314047217369,0.088981032371521,1.0063202381134033
650,1,0.06939934939146042,0.005559749901294708,0.06383959949016571,2.970884323120117,0.008211547508835793,0.008218303322792053,0.10068362206220627,1.0019645690917969
700,1,0.07622397691011429,0.01072644628584385,0.06549753248691559,2.861793279647827,0.009320026263594627,0.009341361001133919,0.1091943308711052,1.0090900659561157
750,1,0.07071399688720703,0.005442379973828793,0.06527161598205566,2.7016303539276123,0.009346102364361286,0.0093565434217453,0.10292479395866394,1.0010045766830444
800,1,0.06685065478086472,0.004634355194866657,0.06221630051732063,2.7193524837493896,0.01052774302661419,0.010524176061153412,0.10149934142827988,0.9949374198913574
850,1,0.06160402297973633,0.006494282744824886,0.05510973930358887,2.7178659439086914,0.01036213431507349,0.010376124642789364,0.09593161195516586,1.007203459739685
900,1,0.0724412277340889,0.006674535572528839,0.06576669216156006,2.4649484157562256,0.013345004059374332,0.013326701708137989,0.11143767833709717,1.0169024467468262
950,1,0.08753963559865952,0.006403970532119274,0.08113566786050797,2.798107624053955,0.014601629227399826,0.014600221067667007,0.13073202967643738,1.0166618824005127
1000,1,0.07916402071714401,0.0058129774406552315,0.07335104048252106,2.7151973247528076,0.010581440292298794,0.010573897510766983,0.11389534175395966,1.0066808462142944
1050,1,0.0772399976849556,0.004914385266602039,0.07232560962438583,2.7313506603240967,0.011384502053260803,0.011364543810486794,0.11364579200744629,1.0085160732269287
1100,1,0.07007371634244919,0.004955744370818138,0.0651179701089859,2.5235419273376465,0.009750841185450554,0.009732878766953945,0.10217514634132385,1.0021501779556274
1150,1,0.05835409834980965,0.004937688820064068,0.053416408598423004,2.886796236038208,0.008146960288286209,0.008147426880896091,0.08908246457576752,0.9859329462051392
1200,1,0.08451475948095322,0.006252744235098362,0.07826201617717743,2.8851590156555176,0.012439370155334473,0.012422572821378708,0.12380249798297882,0.9879353642463684
1250,1,0.07914457470178604,0.005835928022861481,0.07330864667892456,2.8381876945495605,0.011243607848882675,0.01123751513659954,0.115816630423069,0.9954492449760437
1300,1,0.05865383520722389,0.0053007639944553375,0.053353071212768555,3.5944883823394775,0.010162251070141792,0.010152879171073437,0.09694141149520874,0.9847358465194702
1350,1,0.09770374000072479,0.005792577750980854,0.09191115945577621,2.8115036487579346,0.01405685767531395,0.014054420404136181,0.13987253606319427,0.9919965267181396
1400,1,0.10915698111057281,0.006327416747808456,0.10282956063747406,2.8883471488952637,0.011684506200253963,0.011690577492117882,0.14697380363941193,0.98511803150177
1450,1,0.06833949685096741,0.004859438631683588,0.06348005682229996,2.808877944946289,0.012882981449365616,0.012869622558355331,0.10813648998737335,0.9840356707572937
1500,1,0.0854312926530838,0.005426385439932346,0.08000490814447403,3.0967798233032227,0.010454094968736172,0.010461613535881042,0.12183090299367905,0.9811021089553833
1550,1,0.04721942916512489,0.0038164518773555756,0.04340297728776932,3.31577205657959,0.007887288928031921,0.007883289828896523,0.07956887036561966,0.9866760969161987
1600,1,0.06495735049247742,0.006714785937219858,0.0582425631582737,3.4437499046325684,0.011326989158987999,0.011314070783555508,0.10481716692447662,0.9888757467269897
1650,1,0.07171531021595001,0.005470761097967625,0.06624455004930496,3.4804885387420654,0.009298650547862053,0.009303494356572628,0.10771989822387695,0.983603835105896
1700,1,0.04998993128538132,0.005730901844799519,0.04425903037190437,3.16467547416687,0.011948038823902607,0.011935703456401825,0.08969704806804657,0.9670659303665161
1750,1,0.09865851700305939,0.006793352775275707,0.0918651670217514,2.900480270385742,0.011594627052545547,0.011590100824832916,0.13634563982486725,0.9890455603599548
1800,1,0.053412340581417084,0.005155907012522221,0.04825643450021744,3.356532573699951,0.007730002980679274,0.007727067917585373,0.08565207570791245,0.9857803583145142
1850,1,0.05573011562228203,0.00560794398188591,0.05012217164039612,3.407815456390381,0.00930381566286087,0.009301497600972652,0.09137450903654099,0.9852554798126221
1900,1,0.09550382941961288,0.00696730287745595,0.08853652328252792,3.6562650203704834,0.014636659994721413,0.014645261690020561,0.14306707680225372,0.9880785346031189
1950,1,0.06961404532194138,0.005613074637949467,0.06400097161531448,3.133516788482666,0.01015068031847477,0.010132432915270329,0.10556474328041077,0.9864737391471863
2000,1,0.07880886644124985,0.005951724946498871,0.07285714149475098,3.0206246376037598,0.009728055447340012,0.009719126857817173,0.11335916817188263,0.9840891361236572
2050,1,0.09776566922664642,0.006533007137477398,0.09123266488313675,3.2679712772369385,0.010692918673157692,0.010691621340811253,0.1354900598526001,0.9843349456787109
2100,1,0.08023043721914291,0.00450748298317194,0.07572295516729355,2.7705445289611816,0.010460915975272655,0.010461073368787766,0.11500515043735504,0.9765122532844543
2150,1,0.09033529460430145,0.0057032424956560135,0.08463205397129059,3.097238302230835,0.008628296665847301,0.008620111271739006,0.1230698898434639,0.992772102355957
2200,1,0.08267658203840256,0.005104216746985912,0.07757236808538437,2.6968178749084473,0.009094228968024254,0.009092295542359352,0.1143471971154213,1.0017887353897095
2250,1,0.07848745584487915,0.006725719664245844,0.07176173478364944,2.9306435585021973,0.008418012410402298,0.008410211652517319,0.10996890068054199,0.9917052388191223
2300,2,0.07513245195150375,0.0042691919952631,0.0708632618188858,2.6978344917297363,0.007622946985065937,0.007612281944602728,0.10385685414075851,1.004900574684143
2350,2,0.05036608502268791,0.004442893899977207,0.04592319205403328,2.8266773223876953,0.007087248377501965,0.0070805856958031654,0.0786672979593277,0.9999305009841919
2400,2,0.0896211564540863,0.012247929349541664,0.07737322896718979,2.943406581878662,0.07629724591970444,0.07624930888414383,0.25688475370407104,0.9856081604957581
2450,2,0.089950792491436,0.005586874671280384,0.0843639150261879,2.9385156631469727,0.00927995890378952,0.009284047409892082,0.12320737540721893,0.9956538677215576
2500,2,0.07295247912406921,0.004280031658709049,0.06867244839668274,2.5591063499450684,0.007295857183635235,0.0072861057706177235,0.10032997280359268,1.0026992559432983
2550,2,0.07883939892053604,0.004035555757582188,0.07480384409427643,2.532621383666992,0.007260478101670742,0.007255156524479389,0.10601814091205597,1.0040810108184814
2600,2,0.08335278183221817,0.00400360906496644,0.07934917509555817,2.5558724403381348,0.005618245340883732,0.00561479339376092,0.107365183532238,1.004356861114502
2650,2,0.07532204687595367,0.004136225674301386,0.07118581980466843,2.4890379905700684,0.005933863576501608,0.0059276120737195015,0.09962870925664902,0.9984925985336304
2700,2,0.06225280463695526,0.003242080332711339,0.05901072546839714,2.5698304176330566,0.006327836774289608,0.00633042911067605,0.08776022493839264,0.9975334405899048
2750,2,0.059461526572704315,0.0029339042957872152,0.056527622044086456,2.4484403133392334,0.005342830903828144,0.005340913776308298,0.08238747715950012,0.9994582533836365
2800,2,0.05366911739110947,0.0036603205371648073,0.05000879615545273,2.3921732902526855,0.005634612403810024,0.0056201135739684105,0.07688470929861069,0.9963511824607849
2850,2,0.05448807030916214,0.0033568902872502804,0.05113118141889572,2.5604844093322754,0.0041589755564928055,0.004157354589551687,0.0756068229675293,0.9954241514205933
2900,2,0.05678568780422211,0.003648932557553053,0.05313675478100777,2.4663500785827637,0.004619893617928028,0.00461604306474328,0.07835337519645691,0.9982308149337769
2950,2,0.06458604335784912,0.0033531489316374063,0.06123289465904236,2.645052433013916,0.005043065175414085,0.0050359927117824554,0.08789036422967911,0.9931455850601196
3000,2,0.05991232395172119,0.0033296188339591026,0.056582704186439514,2.4539570808410645,0.0047281766310334206,0.004725654609501362,0.08163594454526901,0.9889153838157654
3050,2,0.0548551008105278,0.003041991963982582,0.05181310698390007,2.37843656539917,0.0037330067716538906,0.0037302952259778976,0.07421058416366577,0.9941757917404175
3100,2,0.04940762370824814,0.0022048666141927242,0.047202758491039276,2.5216097831726074,0.00383227551355958,0.0038260347209870815,0.06967398524284363,0.9882565140724182
3150,2,0.04134047031402588,0.002583274617791176,0.038757193833589554,2.5546936988830566,0.0037126694805920124,0.0037064512725919485,0.06153305992484093,0.9896387457847595
3200,2,0.053612999618053436,0.0023690490052103996,0.05124394968152046,2.4584949016571045,0.004149093292653561,0.004143250174820423,0.07419781386852264,0.9892635345458984
3250,2,0.04070139676332474,0.0028781138826161623,0.037823282182216644,2.2453460693359375,0.0037589226849377155,0.0037621944211423397,0.05944924056529999,0.988722562789917
3300,2,0.050111740827560425,0.0027807862497866154,0.04733095318078995,2.538503408432007,0.005324061959981918,0.005308010149747133,0.07343633472919464,0.9863032102584839
3350,2,0.07087838649749756,0.004338088445365429,0.06654030084609985,2.463958740234375,0.010427063331007957,0.01044679805636406,0.10407204180955887,0.9752416610717773
3400,2,0.05311114341020584,0.005087013356387615,0.04802412912249565,2.484835386276245,0.005186815746128559,0.005162892863154411,0.07588502764701843,0.9825400114059448
3450,2,0.04896840080618858,0.0031514870934188366,0.04581691324710846,2.366978406906128,0.005218939855694771,0.005212348885834217,0.07123458385467529,0.9846329689025879
3500,2,0.04560168460011482,0.0031264254357665777,0.04247526079416275,2.4131598472595215,0.0042694308795034885,0.00428080465644598,0.06621772050857544,0.9866975545883179
3550,2,0.039654266089200974,0.0022824788466095924,0.037371788173913956,2.31217098236084,0.003520181868225336,0.0035136668011546135,0.05824896693229675,0.9861829280853271
3600,2,0.03884249925613403,0.0021862995345145464,0.036656200885772705,2.336869239807129,0.0025561735965311527,0.0025447988882660866,0.055627819150686264,0.9879339933395386
3650,2,0.04403866082429886,0.002817245200276375,0.04122141748666763,2.1036019325256348,0.002888152841478586,0.002881275722756982,0.06032609939575195,0.9894903898239136
3700,2,0.040879055857658386,0.002627388574182987,0.038251668214797974,2.362239360809326,0.003317066468298435,0.0033180550672113895,0.05932537466287613,0.9876748919487
3750,2,0.04361795261502266,0.0024137860164046288,0.041204165667295456,2.335798501968384,0.004456282593309879,0.004447620827704668,0.06420084834098816,0.9908773899078369
3800,2,0.03827616572380066,0.0021194834262132645,0.036156680434942245,2.388209581375122,0.002547860611230135,0.0025366574991494417,0.0553017295897007,0.9923245906829834
3850,2,0.04078451916575432,0.00227713817730546,0.038507379591464996,2.1886463165283203,0.003270980902016163,0.0032672251109033823,0.05826595425605774,0.9899090528488159
3900,2,0.04154175519943237,0.0029270874802023172,0.0386146679520607,2.5254337787628174,0.0029396675527095795,0.0029358575120568275,0.06004444882273674,0.9908642768859863
3950,2,0.04336163401603699,0.003144180867820978,0.04021745175123215,2.2432541847229004,0.0033106785267591476,0.003307879902422428,0.0611964650452137,0.992640495300293
4000,2,0.03803009167313576,0.0018835593946278095,0.036146532744169235,2.583104133605957,0.0032837139442563057,0.003272846806794405,0.05750216916203499,0.990310788154602
4050,2,0.03555004671216011,0.0016573548782616854,0.033892691135406494,2.1802897453308105,0.0021857009269297123,0.0021892646327614784,0.050826460123062134,0.9902305006980896
4100,2,0.04520425945520401,0.0031647752039134502,0.04203948378562927,2.181746482849121,0.0036344961263239384,0.0036446338053792715,0.06339211761951447,0.9903138875961304
4150,2,0.039053499698638916,0.0023630927316844463,0.03669040650129318,2.150210380554199,0.003048942657187581,0.0030502977315336466,0.05590379238128662,0.9897769689559937
4200,2,0.03607340529561043,0.0019390549277886748,0.03413435071706772,2.4001383781433105,0.0023044925183057785,0.0022946682292968035,0.052673257887363434,0.9882460832595825
4250,2,0.03467574343085289,0.002418150193989277,0.03225759416818619,2.405956745147705,0.002937065437436104,0.0029398957267403603,0.05258249118924141,0.9873964786529541
4300,2,0.04207645729184151,0.0019424387719482183,0.040134020149707794,2.1604275703430176,0.002341141924262047,0.0023438292555510998,0.05756356567144394,0.9903948307037354
4350,2,0.037680137902498245,0.0029117795638740063,0.03476835787296295,2.3447940349578857,0.0027102120220661163,0.0027219406329095364,0.05483625829219818,0.9915253520011902
4400,2,0.03892811760306358,0.0025437637232244015,0.036384355276823044,2.269251823425293,0.0022676903754472733,0.002261674962937832,0.05480374023318291,0.9903064370155334
4450,2,0.03873584046959877,0.0024750984739512205,0.03626074269413948,2.306880474090576,0.002349850023165345,0.0023575876839458942,0.05497768148779869,0.9891304969787598
4500,2,0.0340983010828495,0.0020673847757279873,0.03203091770410538,2.345841407775879,0.002607493195682764,0.0026058959774672985,0.0510408952832222,0.993475079536438
4550,3,0.03460579365491867,0.0023575257509946823,0.03224826976656914,2.1379761695861816,0.0028189620934426785,0.0028205313719809055,0.05093516781926155,0.9929097294807434
4600,3,0.03129462152719498,0.0016483634244650602,0.029646258801221848,2.23514986038208,0.002668168395757675,0.0026718443259596825,0.0478103831410408,0.9909304976463318
4650,3,0.030802346765995026,0.001608154270797968,0.029194192960858345,2.2330079078674316,0.0021629382390528917,0.002158508636057377,0.046288833022117615,0.990841805934906
4700,3,0.035895224660634995,0.001737350132316351,0.034157875925302505,2.323178291320801,0.0027625819202512503,0.00277288188226521,0.0530465804040432,0.9925203323364258
4750,3,0.032936595380306244,0.0017201463924720883,0.031216448172926903,2.1251745223999023,0.0027559520676732063,0.002759309485554695,0.049077730625867844,0.9930428266525269
4800,3,0.035466887056827545,0.0020190791692584753,0.033447809517383575,2.2233736515045166,0.0023554584477096796,0.002361510181799531,0.05130072683095932,0.9909804463386536
4850,3,0.03294401988387108,0.0015596980229020119,0.03138432279229164,2.1268484592437744,0.002488723723217845,0.0024997424334287643,0.048566725105047226,0.9911453723907471
4900,3,0.037141527980566025,0.0019774646498262882,0.035164061933755875,2.095641851425171,0.0027256812900304794,0.002725780475884676,0.05307120084762573,0.9932601451873779
4950,3,0.03368009254336357,0.0017631757073104382,0.031916916370391846,2.353480577468872,0.0026443686801940203,0.0026398857589811087,0.05073174834251404,0.9916057586669922
5000,3,0.03453487902879715,0.0019540281500667334,0.03258085250854492,2.3313426971435547,0.001913521671667695,0.0019112078007310629,0.05001632124185562,0.9909549951553345
5050,3,0.03166930377483368,0.0018891444196924567,0.029780158773064613,2.168774127960205,0.0020810526330024004,0.0020804426167160273,0.04667466878890991,0.9885045289993286
5100,3,0.031184140592813492,0.0016359537839889526,0.02954818680882454,2.013815402984619,0.0021455164533108473,0.0021448296029120684,0.04554356262087822,0.9903448820114136
5150,3,0.02957312949001789,0.0014697331935167313,0.02810339629650116,2.1320438385009766,0.002204463817179203,0.002199268201366067,0.044637080281972885,0.9924267530441284
5200,3,0.02695143036544323,0.0019061517668887973,0.025045279413461685,2.235522747039795,0.002529539167881012,0.00252117239870131,0.04317975416779518,0.9890404939651489
5250,3,0.03360831364989281,0.0016470341943204403,0.03196128085255623,2.1718263626098633,0.0020365542732179165,0.0020302277989685535,0.04853422939777374,0.9908919334411621
5300,3,0.029793335124850273,0.0015925810439512134,0.028200754895806313,2.1824798583984375,0.0018605167279019952,0.00184929883107543,0.04441554844379425,0.9900404214859009
5350,3,0.030439062044024467,0.0019086692482233047,0.028530392795801163,2.1878623962402344,0.0019818535074591637,0.001983971567824483,0.04534419998526573,0.9905446767807007
5400,3,0.0315990187227726,0.0017776440363377333,0.029821375384926796,2.3185393810272217,0.0019943867810070515,0.001994570018723607,0.047180674970149994,0.9903364181518555
5450,3,0.027608415111899376,0.001538498792797327,0.026069916784763336,2.2164463996887207,0.0014054120983928442,0.0014055673964321613,0.04150163009762764,0.9902672171592712
5500,3,0.026802780106663704,0.0016969121061265469,0.02510586753487587,1.9496835470199585,0.0024434246588498354,0.0024470628704875708,0.04144168645143509,0.9897891283035278
5550,3,0.028307555243372917,0.0014252185355871916,0.026882337406277657,2.002040386199951,0.0018193795112892985,0.0018169446848332882,0.041954077780246735,0.9890631437301636
5600,3,0.02902805618941784,0.0013176430948078632,0.027710413560271263,2.179173469543457,0.001755065517500043,0.0017529657343402505,0.043431952595710754,0.9898446798324585
5650,3,0.026089942082762718,0.0012481387238949537,0.024841804057359695,2.1949009895324707,0.0013797217980027199,0.0013781553134322166,0.039822325110435486,0.9882102012634277
5700,3,0.02936384454369545,0.0014213955728337169,0.02794244885444641,2.2089056968688965,0.0016393479891121387,0.0016364840557798743,0.043684206902980804,0.9897675514221191
5750,3,0.029724247753620148,0.0015830177580937743,0.02814123034477234,2.391092300415039,0.002568687777966261,0.002563605085015297,0.04681200161576271,0.9886017441749573
5800,3,0.027207346633076668,0.0012280786177143455,0.025979267433285713,2.149556875228882,0.0018012435175478458,0.0017958417301997542,0.041552215814590454,0.989251434803009
5850,3,0.029001573100686073,0.0016365894116461277,0.027364984154701233,2.0914511680603027,0.00174511328805238,0.0017434388864785433,0.04294738173484802,0.9895275831222534
5900,3,0.029409056529402733,0.0019910838454961777,0.027417972683906555,2.0690174102783203,0.0019053069408982992,0.0019012117991223931,0.04356066510081291,0.9894521832466125
5950,3,0.02770644798874855,0.001265831058844924,0.026440616697072983,2.0014278888702393,0.0016602735267952085,0.0016506528481841087,0.04102451354265213,0.9897919297218323
6000,3,0.02948114648461342,0.0017013256438076496,0.027779821306467056,2.150329828262329,0.002416756236925721,0.0024139825254678726,0.04506353288888931,0.9902926683425903
6050,3,0.02689235284924507,0.0015903309686109424,0.025302022695541382,2.1728010177612305,0.0016383712645620108,0.0016293044900521636,0.04102403298020363,0.9901427030563354
6100,3,0.031016549095511436,0.0019613192416727543,0.02905523031949997,2.0608808994293213,0.0020285199861973524,0.0020234896801412106,0.045372962951660156,0.9894040822982788
6150,3,0.027064085006713867,0.0013268564362078905,0.025737227872014046,2.107171058654785,0.0015310307499021292,0.0015260253567248583,0.04065699502825737,0.9899856448173523
6200,3,0.02979358099400997,0.0014123921282589436,0.028381189331412315,2.345189094543457,0.0021955962292850018,0.002197933616116643,0.045913055539131165,0.9900298118591309
6250,3,0.026044629514217377,0.0012169894762337208,0.024827640503644943,2.117032766342163,0.001423748442903161,0.0014212892856448889,0.03947483003139496,0.9894130229949951
6300,3,0.028230220079421997,0.0015259006759151816,0.026704318821430206,2.212902545928955,0.0017499568639323115,0.0017561224522069097,0.04280081391334534,0.9876797199249268
6350,3,0.027908213436603546,0.0013604182749986649,0.02654779516160488,2.019308090209961,0.0013791925739496946,0.0013809555675834417,0.040764905512332916,0.9868611097335815
6400,3,0.028161216527223587,0.00142418104223907,0.026737036183476448,2.0865399837493896,0.001709554111585021,0.0017086723819375038,0.04201214388012886,0.9880589842796326
6450,3,0.02862231433391571,0.0018219039775431156,0.026800410822033882,2.1117687225341797,0.0016771767986938357,0.0016800517914816737,0.04253838583827019,0.9883778095245361
6500,3,0.027585674077272415,0.0014288319507613778,0.026156842708587646,2.125349760055542,0.0012682108208537102,0.001265533734112978,0.04074616730213165,0.9907916188240051
6550,3,0.025891585275530815,0.0013529772404581308,0.024538608267903328,2.0184640884399414,0.001404276816174388,0.001399373752065003,0.03878755494952202,0.9883762001991272
6600,3,0.02642633579671383,0.0011662195902317762,0.025260116904973984,2.013071060180664,0.001483272761106491,0.0014806690160185099,0.039455633610486984,0.9887426495552063
6650,3,0.025320254266262054,0.0012787925079464912,0.024041462689638138,2.056201934814453,0.0016395074781030416,0.0016395170241594315,0.03888028860092163,0.9903966188430786
6700,3,0.028719332069158554,0.0018464414170011878,0.026872890070080757,2.0828378200531006,0.002543489681556821,0.002546332310885191,0.04422334209084511,0.9904053807258606
6750,3,0.026344770565629005,0.0012526491191238165,0.025092121213674545,1.986020565032959,0.0014885528944432735,0.001484600710682571,0.039248026907444,0.9893953800201416
6800,4,0.025049496442079544,0.0013990188017487526,0.023650476709008217,2.0782949924468994,0.001528484164737165,0.0015298117650672793,0.038499265909194946,0.989303708076477
6850,4,0.023902900516986847,0.0011068293824791908,0.02279607020318508,2.1017918586730957,0.0016555676702409983,0.0016534619498997927,0.03772088885307312,0.9890807867050171
6900,4,0.030160119757056236,0.0018785994034260511,0.028281521052122116,1.9859598875045776,0.0014987969771027565,0.0014972965000197291,0.043086014688014984,0.9882527589797974
6950,4,0.02562805451452732,0.0012561532203108072,0.024371901527047157,1.9837734699249268,0.001375699182972312,0.0013724849559366703,0.03829510509967804,0.9867675304412842
7000,4,0.0252187829464674,0.0012921091401949525,0.02392667345702648,1.9558864831924438,0.0016812162939459085,0.0016834656707942486,0.03836289793252945,0.9884750843048096
7050,4,0.028272265568375587,0.0012966301292181015,0.026975635439157486,2.0046639442443848,0.0016797950956970453,0.0016767196357250214,0.04165210202336311,0.9886374473571777
7100,4,0.026991745457053185,0.0015234838938340545,0.025468261912465096,2.004715919494629,0.0015355028444901109,0.0015343630220741034,0.040085192769765854,0.9896575212478638
7150,4,0.026955194771289825,0.0013707778416574001,0.025584416463971138,2.04753041267395,0.0014322688803076744,0.0014359026681631804,0.040061019361019135,0.9888461828231812
7200,4,0.02393469586968422,0.001111632096581161,0.022823063656687737,2.178006649017334,0.0012183897197246552,0.001212672796100378,0.03725579008460045,0.9879844188690186
7250,4,0.025581423193216324,0.0012775816721841693,0.024303842335939407,2.088536262512207,0.0011957171373069286,0.0011908008018508554,0.038410622626543045,0.9896386861801147
7300,4,0.027848606929183006,0.0014987180475145578,0.026349889114499092,2.1332621574401855,0.0018170028924942017,0.0018140231259167194,0.04214594513177872,0.9894774556159973
7350,4,0.024027502164244652,0.0014780133496969938,0.02254948951303959,1.9493072032928467,0.0010871344711631536,0.0010806663194671273,0.03594183921813965,0.989165186882019
7400,4,0.028834721073508263,0.0013206407893449068,0.027514079585671425,2.0332553386688232,0.0014374790480360389,0.0014429232105612755,0.04188139736652374,0.9897410869598389
7450,4,0.02647322043776512,0.001187632093206048,0.025285588577389717,1.9287874698638916,0.0016305310418829322,0.0016319826245307922,0.03937967121601105,0.9879443645477295
7500,4,0.028689980506896973,0.001010445412248373,0.027679534628987312,1.9511992931365967,0.0013307123444974422,0.0013276357203722,0.04110432416200638,0.9878119230270386
7550,4,0.029068542644381523,0.0012173077557235956,0.02785123512148857,2.080784320831299,0.0013874932192265987,0.0013934522867202759,0.04225340858101845,0.9895246624946594
7600,4,0.026465605944395065,0.0012553839478641748,0.025210222229361534,1.9063774347305298,0.0013625511201098561,0.0013597975485026836,0.038719844073057175,0.989203929901123
7650,4,0.027185039594769478,0.001034306944347918,0.02615073323249817,2.0111844539642334,0.001309946645051241,0.0013017678866162896,0.039852675050497055,0.9877423048019409
7700,4,0.02777903340756893,0.0010711000068113208,0.026707934215664864,2.0619256496429443,0.0016290388302877545,0.0016285910969600081,0.041346289217472076,0.9885579347610474
7750,4,0.029096877202391624,0.0012559877941384912,0.027840889990329742,1.9131062030792236,0.0012316142674535513,0.0012314008781686425,0.041125424206256866,0.9878538250923157
7800,4,0.026472900062799454,0.0011440031230449677,0.025328896939754486,1.942394495010376,0.001246754894964397,0.0012456149561330676,0.038677241653203964,0.9886199235916138
7850,4,0.0267653726041317,0.0010837899753823876,0.02568158321082592,1.9542243480682373,0.001443513436242938,0.0014412763994187117,0.03942128270864487,0.9874535799026489
7900,4,0.02444988675415516,0.0011005849810317159,0.023349301889538765,1.9823185205459595,0.0015490917721763253,0.001545521430671215,0.03745609149336815,0.988123893737793
7950,4,0.02656641975045204,0.0012876037508249283,0.025278815999627113,2.0563926696777344,0.0010537353809922934,0.0010508757550269365,0.038952991366386414,0.987899661064148
8000,4,0.025065619498491287,0.001094298786483705,0.023971321061253548,1.9150227308273315,0.001659177360124886,0.0016532301669940352,0.03795314207673073,0.987726628780365
8050,4,0.02918720804154873,0.0014293144922703505,0.02775789424777031,2.0165343284606934,0.0014599181013181806,0.0014622382586821914,0.04219203442335129,0.9871082305908203
8100,4,0.028813589364290237,0.0011619601864367723,0.027651628479361534,1.9277307987213135,0.00126256316434592,0.0012600875925272703,0.040974896401166916,0.9878926873207092
8150,4,0.026786305010318756,0.0013307277113199234,0.025455577298998833,1.8076035976409912,0.0015987547812983394,0.0015962310135364532,0.03901930898427963,0.9844363331794739
8200,4,0.02710975706577301,0.0009775047656148672,0.0261322520673275,1.9697580337524414,0.0014802149962633848,0.0014805521350353956,0.03991931304335594,0.9874280691146851
8250,4,0.02821655385196209,0.0014801654033362865,0.026736387982964516,1.9079570770263672,0.001521809259429574,0.001524808001704514,0.040802955627441406,0.9865906238555908
8300,4,0.02788557857275009,0.0010904030641540885,0.026795174926519394,2.0870797634124756,0.0014036698266863823,0.0014027140568941832,0.04112736135721207,0.9889900088310242
8350,4,0.028137212619185448,0.001660620328038931,0.02647659182548523,1.9351365566253662,0.0012646215036511421,0.0012646085815504193,0.04034212604165077,0.9863362312316895
8400,4,0.027881132438778877,0.0011286630760878325,0.026752470061182976,2.099246025085449,0.0013628416927531362,0.001369693549349904,0.04110989719629288,0.9890913367271423
8450,4,0.0259151142090559,0.0009986484656110406,0.02491646632552147,2.065971612930298,0.0012690650764852762,0.0012658876366913319,0.03877992555499077,0.9873685836791992
8500,4,0.02684754692018032,0.0010956095065921545,0.025751937180757523,1.8939756155014038,0.0014967068564146757,0.0014990970958024263,0.03931322693824768,0.9876332879066467
8550,4,0.02638130821287632,0.0010935511672869325,0.025287756696343422,1.9177440404891968,0.0010378812439739704,0.0010357173159718513,0.03804362565279007,0.9874162673950195
8600,4,0.026892978698015213,0.0012093656696379185,0.025683613494038582,1.9281513690948486,0.0012090459931641817,0.0012158611789345741,0.03895864263176918,0.9878125190734863
8650,4,0.027603574097156525,0.0011056659277528524,0.02649790793657303,1.885316252708435,0.0013777869753539562,0.0013769167708232999,0.039784856140613556,0.9893874526023865
8700,4,0.027084989473223686,0.0010828305967152119,0.02600215934216976,1.7486244440078735,0.0010779742151498795,0.0010801200987771153,0.037986207753419876,0.9874953031539917
8750,4,0.025507135316729546,0.0009760255343280733,0.024531109258532524,2.149355173110962,0.0011385942343622446,0.0011344213271513581,0.038526926189661026,0.9871619939804077
8800,4,0.026862815022468567,0.001006499514915049,0.025856316089630127,1.9306014776229858,0.0010625144932419062,0.0010600227396935225,0.03863836079835892,0.9877671599388123
8850,4,0.02823615074157715,0.001140007982030511,0.02709614299237728,1.9458402395248413,0.0012589545221999288,0.001256643678061664,0.040480948984622955,0.9880033731460571
8900,4,0.02736685238778591,0.0010511217406019568,0.026315730065107346,1.8705980777740479,0.0014587065670639277,0.0014561795396730304,0.03963473066687584,0.9866573214530945
8950,4,0.025715406984090805,0.0011279343161731958,0.024587472900748253,1.9195431470870972,0.0010617320658639073,0.0010580671951174736,0.037432920187711716,0.9885799884796143
9000,4,0.02584775537252426,0.0013908559922128916,0.024456899613142014,1.8993406295776367,0.0013095652684569359,0.0013019561301916838,0.037955980747938156,0.9870440363883972
9050,5,0.026080287992954254,0.0009772051125764847,0.02510308288037777,1.8380968570709229,0.0013140797382220626,0.0013122198870405555,0.03789707273244858,0.9888197183609009
9100,5,0.02717110514640808,0.0011805458925664425,0.02599055878818035,1.7665377855300903,0.0010835279244929552,0.0010786531493067741,0.038165975362062454,0.9886723756790161
9150,5,0.024522682651877403,0.0009268242865800858,0.023595858365297318,1.7748534679412842,0.0012134986463934183,0.0012073178077116609,0.035817768424749374,0.9876009225845337
9200,5,0.0268047284334898,0.0011751465499401093,0.02562958188354969,1.917267084121704,0.0015296462224796414,0.0015263906680047512,0.039447102695703506,0.9896543622016907
9250,5,0.027139786630868912,0.0010785374324768782,0.026061249896883965,1.9117199182510376,0.0013322466984391212,0.0013335712719708681,0.039364203810691833,0.9872437119483948
9300,5,0.029384080320596695,0.0011588523630052805,0.028225228190422058,1.807556390762329,0.0011949376203119755,0.0011917075607925653,0.040808506309986115,0.9875611066818237
9350,5,0.025303324684500694,0.0011990099446848035,0.024104313924908638,1.9011759757995605,0.001151132513768971,0.0011453713523223996,0.037105709314346313,0.9877814054489136
9400,5,0.029653172940015793,0.0012206044048070908,0.028432568535208702,1.859805941581726,0.0017069743480533361,0.001712740515358746,0.04237191751599312,0.9882013201713562
9450,5,0.02836504764854908,0.0012584551004692912,0.027106592431664467,1.864814043045044,0.0013866516528651118,0.001387180294841528,0.040462952107191086,0.9893773794174194
9500,5,0.025542747229337692,0.0011325202649459243,0.024410227313637733,1.8127504587173462,0.0011366958497092128,0.0011344791855663061,0.03687767684459686,0.9879728555679321
9550,5,0.023997902870178223,0.0010787303326651454,0.022919172421097755,2.077652931213379,0.0009504741756245494,0.0009450505604036152,0.03628169000148773,0.988674521446228
9600,5,0.02545125223696232,0.0010504855308681726,0.02440076693892479,1.7905737161636353,0.0011759509798139334,0.0011729164980351925,0.036752987653017044,0.9881935119628906
9650,5,0.025231098756194115,0.0010239619296044111,0.024207137525081635,1.9990780353546143,0.0013066378887742758,0.0013021143386140466,0.03783524036407471,0.989319920539856
9700,5,0.028693372383713722,0.0014224126935005188,0.027270959690213203,2.020759105682373,0.0012440383434295654,0.0012506044004112482,0.04129181429743767,0.9881014823913574
9750,5,0.027366098016500473,0.001178568578325212,0.026187529787421227,1.9283767938613892,0.0010189826134592295,0.001017205067910254,0.03904416784644127,0.9894077777862549
9800,5,0.028808217495679855,0.001169431721791625,0.027638785541057587,1.7761588096618652,0.0012019547866657376,0.0012003708397969604,0.04009133577346802,0.9904155731201172
9850,5,0.025127872824668884,0.0009849434718489647,0.024142930284142494,1.8814733028411865,0.0012989002279937267,0.0012937994906678796,0.037127941846847534,0.9886630773544312
9900,5,0.026608522981405258,0.001037471927702427,0.025571050122380257,1.9365625381469727,0.0011131602805107832,0.001110793324187398,0.03851528838276863,0.9888964891433716
9950,5,0.027382899075746536,0.001174276927486062,0.026208622381091118,1.8356860876083374,0.0017649439396336675,0.0017632574308663607,0.040089529007673264,0.9878318309783936
10000,5,0.0247274711728096,0.0009350446634925902,0.02379242703318596,1.8479951620101929,0.0009826241293922067,0.0009765475988388062,0.03592661768198013,0.9887593984603882
10050,5,0.02638406679034233,0.0011266299989074469,0.02525743655860424,1.8966279029846191,0.0013907387619838119,0.0013949342537671328,0.03865287825465202,0.9879740476608276
10100,5,0.02609911933541298,0.0009918735595420003,0.0251072458922863,1.9588868618011475,0.001212320290505886,0.001209411071613431,0.03831528499722481,0.9900599122047424
10150,5,0.029006749391555786,0.0009834561496973038,0.028023293241858482,1.8195531368255615,0.0011682300828397274,0.0011684178607538342,0.04044116288423538,0.9873557090759277
10200,5,0.027958538383245468,0.0012441064463928342,0.02671443112194538,1.7560033798217773,0.0012169117107987404,0.0012205543462187052,0.03917602077126503,0.9903137683868408
10250,5,0.025684839114546776,0.001014011213555932,0.024670828133821487,1.9374048709869385,0.0011798060731962323,0.0011776573956012726,0.037729326635599136,0.9873017072677612
10300,5,0.026375936344265938,0.0010548790451139212,0.025321057066321373,1.8418620824813843,0.0009535943390801549,0.0009525518398731947,0.037491392344236374,0.9889311790466309
10350,5,0.025408001616597176,0.0012155927252024412,0.024192409589886665,1.7755712270736694,0.0010602447437122464,0.0010577483335509896,0.036403849720954895,0.98841392993927
10400,5,0.024546895176172256,0.0009734014747664332,0.0235734935849905,1.8114216327667236,0.0011433097533881664,0.0011443374678492546,0.03589165210723877,0.988054096698761
10450,5,0.02613515593111515,0.0009505603229627013,0.025184595957398415,1.7490769624710083,0.0010486680548638105,0.0010469185654073954,0.036976128816604614,0.9903180599212646
10500,5,0.025460073724389076,0.0009796168887987733,0.024480456486344337,1.6930943727493286,0.001046216581016779,0.001038815127685666,0.03601057454943657,0.9889969825744629
10550,5,0.026037391275167465,0.0009149638935923576,0.025122428312897682,1.7707743644714355,0.0010255691595375538,0.0010231053456664085,0.03693993762135506,0.9883079528808594
10600,5,0.026710789650678635,0.0009976053843274713,0.025713184848427773,1.9141628742218018,0.0010497663170099258,0.00104723300319165,0.038378603756427765,0.9897750020027161
10650,5,0.027874251827597618,0.0011862576939165592,0.026687994599342346,1.8555502891540527,0.001233481802046299,0.0012291653547436,0.03961465135216713,0.9901392459869385
10700,5,0.02697213925421238,0.0010517395567148924,0.025920400395989418,1.8078925609588623,0.0011328279506415129,0.0011352405417710543,0.03827967122197151,0.9905763864517212
10750,5,0.028161371126770973,0.0009977935114875436,0.02716357819736004,1.8672966957092285,0.0010516156908124685,0.0010507212718948722,0.0396001935005188,0.9873312711715698
10800,5,0.025562742725014687,0.0009404128650203347,0.02462233044207096,1.8793822526931763,0.001042250543832779,0.001043552067130804,0.03704545274376869,0.9879559278488159
10850,5,0.025301601737737656,0.00093067716807127,0.02437092363834381,1.8678951263427734,0.0011345376260578632,0.0011307018576189876,0.03690631687641144,0.9903932809829712
10900,5,0.025377381592988968,0.0010874549625441432,0.024289926514029503,1.7272143363952637,0.0012123193591833115,0.0012072668178007007,0.03643304109573364,0.9909635782241821
10950,5,0.028494413942098618,0.0009360486292280257,0.02755836583673954,1.886885643005371,0.0009721080423332751,0.000969083746895194,0.03987003490328789,0.9904621243476868
11000,5,0.024675806984305382,0.0009316396899521351,0.023744167760014534,1.8848121166229248,0.0007272319635376334,0.0007238551042973995,0.035550955682992935,0.9903059601783752
11050,5,0.025935109704732895,0.0009230038849636912,0.025012105703353882,1.807998776435852,0.000990467146039009,0.0009907353669404984,0.0369563065469265,0.99323970079422
11100,5,0.02558249421417713,0.0010072028962895274,0.024575291201472282,1.857372760772705,0.0012462293962016702,0.0012481227749958634,0.03736371174454689,0.9911007285118103
11150,5,0.025586267933249474,0.0010759946890175343,0.024510273709893227,1.8536300659179688,0.0013897023163735867,0.0013895557494834065,0.03763367608189583,0.9887130260467529
11200,5,0.025571724399924278,0.0009375617373734713,0.024634161964058876,1.769580364227295,0.0010679137194529176,0.0010662854183465242,0.03655382618308067,0.9904097318649292
11250,5,0.027785329148173332,0.001006320700980723,0.02677900902926922,1.8757175207138062,0.0010311482474207878,0.0010288802441209555,0.03922394663095474,0.9884910583496094
11300,6,0.024168051779270172,0.0009140772162936628,0.023253975436091423,1.7536259889602661,0.000888124923221767,0.0008891020552255213,0.03471340984106064,0.9909682869911194
11350,6,0.026043793186545372,0.0010503497906029224,0.024993443861603737,1.7321839332580566,0.0010282499715685844,0.0010255593806505203,0.03675851970911026,0.991509735584259
11400,6,0.026016458868980408,0.0008509667823091149,0.025165492668747902,1.7425537109375,0.0010319820139557123,0.0010365101043134928,0.036797720938920975,0.9897426962852478
11450,6,0.02752193622291088,0.0011128762271255255,0.026409059762954712,1.7776083946228027,0.0011543069267645478,0.0011542971478775144,0.038718581199645996,0.9911767244338989
11500,6,0.025791997089982033,0.0009576580487191677,0.024834338575601578,1.865242600440979,0.0010213898494839668,0.0010221190750598907,0.03716171905398369,0.9902509450912476
11550,6,0.025207309052348137,0.0010347426868975163,0.024172566831111908,1.8051156997680664,0.0011605981271713972,0.0011642029276117682,0.03655768930912018,0.991759181022644
11600,6,0.025438396260142326,0.0008802751544862986,0.02455812133848667,1.7678754329681396,0.0011656507849693298,0.001163584878668189,0.036607008427381516,0.9918225407600403
11650,6,0.024155957624316216,0.0009964755736291409,0.023159481585025787,1.859098196029663,0.0013684916775673628,0.0013665921287611127,0.03618653118610382,0.9921380281448364
11700,6,0.02366871014237404,0.0009476587874814868,0.022721052169799805,1.747939109802246,0.0011664057383313775,0.0011660464806482196,0.034740857779979706,0.9902083873748779
11750,6,0.026807941496372223,0.0009839525446295738,0.025823989883065224,1.7883312702178955,0.0010714349336922169,0.0010667077731341124,0.03788774088025093,0.987861692905426
11800,6,0.027752133086323738,0.0010970714502036572,0.026655061170458794,1.808912992477417,0.001441607135348022,0.0014415617333725095,0.039679866284132004,0.9897361993789673
11850,6,0.02579806186258793,0.0009861913276836276,0.024811871349811554,1.8363134860992432,0.001096156076528132,0.0010908545227721334,0.03716664016246796,0.9931800365447998
11900,6,0.028113603591918945,0.0009795567020773888,0.02713404782116413,1.7843782901763916,0.001100029214285314,0.0010988295543938875,0.039234355092048645,0.9903035759925842
11950,6,0.025584286078810692,0.0009402605937793851,0.024644024670124054,1.824625015258789,0.001073450781404972,0.0010769993532449007,0.036857862025499344,0.9909820556640625
12000,6,0.030096786096692085,0.0010612106416374445,0.029035575687885284,1.7463866472244263,0.0009286039276048541,0.0009245382389053702,0.0406818613409996,0.9905357360839844
12050,6,0.024066463112831116,0.0009207086404785514,0.023145753890275955,1.8181267976760864,0.000874650664627552,0.0008756575407460332,0.03490740433335304,0.9918622970581055
12100,6,0.026691537350416183,0.0010121027007699013,0.025679433718323708,1.82753586769104,0.0012168118264526129,0.0012158360332250595,0.038261864334344864,0.9904898405075073
12150,6,0.02684236317873001,0.000936551601625979,0.02590581215918064,1.7694098949432373,0.0008996700053103268,0.0008981103310361505,0.03748719394207001,0.9920521378517151
12200,6,0.024567650631070137,0.0009758372907526791,0.023591812700033188,1.7834084033966064,0.0010024181101471186,0.0010044215014204383,0.03549153357744217,0.9907727241516113
12250,6,0.024665838107466698,0.0007131476886570454,0.02395269088447094,1.731128454208374,0.0010336943669244647,0.0010329893557354808,0.03538816422224045,0.9917188882827759
12300,6,0.026152988895773888,0.0010174378985539079,0.025135550647974014,1.7703454494476318,0.0012898624408990145,0.0012907881755381823,0.037585366517305374,0.9907451868057251
12350,6,0.0266472939401865,0.0011458538938313723,0.025501439347863197,1.8194787502288818,0.0011325537925586104,0.001133572543039918,0.038010817021131516,0.9916577339172363
12400,6,0.026111280545592308,0.0010529698338359594,0.025058310478925705,1.9053418636322021,0.0013238301035016775,0.0013260968262329698,0.03828791528940201,0.9917740821838379
12450,6,0.025457939133048058,0.001066630706191063,0.024391308426856995,1.8582273721694946,0.001132448436692357,0.0011297175660729408,0.037011243402957916,0.992323637008667
12500,6,0.027230020612478256,0.0009688022546470165,0.026261217892169952,1.859190821647644,0.0011881263926625252,0.0011884470004588366,0.03890254721045494,0.9905804395675659
12550,6,0.0258890762925148,0.000895043252967298,0.024994032457470894,1.6119948625564575,0.0011583645828068256,0.0011567720212042332,0.03626418858766556,0.9900768995285034
12600,6,0.025178777053952217,0.0007971093291416764,0.024381667375564575,1.7295658588409424,0.0009743570699356496,0.00097199174342677,0.03577295318245888,0.9940845370292664
12650,6,0.02832193858921528,0.0010088762501254678,0.02731306292116642,1.772255301475525,0.001058785943314433,0.0010579440277069807,0.039299942553043365,0.9932427406311035
12700,6,0.027573781087994576,0.0010970323346555233,0.026476748287677765,1.9149765968322754,0.001064622774720192,0.001063780509866774,0.03927706554532051,0.9948116540908813
12750,6,0.02448210120201111,0.0009768838062882423,0.02350521832704544,1.770371913909912,0.001206489629112184,0.0012067327043041587,0.03574718162417412,0.9932348132133484
12800,6,0.025829007849097252,0.0009606957901269197,0.0248683113604784,1.6874192953109741,0.001385081559419632,0.001380573259666562,0.037031758576631546,0.9935382008552551
12850,6,0.0263302493840456,0.0009623251389712095,0.025367924943566322,1.8587162494659424,0.0010223842691630125,0.0010215940419584513,0.037667807191610336,0.9916102886199951
12900,6,0.0244499109685421,0.0008790439460426569,0.023570867255330086,1.8832776546478271,0.0009107586229220033,0.0009066939237527549,0.035683754831552505,0.9922308921813965
12950,6,0.026948589831590652,0.000990578206256032,0.02595801092684269,1.6644699573516846,0.001004808465950191,0.0010042620124295354,0.03728001192212105,0.990468442440033
13000,6,0.026012584567070007,0.0009977846639230847,0.02501479908823967,1.847930669784546,0.0011703700292855501,0.0011717175366356969,0.03759432211518288,0.9935010671615601
13050,6,0.025738826021552086,0.0010265137534588575,0.02471231296658516,1.8516592979431152,0.0011732233688235283,0.001175522687844932,0.03734586760401726,0.9918332695960999
13100,6,0.025301499292254448,0.000855873164255172,0.024445626884698868,1.74033522605896,0.0009738643420860171,0.0009736553183756769,0.03595069423317909,0.9913031458854675
13150,6,0.02437085285782814,0.000987575389444828,0.023383278399705887,1.8188836574554443,0.0009710397571325302,0.0009726668358780444,0.035408977419137955,0.9911749362945557
13200,6,0.022411370649933815,0.0008000115631148219,0.02161135897040367,1.762887716293335,0.0007935019675642252,0.0007911474676802754,0.032810457050800323,0.99330073595047
13250,6,0.027830056846141815,0.0007449553231708705,0.02708510123193264,1.8403899669647217,0.0008995409007184207,0.0008920675609260798,0.03882361575961113,0.991914689540863
13300,6,0.02519163489341736,0.0009407703764736652,0.02425086498260498,1.8412561416625977,0.001072620041668415,0.0010708405170589685,0.036541376262903214,0.9921398758888245
13350,6,0.02430221438407898,0.0008174563990905881,0.02348475717008114,1.8765286207199097,0.0010985038243234158,0.001101457397453487,0.03588481992483139,0.9913965463638306
13400,6,0.02532230131328106,0.00086454045958817,0.024457760155200958,1.7718415260314941,0.0010518033523112535,0.0010562597308307886,0.03628957271575928,0.9944000244140625
13450,6,0.025798067450523376,0.0009725905256345868,0.024825476109981537,1.8355205059051514,0.001111371791921556,0.0011071083135902882,0.0371941514313221,0.993160605430603
13500,6,0.025271162390708923,0.0008746173698455095,0.024396544322371483,1.6764328479766846,0.0009301682002842426,0.0009288564324378967,0.035512350499629974,0.992218017578125
13550,7,0.02717685140669346,0.0011083376593887806,0.026068514212965965,1.820799469947815,0.0009107745136134326,0.000907369889318943,0.03809899091720581,0.9923228025436401
13600,7,0.026215465739369392,0.0009682817617431283,0.025247184559702873,1.800158977508545,0.001134239137172699,0.0011331909336149693,0.03748369216918945,0.991986870765686
13650,7,0.025065798312425613,0.0008202153258025646,0.02424558252096176,1.7433778047561646,0.0011073227506130934,0.0011050375178456306,0.03599504753947258,0.9922693967819214
13700,7,0.024943726137280464,0.0011026803404092789,0.023841045796871185,1.774916410446167,0.0011354952584952116,0.0011325590312480927,0.03608636185526848,0.9918105006217957
13750,7,0.024888714775443077,0.0009537742007523775,0.02393493987619877,1.639716625213623,0.0010020637419074774,0.0010018956381827593,0.03509125858545303,0.992782473564148
13800,7,0.025048648938536644,0.0009422906441614032,0.024106359109282494,1.788825273513794,0.0011406070552766323,0.0011374151799827814,0.03627079725265503,0.9901555776596069
13850,7,0.026281461119651794,0.0009415020467713475,0.02533995918929577,1.7591168880462646,0.0009655439644120634,0.0009617630857974291,0.03700435534119606,0.9934027194976807
13900,7,0.0252238642424345,0.0007903699297457933,0.024433493614196777,1.8160603046417236,0.0008944075088948011,0.000897275167517364,0.03609584644436836,0.99197918176651
13950,7,0.024774344637989998,0.0009035607217811048,0.023870784789323807,1.8121905326843262,0.0013520175125449896,0.0013397991424426436,0.0365271158516407,0.9934130311012268
14000,7,0.02573721669614315,0.0008023695554584265,0.02493484690785408,1.68940269947052,0.0009855796815827489,0.0009844969026744366,0.03615430369973183,0.9932782649993896
14050,7,0.027037255465984344,0.0011696595465764403,0.02586759626865387,1.7806756496429443,0.001304948702454567,0.0013026810484007,0.03854826092720032,0.9933997392654419
14100,7,0.025205157697200775,0.0008890524040907621,0.024316105991601944,1.7841001749038696,0.0013436209410429,0.0013445423683151603,0.03681382164359093,0.9915649890899658
14150,7,0.02525678649544716,0.001230380730703473,0.024026405066251755,1.8424701690673828,0.0009659887291491032,0.0009710434824228287,0.03640616685152054,0.9951165914535522
14200,7,0.026753032580018044,0.000895467703230679,0.02585756406188011,1.6702454090118408,0.0011154357343912125,0.0011115054367110133,0.03733120113611221,0.9923022389411926
14250,7,0.02599942870438099,0.0010474292794242501,0.024952000007033348,1.7371900081634521,0.0011607154738157988,0.0011588649358600378,0.03700496256351471,0.9934137463569641
14300,7,0.026827372610569,0.0009847308974713087,0.025842642411589622,1.698303461074829,0.001208929461427033,0.001208229223266244,0.03773604705929756,0.9948863387107849
14350,7,0.02593216300010681,0.001041284529492259,0.024890879169106483,1.6640467643737793,0.0009970669634640217,0.0009929232764989138,0.03624238818883896,0.9946134090423584
14400,7,0.02336175926029682,0.0010343105532228947,0.022327449172735214,1.880499005317688,0.0012389745097607374,0.0012400953564792871,0.03524332493543625,0.9927579164505005
14450,7,0.026792779564857483,0.0010047266259789467,0.02578805387020111,1.5970391035079956,0.0010586394928395748,0.0010603819973766804,0.036896996200084686,0.9946631193161011
14500,7,0.026490746065974236,0.0010481290519237518,0.025442617014050484,1.7484371662139893,0.0010451332200318575,0.0010391835821792483,0.037317246198654175,0.99653160572052
14550,7,0.026378432288765907,0.0010818183654919267,0.025296613574028015,1.8215487003326416,0.000858711136970669,0.0008579526329413056,0.03720283880829811,0.9936692714691162
14600,7,0.025411516427993774,0.0011319511104375124,0.02427956461906433,1.7056422233581543,0.0010187237057834864,0.0010159146040678024,0.03597436472773552,0.993904709815979
14650,7,0.026334144175052643,0.0009295495110563934,0.025404594838619232,1.8515887260437012,0.001100323162972927,0.0011001979000866413,0.03779260814189911,0.9936336278915405
14700,7,0.025154508650302887,0.0009244499378837645,0.02423005923628807,1.7076263427734375,0.0012576995650306344,0.0012595083098858595,0.036209847778081894,0.9918715357780457
14750,7,0.027524322271347046,0.0009129876270890236,0.026611335575580597,1.7366552352905273,0.0008695482974871993,0.0008646893547847867,0.037941835820674896,0.994446873664856
14800,7,0.02680107392370701,0.0009579461766406894,0.025843128561973572,1.6784203052520752,0.0008823253447189927,0.0008831028826534748,0.03695860505104065,0.9942432641983032
14850,7,0.0295560285449028,0.0011018915101885796,0.028454136103391647,1.6862105131149292,0.000977371702902019,0.0009731327882036567,0.039937589317560196,0.9947191476821899
14900,7,0.025801299139857292,0.0009212302975356579,0.024880068376660347,1.6756210327148438,0.0010653857607394457,0.0010616304352879524,0.03630642220377922,0.9930697679519653
14950,7,0.024396460503339767,0.0008943055290728807,0.023502154275774956,1.7573984861373901,0.0008173345122486353,0.0008187651401385665,0.034819550812244415,0.9936895966529846
15000,7,0.027625679969787598,0.0012427596375346184,0.026382919400930405,1.733556866645813,0.001163408742286265,0.0011657526483759284,0.038622625172138214,0.9945186972618103
15050,7,0.02813234180212021,0.0007610704633407295,0.027371270582079887,1.7333320379257202,0.001132444478571415,0.0011328822001814842,0.039064329117536545,0.9946783781051636
15100,7,0.028309285640716553,0.00103404198307544,0.027275243774056435,1.9239000082015991,0.0011521343840286136,0.0011489420430734754,0.04022986441850662,0.9951817989349365
15150,7,0.027728097513318062,0.0009261281811632216,0.02680196985602379,1.6976760625839233,0.0008845070260576904,0.0008875130442902446,0.03798849880695343,0.992763102054596
15200,7,0.022806022316217422,0.0006615595193579793,0.022144462913274765,1.842915654182434,0.0007853225688450038,0.000784228672273457,0.03359014913439751,0.9935444593429565
15250,7,0.025073261931538582,0.000970258901361376,0.02410300262272358,1.841320514678955,0.0010210616746917367,0.0010214141802862287,0.03632234036922455,0.9942665696144104
15300,7,0.027117863297462463,0.0008984655141830444,0.02621939778327942,1.670012354850769,0.0009355763904750347,0.0009323853882960975,0.03733588382601738,0.993695855140686
15350,7,0.025739755481481552,0.000896962359547615,0.024842793121933937,1.806509256362915,0.0010122312232851982,0.001008069608360529,0.03679260239005089,0.9938689470291138
15400,7,0.023832473903894424,0.0009412657236680388,0.02289120852947235,1.706586480140686,0.001036138623021543,0.0010332227684557438,0.034434765577316284,0.994830846786499
15450,7,0.0245722234249115,0.0009530587121844292,0.023619165644049644,1.775722861289978,0.0010868790559470654,0.001089974190108478,0.03562769293785095,0.9948861598968506
15500,7,0.025804726406931877,0.0009461844456382096,0.024858541786670685,1.7500016689300537,0.0010351912351325154,0.0010315733961760998,0.03662149980664253,0.9937684535980225
15550,7,0.02694994956254959,0.0009620476048439741,0.025987902656197548,1.66445791721344,0.001164042390882969,0.0011657041031867266,0.03760198876261711,0.9942023754119873
15600,7,0.028510674834251404,0.0009576743468642235,0.027552999556064606,1.8120510578155518,0.001228106440976262,0.0012283693067729473,0.04002740606665611,0.993158221244812
15650,7,0.02211960032582283,0.0008083870634436607,0.021311212331056595,1.8522682189941406,0.0013321670703589916,0.0013324602041393518,0.034045565873384476,0.993729829788208
15700,7,0.024887731298804283,0.0010920653585344553,0.02379566617310047,1.7727680206298828,0.000862764660269022,0.0008610602235421538,0.03547539561986923,0.9921818971633911
15750,7,0.024210114032030106,0.0010134598705917597,0.02319665439426899,1.814802885055542,0.0011647081701084971,0.0011628026841208339,0.03561163693666458,0.9938514232635498
15800,8,0.028150007128715515,0.0012026616604998708,0.026947345584630966,1.6842740774154663,0.00116925744805485,0.0011641846504062414,0.038904819637537,0.995288610458374
15850,8,0.025786831974983215,0.0013412076514214277,0.02444562502205372,1.7618836164474487,0.001450906740501523,0.0014465749263763428,0.03749373182654381,0.9942232370376587
15900,8,0.02818579412996769,0.0009660611394792795,0.027219733223319054,1.76816987991333,0.0012320142704993486,0.0012274652253836393,0.039486125111579895,0.9934278130531311
15950,8,0.02697257325053215,0.0009483018075115979,0.026024270802736282,1.7245984077453613,0.0010208203457295895,0.0010195926297456026,0.03763597831130028,0.992844820022583
16000,8,0.027110861614346504,0.0011701863259077072,0.025940675288438797,1.8367924690246582,0.0009962080512195826,0.0009978393791243434,0.03828887268900871,0.9945419430732727
16050,8,0.02659824676811695,0.0010117902420461178,0.025586456060409546,1.6583302021026611,0.001162010245025158,0.001164486282505095,0.037216395139694214,0.994255781173706
16100,8,0.027158645913004875,0.0009776409715414047,0.02618100494146347,1.7535710334777832,0.0012006079778075218,0.0012025258038192987,0.03832963481545448,0.9949802160263062
16150,8,0.02632930874824524,0.0010233796201646328,0.02530592866241932,1.6217906475067139,0.0010845566866919398,0.0010863365605473518,0.03660915419459343,0.994232714176178
16200,8,0.026060916483402252,0.000988251413218677,0.025072665885090828,1.635787010192871,0.0011208964278921485,0.0011187028139829636,0.03647945076227188,0.9916157722473145
16250,8,0.028136422857642174,0.0009508541552349925,0.02718556858599186,1.7222437858581543,0.0010442453203722835,0.001046311459504068,0.03883820027112961,0.9931341409683228
16300,8,0.02542020007967949,0.0010926849208772182,0.024327514693140984,1.7596579790115356,0.0011811555596068501,0.0011813968885689974,0.036581043154001236,0.9927958846092224
16350,8,0.024997534230351448,0.0009503024630248547,0.024047231301665306,1.720354676246643,0.0011216968996450305,0.0011179775465279818,0.035838983952999115,0.9918686747550964
16400,8,0.026467153802514076,0.0010523818200454116,0.02541477233171463,1.6839373111724854,0.0012753925984725356,0.0012746744323521852,0.03743690624833107,0.9930310249328613
16450,8,0.025324780493974686,0.0009074491681531072,0.0244173314422369,1.676015853881836,0.0009419757407158613,0.0009401108254678547,0.035586945712566376,0.992991030216217
16500,8,0.025790387764573097,0.0010301083093509078,0.024760279804468155,1.687952995300293,0.0014321254566311836,0.0014292099513113499,0.037091486155986786,0.9931586980819702
16550,8,0.028138309717178345,0.0009837322868406773,0.027154577895998955,1.7499852180480957,0.0009669999126344919,0.0009666300611570477,0.03882186487317085,0.994514524936676
16600,8,0.02551213838160038,0.0008698219317011535,0.02464231662452221,1.773378849029541,0.0010487835388630629,0.0010490452405065298,0.03647686168551445,0.991788387298584
16650,8,0.028142591938376427,0.001348010846413672,0.02679458074271679,1.6701793670654297,0.0010599035304039717,0.0010601738467812538,0.038613565266132355,0.9924228191375732
16700,8,0.024931181222200394,0.0008083818247541785,0.024122798815369606,1.8582632541656494,0.0010457329917699099,0.001043600495904684,0.03631183132529259,0.9926087856292725
16750,8,0.026923153549432755,0.0010011086706072092,0.02592204511165619,1.6978883743286133,0.0012700194492936134,0.0012664708774536848,0.0379490852355957,0.9914523363113403
16800,8,0.02640208788216114,0.0009116368601098657,0.025490451604127884,1.6813843250274658,0.0008989039924927056,0.0008986913599073887,0.03660660237073898,0.9929916262626648
16850,8,0.02704627253115177,0.001016548601910472,0.02602972462773323,1.7062240839004517,0.001031097723171115,0.0010291680227965117,0.037637658417224884,0.9927369356155396
16900,8,0.023308787494897842,0.0008688236703164876,0.02243996411561966,1.6160072088241577,0.001000103773549199,0.0009975298307836056,0.033386457711458206,0.992655873298645
16950,8,0.024370141327381134,0.0008515039226040244,0.0235186368227005,1.739908218383789,0.0014144221786409616,0.0014161102008074522,0.035900212824344635,0.9908261299133301
17000,8,0.02520046755671501,0.0008506099693477154,0.02434985712170601,1.743757963180542,0.0010194256901741028,0.001018886687234044,0.035957567393779755,0.9930921792984009
17050,8,0.0258820541203022,0.0009821190033107996,0.024899935349822044,1.744526982307434,0.0010204254649579525,0.001016733585856855,0.03664185106754303,0.9936953783035278
17100,8,0.026490090414881706,0.0009277275530621409,0.025562362745404243,1.725095272064209,0.0012729126028716564,0.0012747328728437424,0.037663210183382034,0.9920605421066284
17150,8,0.025430874899029732,0.0009642220102250576,0.024466652423143387,1.6805267333984375,0.001123932539485395,0.001120029715821147,0.03607746958732605,0.9933068752288818
17200,8,0.02285396307706833,0.0008322796202264726,0.022021682932972908,1.9576196670532227,0.001136999693699181,0.0011379886418581009,0.03491704910993576,0.9926466345787048
17250,8,0.025849727913737297,0.0009724945994094014,0.024877233430743217,1.5921040773391724,0.0010182700352743268,0.001019737683236599,0.03584825247526169,0.9927480220794678
17300,8,0.027281219139695168,0.0008880109526216984,0.026393208652734756,1.6049022674560547,0.0010177018120884895,0.0010152836330235004,0.03733871504664421,0.9922507405281067
17350,8,0.026601986959576607,0.0008780970238149166,0.025723889470100403,1.648629903793335,0.001097637927159667,0.0010954285971820354,0.037038203328847885,0.9925624132156372
17400,8,0.026386218145489693,0.0009747414151206613,0.02541147731244564,1.7851057052612305,0.0008994285017251968,0.0008999660494737327,0.03711114078760147,0.992159903049469
17450,8,0.026730971410870552,0.0008696330478414893,0.025861337780952454,1.6297764778137207,0.0008823833777569234,0.0008802350494079292,0.03664247319102287,0.9920154809951782
17500,8,0.02616354078054428,0.0009191225981339812,0.025244418531656265,1.8889498710632324,0.0010747499763965607,0.0010716791730374098,0.03775472193956375,0.9932882189750671
17550,8,0.025380438193678856,0.0010007726959884167,0.024379665032029152,1.6278209686279297,0.0009293085895478725,0.0009268294088542461,0.0353756807744503,0.993902325630188
17600,8,0.02733655832707882,0.0010810666717588902,0.026255492120981216,1.7465875148773193,0.0011941560078412294,0.0011912612244486809,0.03845491632819176,0.9937041997909546
17650,8,0.0255674310028553,0.001041632378473878,0.024525798857212067,1.7285051345825195,0.001059338916093111,0.0010609510354697704,0.036330245435237885,0.9935840964317322
17700,8,0.025410259142518044,0.001136006903834641,0.024274252355098724,1.529268741607666,0.0009848256595432758,0.0009863009909167886,0.035027727484703064,0.9930959939956665
17750,8,0.026849843561649323,0.001050804741680622,0.025799039751291275,1.757338523864746,0.0012412976939231157,0.001241913065314293,0.03811974823474884,0.9944511651992798
17800,8,0.024548687040805817,0.0010004343930631876,0.023548252880573273,1.6244608163833618,0.000855655875056982,0.000853774487040937,0.03438042104244232,0.993409276008606
17850,8,0.022906186059117317,0.0008705212967470288,0.022035663947463036,1.6736536026000977,0.0009404837037436664,0.0009361328557133675,0.03315106779336929,0.9923692941665649
17900,8,0.024431804195046425,0.0009470329387113452,0.023484772071242332,1.7218859195709229,0.0010358236031606793,0.0010377044091001153,0.03511475771665573,0.9942489862442017
17950,8,0.026155773550271988,0.0008060071850195527,0.02534976601600647,1.686143398284912,0.0008628999348729849,0.0008593820384703577,0.03630877286195755,0.9926156997680664
18000,8,0.02726990170776844,0.0009844191372394562,0.026285482570528984,1.6678714752197266,0.0008602936286479235,0.000858756247907877,0.03732831031084061,0.993227481842041
18050,9,0.026880459859967232,0.001160348067060113,0.025720112025737762,1.6976935863494873,0.0009497739374637604,0.0009459442226216197,0.03726464509963989,0.9936109781265259
18100,9,0.026914939284324646,0.0009476547129452229,0.02596728503704071,1.583376169204712,0.0009499301668256521,0.0009477438870817423,0.03672949597239494,0.9901650547981262
18150,9,0.02779698185622692,0.0009148913086391985,0.02688208967447281,1.7562742233276367,0.001083215232938528,0.001077896449714899,0.038739465177059174,0.9947260618209839
18200,9,0.023983007296919823,0.0009003350278362632,0.02308267168700695,1.6670633554458618,0.0008240030147135258,0.0008235854329541326,0.03396591171622276,0.9948979616165161
18250,9,0.023876290768384933,0.0009237310732714832,0.02295256033539772,1.618971347808838,0.0008247654186561704,0.0008239130838774145,0.03361982852220535,0.9923282861709595
18300,9,0.02626039832830429,0.0014721413608640432,0.024788256734609604,1.7347923517227173,0.0011063822312280536,0.0011077263625338674,0.03714846819639206,0.9923900961875916
18350,9,0.027223831042647362,0.0009590722620487213,0.02626475878059864,1.8442623615264893,0.0008623690810054541,0.0008649504743516445,0.038172461092472076,0.9935463666915894
18400,9,0.02520676702260971,0.000977643532678485,0.024229124188423157,1.6806143522262573,0.0011805668473243713,0.001179502927698195,0.03596990555524826,0.9934313297271729
18450,9,0.02663561701774597,0.0009803897701203823,0.025655226781964302,1.6945152282714844,0.0010093720629811287,0.0010117327328771353,0.037129297852516174,0.994356632232666
18500,9,0.0250707920640707,0.0010744559112936258,0.02399633638560772,1.6539044380187988,0.001418371801264584,0.0014219891745597124,0.03618067502975464,0.9933152198791504
18550,9,0.025759931653738022,0.0009714100160636008,0.024788521230220795,1.7426226139068604,0.0009757489897310734,0.0009747399017214775,0.03642353415489197,0.9942367672920227
18600,9,0.023873481899499893,0.0008709320100024343,0.02300255000591278,1.7043815851211548,0.0009789385367184877,0.0009808555478230119,0.03435518220067024,0.9940692782402039
18650,9,0.023792706429958344,0.0009362725540995598,0.02285643480718136,1.6835598945617676,0.0011294204741716385,0.0011288255918771029,0.03446875140070915,0.9960988759994507
18700,9,0.024905012920498848,0.0009476789855398238,0.023957334458827972,1.7420607805252075,0.0009741774993017316,0.0009715102496556938,0.035561006516218185,0.9955366849899292
18750,9,0.024880236014723778,0.0010105021065101027,0.02386973425745964,1.668906331062317,0.0011486489092931151,0.0011477165389806032,0.03552113473415375,0.9937066435813904
18800,9,0.026714911684393883,0.0010287336772307754,0.025686178356409073,1.703129529953003,0.000828570919111371,0.0008288733661174774,0.0368880033493042,0.9929249882698059
18850,9,0.024746352806687355,0.0009355787187814713,0.023810774087905884,1.733673334121704,0.000704087084159255,0.0007014714065007865,0.034820280969142914,0.9950401782989502
18900,9,0.024334505200386047,0.0008823513053357601,0.023452153429389,1.6912785768508911,0.0009452941012568772,0.0009435169631615281,0.03467971086502075,0.9919297099113464
18950,9,0.02773175574839115,0.0009470313671045005,0.02678472362458706,1.6994645595550537,0.0009703143732622266,0.0009702873649075627,0.038169678300619125,0.9933857321739197
19000,9,0.023910297080874443,0.0012159126345068216,0.022694384679198265,1.6866337060928345,0.0014243435580283403,0.001419880660250783,0.03518769145011902,0.9931259751319885
19050,9,0.023775838315486908,0.0009527827496640384,0.02282305620610714,1.6092063188552856,0.0010215201182290912,0.0010210024192929268,0.03386439383029938,0.9945119023323059
19100,9,0.024190502241253853,0.000852308701723814,0.02333819307386875,1.6978120803833008,0.0009219818748533726,0.0009199270862154663,0.034521471709012985,0.9948920011520386
19150,9,0.025003837421536446,0.0008563888259232044,0.02414744906127453,1.6666979789733887,0.0008263372001238167,0.0008247158257290721,0.03498837724328041,0.9924985766410828
19200,9,0.026684317737817764,0.0009805617155507207,0.025703756138682365,1.748028039932251,0.0010738123673945665,0.0010730288922786713,0.037571296095848083,0.9929729700088501
19250,9,0.02629014290869236,0.0011092928471043706,0.02518085017800331,1.719328761100769,0.0011109400074929,0.0011124409502372146,0.037110164761543274,0.9947081804275513
19300,9,0.025494201108813286,0.0009013345115818083,0.024592867121100426,1.6323964595794678,0.0009035647963173687,0.00090393191203475,0.03546367958188057,0.9930880069732666
19350,9,0.02590666525065899,0.0008836272172629833,0.02502303756773472,1.6080411672592163,0.000926651933696121,0.0009265722474083304,0.03580009564757347,0.9935822486877441
19400,9,0.026923680678009987,0.001023102318868041,0.025900578126311302,1.7398916482925415,0.0009062984026968479,0.000908197951503098,0.03743763640522957,0.9939903616905212
19450,9,0.025625813752412796,0.0008821301162242889,0.024743683636188507,1.6114590167999268,0.0007924555102363229,0.0007925824029371142,0.0352681465446949,0.9934623837471008
19500,9,0.023107852786779404,0.0009134947322309017,0.022194357588887215,1.7254226207733154,0.0008434095652773976,0.0008427582215517759,0.03342113271355629,0.9942245483398438
19550,9,0.0260687917470932,0.0009242465603165329,0.02514454536139965,1.737200140953064,0.0008531217463314533,0.0008523706346750259,0.036460284143686295,0.9963185787200928
19600,9,0.026111312210559845,0.0009609945700503886,0.025150317698717117,1.7060765027999878,0.0010906662791967392,0.0010905023664236069,0.036822862923145294,0.9943199753761292
19650,9,0.02341984584927559,0.0007874167058616877,0.022632429376244545,1.7384427785873413,0.0010466057574376464,0.001043069176375866,0.0342017337679863,0.9945597648620605
19700,9,0.025525009259581566,0.0009470387594774365,0.024577969685196877,1.690248966217041,0.0009344493155367672,0.000939542951527983,0.035850245505571365,0.9920898675918579
19750,9,0.022935857996344566,0.0009654833702370524,0.021970374509692192,1.6808476448059082,0.001154876546934247,0.0011531723430380225,0.03364814445376396,0.9929891228675842
19800,9,0.025567596778273582,0.0009889607317745686,0.0245786365121603,1.7393512725830078,0.0008233420085161924,0.0008201077580451965,0.0359078012406826,0.9933353662490845
19850,9,0.02429397590458393,0.0010142610408365726,0.023279715329408646,1.591540813446045,0.001035626046359539,0.0010328777134418488,0.03432018309831619,0.9955499172210693
19900,9,0.02394534833729267,0.0010320062283426523,0.022913342341780663,1.707327127456665,0.0008735274896025658,0.0008743857033550739,0.03422989696264267,0.9945799708366394
19950,9,0.023831740021705627,0.001077399356290698,0.02275434136390686,1.8149389028549194,0.0010658627143129706,0.0010671588825061917,0.03503945842385292,0.9937210083007812
20000,9,0.02822561003267765,0.0008748736581765115,0.027350736781954765,1.6584181785583496,0.0010326469782739878,0.0010318320710211992,0.03858217969536781,0.9960243701934814
20050,9,0.023554125800728798,0.0009604125516489148,0.02259371243417263,1.7231338024139404,0.0010559256188571453,0.0010527422418817878,0.03427846357226372,0.9939800500869751
20100,9,0.024771442636847496,0.0010256480891257524,0.023745793849229813,1.6622648239135742,0.000877237063832581,0.0008754718583077192,0.03483547642827034,0.9961594343185425
20150,9,0.02550935558974743,0.0008862632093951106,0.024623092263936996,1.5984783172607422,0.000886571709997952,0.0008888174197636545,0.03527713567018509,0.9938466548919678
20200,9,0.02569437026977539,0.0011602062731981277,0.024534163996577263,1.6402342319488525,0.0009135499130934477,0.0009135042782872915,0.03572259470820427,0.9941336512565613
20250,9,0.02503453753888607,0.0013211960904300213,0.02371334098279476,1.609070062637329,0.0009188400581479073,0.0009156391024589539,0.03491436690092087,0.9933213591575623
20300,9,0.02609180472791195,0.0010535379406064749,0.02503826655447483,1.6339936256408691,0.0008738458855077624,0.0008788583800196648,0.03601447492837906,0.995719313621521
20350,10,0.02338065207004547,0.0009254037868231535,0.02245524898171425,1.7009146213531494,0.000881489715538919,0.0008780036587268114,0.03364471718668938,0.9958608746528625
20400,10,0.024968646466732025,0.001006130944006145,0.023962516337633133,1.6715688705444336,0.0008320375345647335,0.0008294068975374103,0.03498793765902519,0.9944191575050354
20450,10,0.025969674810767174,0.0010277624242007732,0.024941911920905113,1.601452350616455,0.0009730955353006721,0.0009690964361652732,0.035919126123189926,0.9915517568588257
20500,10,0.021920060738921165,0.0007403366034850478,0.021179724484682083,1.6187949180603027,0.0008476419607177377,0.0008489906904287636,0.0317106656730175,0.9935396909713745
20550,10,0.025889093056321144,0.0010015703737735748,0.02488752268254757,1.7780120372772217,0.0009398847469128668,0.0009420231217518449,0.0366610623896122,0.9946267008781433
20600,10,0.02576570212841034,0.0011585409520193934,0.024607161059975624,1.7757024765014648,0.0007295787800103426,0.0007287738844752312,0.036102570593357086,0.9943960905075073
20650,10,0.024781065061688423,0.0008067575981840491,0.023974306881427765,1.6683317422866821,0.0008569038473069668,0.0008579912828281522,0.034837622195482254,0.9943459033966064
20700,10,0.024417759850621223,0.0009454843821004033,0.023472275584936142,1.6037373542785645,0.0010171323083341122,0.0010179386008530855,0.03447151556611061,0.9942660927772522
20750,10,0.022584382444620132,0.000882074236869812,0.02170230820775032,1.5544445514678955,0.0009542066836729646,0.0009538367157801986,0.032264649868011475,0.994452714920044
20800,10,0.026357019320130348,0.001007654471322894,0.025349365547299385,1.6342731714248657,0.0009139225585386157,0.0009130616090260446,0.03635536879301071,0.9944882988929749
20850,10,0.02583736926317215,0.0009214979945681989,0.024915872141718864,1.695302963256836,0.000945611041970551,0.0009421459981240332,0.03620164096355438,0.993639349937439
20900,10,0.021561140194535255,0.0009479385334998369,0.020613200962543488,1.5740342140197754,0.0007814436103217304,0.0007806036155670881,0.03099335916340351,0.9933015704154968
20950,10,0.023937469348311424,0.0008839345537126064,0.02305353432893753,1.553832769393921,0.0008758666226640344,0.0008711447007954121,0.03345364332199097,0.9936661720275879
21000,10,0.024844719097018242,0.0007982036331668496,0.024046516045928,1.610568881034851,0.0010500232456251979,0.0010475213639438152,0.03499510511755943,0.9918550848960876
21050,10,0.024192258715629578,0.0007917418843135238,0.02340051718056202,1.7125492095947266,0.0010047000832855701,0.0010038635227829218,0.03476356714963913,0.9932501912117004
21100,10,0.022625092417001724,0.0009045096230693161,0.021720582619309425,1.7762994766235352,0.0009841345017775893,0.0009816100355237722,0.03347233682870865,0.9947432279586792
21150,10,0.023844020441174507,0.0010462834034115076,0.022797737270593643,1.6709785461425781,0.0011522741988301277,0.0011534634977579117,0.03450465202331543,0.9940190315246582
21200,10,0.027574749663472176,0.001103232498280704,0.026471517980098724,1.5925748348236084,0.0009029870852828026,0.0009034469840116799,0.037344057112932205,0.995073139667511
21250,10,0.02365640364587307,0.0009040468139573932,0.02275235764682293,1.6501426696777344,0.001192477997392416,0.0011893939226865768,0.03428899124264717,0.9941591024398804
21300,10,0.027384674176573753,0.0011536912061274052,0.026230983436107635,1.7997565269470215,0.0009683651151135564,0.0009756362996995449,0.03832745924592018,0.9935039281845093
21350,10,0.024102184921503067,0.0009592440910637379,0.023142941296100616,1.5263936519622803,0.0008366613183170557,0.0008345406386069953,0.0334053561091423,0.9943033456802368
21400,10,0.02598097175359726,0.0010264769662171602,0.02495449408888817,1.6069931983947754,0.000955302151851356,0.0009538397425785661,0.03592507913708687,0.994347333908081
21450,10,0.025219988077878952,0.0008874960476532578,0.02433249168097973,1.6280559301376343,0.0009031224763020873,0.0009100970346480608,0.03517348691821098,0.9932810068130493
21500,10,0.024342743679881096,0.0008751687710173428,0.023467574268579483,1.672677993774414,0.0007738877320662141,0.0007748358766548336,0.034254856407642365,0.9948620200157166
21550,10,0.022261114791035652,0.0008944966248236597,0.02136661857366562,1.6777338981628418,0.000914672389626503,0.0009148367098532617,0.03247929364442825,0.9934730529785156
21600,10,0.025158876553177834,0.000934912299271673,0.024223964661359787,1.5176496505737305,0.0009728884324431419,0.0009769108146429062,0.034696921706199646,0.9924553632736206
21650,10,0.023728761821985245,0.000980149139650166,0.022748611867427826,1.6134514808654785,0.001041435869410634,0.001039771013893187,0.03387722745537758,0.9955806732177734
21700,10,0.0238280538469553,0.0008931722841225564,0.02293488197028637,1.5444061756134033,0.0007189379539340734,0.0007197170052677393,0.032988738268613815,0.9944252967834473
21750,10,0.021891290321946144,0.0008377840276807547,0.021053506061434746,1.5794672966003418,0.0008049900643527508,0.000805748684797436,0.03139936551451683,0.9952132105827332
21800,10,0.024804355576634407,0.001112144673243165,0.023692211136221886,1.6287283897399902,0.0009460654109716415,0.0009490090887993574,0.034843072295188904,0.9927980899810791
21850,10,0.023245766758918762,0.0008427653228864074,0.02240300178527832,1.5527265071868896,0.0008084431174211204,0.0008078438695520163,0.03262568637728691,0.9934536218643188
21900,10,0.024899687618017197,0.0008421915117651224,0.024057496339082718,1.522162914276123,0.0007837064331397414,0.0007843533530831337,0.03407856076955795,0.9941642880439758
21950,10,0.02401614747941494,0.0008304610382765532,0.023185687139630318,1.6672581434249878,0.0009152436396107078,0.0009154037106782198,0.034183088690042496,0.992757260799408
22000,10,0.02432866394519806,0.0009594238363206387,0.023369239643216133,1.713275671005249,0.000981857068836689,0.0009838222758844495,0.034860722720623016,0.9950433969497681
22050,10,0.024536600336432457,0.0009324625134468079,0.02360413782298565,1.650604009628296,0.000910693546757102,0.0009089478990063071,0.03460926190018654,0.9933143854141235
22100,10,0.021298309788107872,0.0008098746766336262,0.02048843540251255,1.6555871963500977,0.0007728103082627058,0.0007694921223446727,0.031118547543883324,0.9929108023643494
22150,10,0.022448081523180008,0.0008027796284295619,0.021645301952958107,1.5953419208526611,0.0009018781129270792,0.0008986126631498337,0.03222528472542763,0.9937626123428345
22200,10,0.024820704013109207,0.0009351676562801003,0.023885536938905716,1.5517133474349976,0.0008415094343945384,0.0008390974253416061,0.03425987437367439,0.9926673173904419
22250,10,0.024977082386612892,0.0010291333310306072,0.023947948589920998,1.805797815322876,0.0009173678699880838,0.000916184566449374,0.03583962470293045,0.991509199142456
22300,10,0.022639023140072823,0.0010036415187641978,0.021635381504893303,1.7401206493377686,0.0007775470148772001,0.0007766499184072018,0.0328938253223896,0.9905723333358765
22350,10,0.024120589718222618,0.0009043872123584151,0.02321620285511017,1.6259267330169678,0.0010450873523950577,0.0010437624296173453,0.034339070320129395,0.9957759380340576
22400,10,0.02407495118677616,0.0008233753032982349,0.023251576349139214,1.6128203868865967,0.0009621471399441361,0.0009616100578568876,0.034062810242176056,0.9942175149917603
22450,10,0.02126389928162098,0.0008372134179808199,0.020426684990525246,1.538377046585083,0.0008478977251797915,0.0008460851386189461,0.030649766325950623,0.992354154586792
22500,10,0.021427445113658905,0.0008323065703734756,0.020595138892531395,1.564844012260437,0.0007218208047561347,0.0007190292235463858,0.030692514032125473,0.9928274154663086
22550,10,0.022661693394184113,0.0007885368540883064,0.02187315560877323,1.6804614067077637,0.0008158210548572242,0.0008158625569194555,0.03269568458199501,0.9915785789489746
22600,11,0.021197497844696045,0.0010305250762030482,0.020166972652077675,1.754289150238037,0.0007485936512239277,0.0007501672953367233,0.031467705965042114,0.9911022186279297
22650,11,0.02273952029645443,0.0008071904303506017,0.02193232998251915,1.606441855430603,0.0007474829908460379,0.0007452312274836004,0.03226444125175476,0.9929935932159424
22700,11,0.023450743407011032,0.000871682190336287,0.02257906086742878,1.651362657546997,0.0010093783494085073,0.0010084883542731404,0.033725421875715256,0.9933746457099915
22750,11,0.022277817130088806,0.0009795018704608083,0.02129831537604332,1.653159499168396,0.001008792663924396,0.001009555533528328,0.03256196156144142,0.9931337833404541
22800,11,0.02243800088763237,0.000945871346630156,0.02149212919175625,1.7102829217910767,0.0009040069999173284,0.0009061763994395733,0.03279959782958031,0.9934623837471008
22850,11,0.02231513150036335,0.0008172123343683779,0.02149791829288006,1.7708265781402588,0.0009757928783074021,0.0009763624984771013,0.03312142193317413,0.9929214715957642
22900,11,0.02355068176984787,0.0009546962683089077,0.022595984861254692,1.5721827745437622,0.0008888949523679912,0.0008903115522116423,0.03319080173969269,0.993433952331543
22950,11,0.02505018748342991,0.0009329654858447611,0.02411722205579281,1.7143220901489258,0.001136725302785635,0.0011385626858100295,0.03589708358049393,0.9921779632568359
23000,11,0.023026568815112114,0.0008797150803729892,0.022146854549646378,1.8069536685943604,0.0007904717931523919,0.0007897153263911605,0.033641524612903595,0.9916121959686279
23050,11,0.024376973509788513,0.0009649256244301796,0.02341204695403576,1.702495813369751,0.001019157120026648,0.0010180971585214138,0.034926705062389374,0.9943846464157104
23100,11,0.024121902883052826,0.0009910566732287407,0.02313084714114666,1.7430133819580078,0.001052830833941698,0.0010568229481577873,0.03494662418961525,0.9926012754440308
23150,11,0.02221831865608692,0.0006935301935300231,0.021524788811802864,1.5736563205718994,0.0007600468234159052,0.0007598971133120358,0.03160654380917549,0.9923738241195679
23200,11,0.02422117069363594,0.0008632119279354811,0.02335795946419239,1.751999855041504,0.0008311779238283634,0.0008308617398142815,0.034643206745386124,0.9925451874732971
23250,11,0.022196227684617043,0.0008029213640838861,0.0213933065533638,1.6062171459197998,0.000759740883950144,0.0007563125109300017,0.0317433662712574,0.9942433834075928
23300,11,0.022850722074508667,0.0009524517809040844,0.021898269653320312,1.667482614517212,0.0008775668684393167,0.0008754867012612522,0.03294118866324425,0.9945656061172485
23350,11,0.023837801069021225,0.0009652459993958473,0.022872554138302803,1.5911228656768799,0.0009286770364269614,0.000926192500628531,0.0336482860147953,0.9923844337463379
23400,11,0.02162853814661503,0.0007939076749607921,0.020834630355238914,1.666131854057312,0.0009646447142586112,0.000964681210462004,0.03188852220773697,0.9925010800361633
23450,11,0.022729814052581787,0.0007931971922516823,0.02193661592900753,1.685295581817627,0.000976767623797059,0.0009745798306539655,0.033107638359069824,0.9932497143745422
23500,11,0.022698579356074333,0.0008844709955155849,0.02181410789489746,1.541595220565796,0.0008573345839977264,0.0008581316797062755,0.03212201967835426,0.9935739636421204
23550,11,0.02279059775173664,0.0007516038022004068,0.02203899435698986,1.7026231288909912,0.0007329947547987103,0.0007311284425668418,0.03276783600449562,0.9919395446777344
23600,11,0.022629324346780777,0.0008672594558447599,0.021762065589427948,1.7213764190673828,0.0009430068312212825,0.0009406573371961713,0.033119868487119675,0.992891252040863
23650,11,0.022354308515787125,0.0008180908625945449,0.021536218002438545,1.6290411949157715,0.000752799678593874,0.000753772328607738,0.03200608491897583,0.9914236068725586
23700,11,0.021590404212474823,0.0008705832296982408,0.020719820633530617,1.722827434539795,0.000858588027767837,0.0008570869686082006,0.03192021697759628,0.9925136566162109
23750,11,0.021474285051226616,0.0006604042137041688,0.02081388048827648,1.6537107229232788,0.0007868775282986462,0.0007884068181738257,0.03131812438368797,0.9930156469345093
23800,11,0.02162732556462288,0.0008177724666893482,0.020809553563594818,1.520850658416748,0.0007769960793666542,0.0007752688834443688,0.030783843249082565,0.9941052794456482
23850,11,0.022701067849993706,0.0007570027955807745,0.021944064646959305,1.6559512615203857,0.0008685730863362551,0.0008700911421328783,0.03271948918700218,0.992705225944519
23900,11,0.02360469289124012,0.0008702237973921001,0.022734468802809715,1.660926342010498,0.0008181566372513771,0.0008181928424164653,0.03354567289352417,0.9919145107269287
23950,11,0.023315533995628357,0.0007149126613512635,0.022600620985031128,1.7475011348724365,0.0008498094975948334,0.0008521004929207265,0.033754948526620865,0.9933887720108032
24000,11,0.02135038748383522,0.0006830967613495886,0.020667290315032005,1.547365427017212,0.0007982224924489856,0.000797231390606612,0.030682668089866638,0.9947591423988342
24050,11,0.024096548557281494,0.0008377446793019772,0.02325880341231823,1.557984709739685,0.0008490999462082982,0.0008512017666362226,0.0335867740213871,0.9931914806365967
24100,11,0.023546816781163216,0.0008488626917824149,0.02269795350730419,1.7975207567214966,0.0008243839256465435,0.000823382695671171,0.03418218716979027,0.9938189387321472
24150,11,0.02295622043311596,0.0010746443876996636,0.021881576627492905,1.5147790908813477,0.0008981808787211776,0.0008980202255770564,0.03232631832361221,0.9934186339378357
24200,11,0.020491043105721474,0.0008015104685910046,0.0196895319968462,1.443157434463501,0.000786503660492599,0.0007871886482462287,0.0292805228382349,0.9934267997741699
24250,11,0.023265354335308075,0.0010100638028234243,0.022255290299654007,1.6462751626968384,0.0009791941847652197,0.0009806352900341153,0.03345656022429466,0.9930161237716675
24300,11,0.02436368726193905,0.0008660041494295001,0.0234976839274168,1.593071460723877,0.0008031379547901452,0.0008050051401369274,0.03393718972802162,0.9942463636398315
24350,11,0.023961922153830528,0.0008697942830622196,0.023092128336429596,1.7671561241149902,0.0008795829489827156,0.0008802357478998601,0.0345575213432312,0.9937572479248047
24400,11,0.022031432017683983,0.0007569269509986043,0.0212745051831007,1.553558588027954,0.0007951183943077922,0.0007975659100338817,0.03139190748333931,0.9933552742004395
24450,11,0.023696627467870712,0.0010961738880723715,0.022600453346967697,1.587059736251831,0.000804086506832391,0.0008038940140977502,0.033239904791116714,0.9918840527534485
24500,11,0.02386050671339035,0.0009062171448022127,0.022954288870096207,1.5831406116485596,0.0008180785225704312,0.0008149306522682309,0.03340921923518181,0.9930145740509033
24550,11,0.023451467975974083,0.0009891041554510593,0.02246236428618431,1.568554401397705,0.000793993182014674,0.0007925074896775186,0.032880742102861404,0.9923308491706848
24600,11,0.02402614615857601,0.0008082656422629952,0.023217881098389626,1.6687976121902466,0.0007783599430695176,0.0007735912222415209,0.03392208740115166,0.9942153692245483
24650,11,0.02235148660838604,0.00070427474565804,0.02164721116423607,1.779515027999878,0.0009041458833962679,0.0009035937255248427,0.033056799322366714,0.9929863810539246
24700,11,0.022007057443261147,0.0008737813332118094,0.02113327570259571,1.5645415782928467,0.0009833036456257105,0.0009793851058930159,0.03179245442152023,0.9948898553848267
24750,11,0.022791065275669098,0.0008914635400287807,0.021899601444602013,1.5640865564346313,0.0007789996452629566,0.000776055152527988,0.03216655179858208,0.9943356513977051
24800,11,0.024401897564530373,0.000995915150269866,0.023405982181429863,1.720112919807434,0.0008121271384879947,0.000812133657746017,0.03462672233581543,0.9924138784408569
24850,12,0.023231204599142075,0.0007510135765187442,0.0224801916629076,1.6838362216949463,0.0007917256443761289,0.000791010563261807,0.033233121037483215,0.9927027821540833
24900,12,0.023622989654541016,0.0008481668774038553,0.022774823009967804,1.6460202932357788,0.0008000415982678533,0.000797863700427115,0.03345099464058876,0.9945775270462036
24950,12,0.02486557886004448,0.0008397655328735709,0.0240258127450943,1.5804705619812012,0.0007430939003825188,0.000738476577680558,0.034249503165483475,0.9938222169876099
25000,12,0.023926867172122,0.0009193437290377915,0.023007523268461227,1.672358512878418,0.0008436678908765316,0.0008448716253042221,0.0339771993458271,0.9949803352355957
25050,12,0.024070821702480316,0.0008557077962905169,0.02321511320769787,1.6548595428466797,0.0008531224448233843,0.0008525229059159756,0.03405076637864113,0.9936507344245911
25100,12,0.023579346016049385,0.0008238644804805517,0.02275548130273819,1.5456008911132812,0.000991626176983118,0.0009890522342175245,0.033288028091192245,0.9933837652206421
25150,12,0.023229042068123817,0.000805976684205234,0.022423066198825836,1.6852891445159912,0.0008394010365009308,0.0008386552799493074,0.03333354368805885,0.994774341583252
25200,12,0.02400861866772175,0.0009790387703105807,0.02302958071231842,1.5960990190505981,0.0009211143478751183,0.0009177158353850245,0.03382794186472893,0.9925395250320435
25250,12,0.02367505431175232,0.0008690368849784136,0.022806016728281975,1.665940284729004,0.0006567238597199321,0.0006545542273670435,0.03331603482365608,0.9935636520385742
25300,12,0.022944539785385132,0.000800122506916523,0.022144416347146034,1.5558154582977295,0.0007661604322493076,0.0007631854969076812,0.0322529636323452,0.9946733713150024
25350,12,0.022742243483662605,0.0008565884782001376,0.02188565582036972,1.596658706665039,0.0007427716045640409,0.0007421181071549654,0.03221042826771736,0.9922996163368225
25400,12,0.022579696029424667,0.0007503003580495715,0.02182939648628235,1.565485954284668,0.0006979708559811115,0.000698880001436919,0.031803976744413376,0.9916249513626099
25450,12,0.021963173523545265,0.000992419896647334,0.020970754325389862,1.6224665641784668,0.0007816748111508787,0.0007773421821184456,0.03163452073931694,0.9932611584663391
25500,12,0.022310204803943634,0.0008779818890616298,0.021432222798466682,1.5732052326202393,0.0008905215072445571,0.0008875717758201063,0.0319543220102787,0.9926791787147522
25550,12,0.022855326533317566,0.0009913560934364796,0.021863970905542374,1.5373587608337402,0.0008689606329426169,0.0008674610871821642,0.03227854147553444,0.9923291206359863
25600,12,0.022395197302103043,0.0008828513091430068,0.021512346342206,1.5182429552078247,0.0007635860238224268,0.0007648875471204519,0.031514883041381836,0.9927119612693787
25650,12,0.02237383835017681,0.0009386342717334628,0.0214352048933506,1.5841034650802612,0.0008270496036857367,0.0008264099596999586,0.03194781392812729,0.9911693334579468
25700,12,0.023074673488736153,0.0007401101756840944,0.022334562614560127,1.5838756561279297,0.0007094781030900776,0.0007079322822391987,0.03241145983338356,0.993047833442688
25750,12,0.023368922993540764,0.0008073537610471249,0.02256156876683235,1.6028149127960205,0.0007307787309400737,0.0007284983294084668,0.03284227475523949,0.9924008846282959
25800,12,0.022552872076630592,0.0007571300375275314,0.021795742213726044,1.5892822742462158,0.0009894969407469034,0.000986836850643158,0.03247561678290367,0.9906402826309204
25850,12,0.02499794028699398,0.000822819652967155,0.024175120517611504,1.5500304698944092,0.0008367226109839976,0.0008330605924129486,0.03441787511110306,0.9910842180252075
25900,12,0.020694401115179062,0.0009204903617501259,0.01977390982210636,1.6215238571166992,0.0007622017874382436,0.0007612890331074595,0.03032551147043705,0.9910418391227722
25950,12,0.023366134613752365,0.0008598134154453874,0.022506320849061012,1.6001050472259521,0.0006802339339628816,0.0006828303448855877,0.032729726284742355,0.9893032312393188
26000,12,0.020731696859002113,0.0007677109679207206,0.019963985309004784,1.548513412475586,0.000794856168795377,0.0007979451911523938,0.030067065730690956,0.9907597303390503
26050,12,0.021736012771725655,0.0007797391153872013,0.02095627412199974,1.664467453956604,0.0008520440896973014,0.0008490319596603513,0.03175942599773407,0.9926256537437439
26100,12,0.02130609005689621,0.0008061343105509877,0.020499955862760544,1.4531872272491455,0.0008193604298867285,0.0008172824745997787,0.03020866960287094,0.9908723831176758
26150,12,0.025607818737626076,0.0010542322415858507,0.024553585797548294,1.5858296155929565,0.0009328823070973158,0.0009330764878541231,0.035402923822402954,0.9921637177467346
26200,12,0.02421981655061245,0.000898395199328661,0.023321421816945076,1.5903434753417969,0.0008774293819442391,0.0008777018520049751,0.03392666205763817,0.9907468557357788
26250,12,0.023295029997825623,0.0010237065143883228,0.022271323949098587,1.61857271194458,0.0007829428650438786,0.0007838734891265631,0.032954711467027664,0.9928807020187378
26300,12,0.021218840032815933,0.0009244332322850823,0.02029440738260746,1.626754879951477,0.0010420912876725197,0.0010424123611301184,0.031437117606401443,0.9902893304824829
26350,12,0.02319624088704586,0.0009236888727173209,0.02227255143225193,1.472838044166565,0.000950898916926235,0.0009481768938712776,0.032459504902362823,0.988784909248352
26400,12,0.025521110743284225,0.0008711128029972315,0.024649998173117638,1.5798007249832153,0.0008102720021270216,0.0008089535403996706,0.03503934293985367,0.9897099733352661
26450,12,0.021776417270302773,0.0009740710956975818,0.020802346989512444,1.5663647651672363,0.0008481089025735855,0.0008463197737000883,0.03130267187952995,0.9903400540351868
26500,12,0.023952333256602287,0.0008177327108569443,0.02313460037112236,1.5211377143859863,0.0009947952348738909,0.0009963323827832937,0.033549148589372635,0.9894742965698242
26550,12,0.021930189803242683,0.0008351545548066497,0.021095035597682,1.5552961826324463,0.000730923842638731,0.0007279599085450172,0.031165553256869316,0.9902759790420532
26600,12,0.021831657737493515,0.0009349780157208443,0.020896680653095245,1.561971664428711,0.0006060480372980237,0.0006056813290342689,0.03085324540734291,0.9902777671813965
26650,12,0.02277270331978798,0.0008027702569961548,0.021969933062791824,1.5498647689819336,0.0008410898735746741,0.0008378538768738508,0.03220096975564957,0.9902463555335999
26700,12,0.023606693372130394,0.0008369320421479642,0.022769762203097343,1.6310617923736572,0.0008591072983108461,0.000858290062751621,0.03347939997911453,0.991782009601593
26750,12,0.02146243304014206,0.0007381406030617654,0.02072429284453392,1.5785189867019653,0.0007445974042639136,0.0007424065843224525,0.03084203042089939,0.9887001514434814
26800,12,0.023436151444911957,0.0007215274963527918,0.02271462418138981,1.562335729598999,0.0007655236404389143,0.0007664533914066851,0.03277980536222458,0.9907832741737366
26850,12,0.022675853222608566,0.0007348521030507982,0.02194100059568882,1.5765749216079712,0.0006276915082708001,0.0006282686954364181,0.031814686954021454,0.98997563123703
26900,12,0.022637223824858665,0.000914338743314147,0.021722884848713875,1.661062240600586,0.0009012328810058534,0.0008994619129225612,0.03274323046207428,0.990319013595581
26950,12,0.02459902875125408,0.000993876252323389,0.02360515296459198,1.6446101665496826,0.0008516893722116947,0.0008512390777468681,0.034525007009506226,0.9898418188095093
27000,12,0.021471379324793816,0.0007218598620966077,0.020749518647789955,1.6397898197174072,0.0008390321163460612,0.000838321284390986,0.03134768083691597,0.990294873714447
27050,12,0.023791443556547165,0.00095814757514745,0.022833295166492462,1.5420000553131104,0.001013023778796196,0.0010088409762829542,0.033523306250572205,0.991188645362854
27100,13,0.022298172116279602,0.000750136561691761,0.021548036485910416,1.5653918981552124,0.0007737739942967892,0.000774359330534935,0.031673263758420944,0.9911205768585205
27150,13,0.022988421842455864,0.0007961742812767625,0.022192247211933136,1.599785327911377,0.0007167230360209942,0.0007156168576329947,0.03241968899965286,0.9904179573059082
27200,13,0.02270350232720375,0.0007802181062288582,0.021923284977674484,1.5192328691482544,0.00104457326233387,0.0010434738360345364,0.032387714833021164,0.9908673763275146
27250,13,0.023151308298110962,0.0008610048098489642,0.02229030430316925,1.563177227973938,0.0007019848562777042,0.0007013452122919261,0.03237052634358406,0.9900032877922058
27300,13,0.02209831401705742,0.0007554573239758611,0.02134285680949688,1.7094931602478027,0.0009266501874662936,0.0009248282294720411,0.032497256994247437,0.9899572134017944
27350,13,0.022048762068152428,0.0007030779961496592,0.021345684304833412,1.5023314952850342,0.0009225738467648625,0.0009216534672304988,0.03140464425086975,0.9906070232391357
27400,13,0.02343037724494934,0.0009277520002797246,0.022502625361084938,1.6405491828918457,0.000791194150224328,0.0007907076505944133,0.033215027302503586,0.9906764626502991
27450,13,0.023494886234402657,0.0009700412629172206,0.022524844855070114,1.4882044792175293,0.0007242058054544032,0.0007260852726176381,0.03238620236515999,0.990801215171814
27500,13,0.0210324227809906,0.0008197043789550662,0.020212719216942787,1.5039260387420654,0.0007735105464234948,0.0007730314391665161,0.03009859472513199,0.9905899167060852
27550,13,0.020486824214458466,0.0008125044987536967,0.01967431977391243,1.5668647289276123,0.000983225298114121,0.0009834965458139777,0.03028786927461624,0.9902266263961792
27600,13,0.023132536560297012,0.0008721505291759968,0.022260386496782303,1.516733169555664,0.0007467850809916854,0.0007422426715493202,0.03220523148775101,0.9902005195617676
27650,13,0.024999409914016724,0.0008816859917715192,0.02411772310733795,1.664784550666809,0.0007252213545143604,0.0007236371748149395,0.03477219119668007,0.9887938499450684
27700,13,0.022681675851345062,0.0008254136773757637,0.021856261417269707,1.575778841972351,0.0007107764831744134,0.0007097174529917538,0.03198106214404106,0.988692581653595
27750,13,0.022361423820257187,0.0007432146230712533,0.021618209779262543,1.604870319366455,0.0007791946991346776,0.0007787426002323627,0.03194371238350868,0.9889800548553467
27800,13,0.022799329832196236,0.0007820596802048385,0.02201727032661438,1.6974482536315918,0.0006737394141964614,0.000674404320307076,0.03263471648097038,0.9896283149719238
27850,13,0.020806854590773582,0.0008303740760311484,0.019976479932665825,1.444889783859253,0.0007128402939997613,0.0007171060424298048,0.029461251571774483,0.9881711006164551
27900,13,0.023081855848431587,0.000709418673068285,0.02237243764102459,1.522619366645813,0.000833040161523968,0.0008301722118631005,0.032358165830373764,0.9889398813247681
27950,13,0.021144142374396324,0.0006472348468378186,0.020496906712651253,1.5375925302505493,0.000614500604569912,0.0006117639131844044,0.030058369040489197,0.98936527967453
28000,13,0.022073568776249886,0.0008477941737510264,0.02122577466070652,1.5806951522827148,0.0007352863904088736,0.0007343148463405669,0.03144664689898491,0.9892938733100891
28050,13,0.022484246641397476,0.0007592361653223634,0.021725010126829147,1.5471506118774414,0.0006169880507513881,0.0006152720306999981,0.03145226091146469,0.9882357120513916
28100,13,0.02010788396000862,0.0007200309773907065,0.019387852400541306,1.4444525241851807,0.0008256717119365931,0.0008251739200204611,0.02898099273443222,0.9888951778411865
28150,13,0.020837068557739258,0.0007976072374731302,0.02003946155309677,1.6816327571868896,0.000817297725006938,0.0008175300317816436,0.03088006004691124,0.9892967939376831
28200,13,0.02413821406662464,0.0008546780445612967,0.02328353561460972,1.6286523342132568,0.0007696751272305846,0.0007695495150983334,0.03382069617509842,0.9866682291030884
28250,13,0.02220277674496174,0.0008694939315319061,0.021333282813429832,1.592910885810852,0.000790399732068181,0.0007864030776545405,0.031744133681058884,0.9886219501495361
28300,13,0.022468529641628265,0.0007645151345059276,0.021704014390707016,1.5311815738677979,0.0006451482768170536,0.0006455882685258985,0.031415171921253204,0.9881699085235596
28350,13,0.02226741425693035,0.0007933692540973425,0.021474044770002365,1.508646011352539,0.0007799689192324877,0.0007769650546833873,0.031367577612400055,0.9881423711776733
28400,13,0.022341318428516388,0.0007490983698517084,0.021592220291495323,1.6099199056625366,0.0007145573617890477,0.0007135487976484001,0.031819023191928864,0.9882286190986633
28450,13,0.02230110578238964,0.0007707941113039851,0.021530311554670334,1.5934844017028809,0.0007763776229694486,0.0007748109055683017,0.03181971609592438,0.9889284372329712
28500,13,0.021955888718366623,0.0008240329916588962,0.021131856366991997,1.6057988405227661,0.0008084474829956889,0.000805579184088856,0.03159891068935394,0.9880098700523376
28550,13,0.023112280294299126,0.0009522670297883451,0.022160014137625694,1.5169297456741333,0.0008304114453494549,0.0008282347116619349,0.032355573028326035,0.9896013140678406
28600,13,0.022340327501296997,0.0007551359012722969,0.021585190668702126,1.5488219261169434,0.0011137431720271707,0.0011121552670374513,0.03231033682823181,0.9890587329864502
28650,13,0.02201072871685028,0.00081780762411654,0.021192921325564384,1.4996190071105957,0.0007464573718607426,0.0007438833126798272,0.030999165028333664,0.9906638264656067
28700,13,0.024704594165086746,0.0008498040260747075,0.02385479025542736,1.5344748497009277,0.0007332013919949532,0.0007347709033638239,0.03384494036436081,0.9895623326301575
28750,13,0.022419018670916557,0.0008457844378426671,0.021573234349489212,1.6298980712890625,0.00066933105699718,0.0006686551496386528,0.03190649300813675,0.9878582954406738
28800,13,0.022713910788297653,0.0008608322241343558,0.02185307815670967,1.6374977827072144,0.0007497839396819472,0.0007530130678787827,0.03240419551730156,0.9882344007492065
28850,13,0.023221256211400032,0.000884287292137742,0.022336969152092934,1.502661108970642,0.000807260861620307,0.0008050550241023302,0.032346878200769424,0.9898204803466797
28900,13,0.02099018730223179,0.000798672903329134,0.020191514864563942,1.4490597248077393,0.0008077293168753386,0.0008078643586486578,0.029851078987121582,0.9869082570075989
28950,13,0.0224629994481802,0.0008170848595909774,0.021645914763212204,1.623083233833313,0.0006182583747431636,0.0006156986928544939,0.03181237354874611,0.9906237125396729
29000,13,0.02335412986576557,0.0008539928821846843,0.022500136867165565,1.670120120048523,0.0008111426141113043,0.0008094428339973092,0.03332531824707985,0.9892593622207642
29050,13,0.021545493975281715,0.0007382644689641893,0.020807228982448578,1.5511717796325684,0.0007103448733687401,0.00070905068423599,0.030720748007297516,0.9879301190376282
29100,13,0.02076007053256035,0.0007367682992480695,0.020023303106427193,1.5557094812393188,0.0007449089316651225,0.0007449749391525984,0.03002850152552128,0.9877419471740723
29150,13,0.02111499197781086,0.000959298515226692,0.02015569433569908,1.490286111831665,0.0010292984079569578,0.0010261686984449625,0.030621889978647232,0.9876422882080078
29200,13,0.022826597094535828,0.0011530218180269003,0.021673575043678284,1.575554609298706,0.0006525393109768629,0.0006522750481963158,0.03200918436050415,0.9891203045845032
29250,13,0.022356387227773666,0.0007911400170996785,0.02156524732708931,1.5419954061508179,0.0005803374806419015,0.0005801818333566189,0.031226882711052895,0.9883052706718445
29300,13,0.02133219875395298,0.0006542556802742183,0.020677942782640457,1.6359634399414062,0.0007202014094218612,0.0007203335408121347,0.03095255047082901,0.9879229068756104
29350,14,0.023195907473564148,0.0008217209833674133,0.022374186664819717,1.5216000080108643,0.0007517319172620773,0.0007517114281654358,0.032307349145412445,0.9884135723114014
29400,14,0.02566414512693882,0.0009872391819953918,0.024676905944943428,1.4557753801345825,0.00078113580821082,0.0007749001961201429,0.03449905663728714,0.986790120601654
29450,14,0.022200463339686394,0.0008161987061612308,0.021384265273809433,1.5117980241775513,0.0009309638990089297,0.0009292105678468943,0.03161962702870369,0.9869780540466309
29500,14,0.0213264599442482,0.0007264030864462256,0.020600056275725365,1.4553941488265991,0.000642648315988481,0.0006397732649929821,0.029885852709412575,0.9878289699554443
29550,14,0.020582444965839386,0.0008794226450845599,0.01970302313566208,1.428043007850647,0.0005995600949972868,0.0005978569388389587,0.02892007678747177,0.9883107542991638
29600,14,0.02134639397263527,0.000726341619156301,0.02062005177140236,1.4514782428741455,0.0007774178520776331,0.0007766557391732931,0.03015785850584507,0.9888267517089844
29650,14,0.022420255467295647,0.0006775239016860723,0.02174273133277893,1.5117803812026978,0.0008315457380376756,0.000827592913992703,0.03163829818367958,0.9886741042137146
29700,14,0.022352002561092377,0.0007319640135392547,0.021620038896799088,1.5781989097595215,0.0005639464943669736,0.0005625488702207804,0.031369492411613464,0.987747073173523
29750,14,0.022234754636883736,0.0007701737340539694,0.021464580669999123,1.468273639678955,0.0006203593802638352,0.0006184132653288543,0.030814895406365395,0.9881935715675354
29800,14,0.02264680154621601,0.000809590274002403,0.02183721214532852,1.5771507024765015,0.0009720101370476186,0.0009681613300926983,0.032472725957632065,0.9896847605705261
29850,14,0.01998155191540718,0.0006656898185610771,0.01931586116552353,1.5162843465805054,0.0007573754992336035,0.0007551951566711068,0.029075544327497482,0.9868397116661072
29900,14,0.023333916440606117,0.000809771940112114,0.022524144500494003,1.5522089004516602,0.0006429643835872412,0.0006404385785572231,0.032378364354372025,0.9870671033859253
29950,14,0.02181266061961651,0.0008505237638019025,0.02096213772892952,1.5476443767547607,0.0007385410135611892,0.0007417303277179599,0.031031154096126556,0.9891128540039062
30000,14,0.02245466224849224,0.0008553354418836534,0.02159932628273964,1.5191638469696045,0.0008170196670107543,0.0008160544675774872,0.031683556735515594,0.9868611693382263
30050,14,0.01941455900669098,0.0008897852385416627,0.01852477341890335,1.4808590412139893,0.0008203971083275974,0.0008210107334889472,0.028460262343287468,0.9869189262390137
30100,14,0.02104322798550129,0.0006410078494809568,0.020402221009135246,1.5785672664642334,0.00075275864219293,0.00075169513002038,0.030440516769886017,0.9876919388771057
30150,14,0.02159155160188675,0.000654951436445117,0.020936600863933563,1.465820550918579,0.0008264386560767889,0.000825987895950675,0.030573081225156784,0.9879137873649597
30200,14,0.02218679152429104,0.0007781897438690066,0.021408602595329285,1.511359691619873,0.0006730088498443365,0.000671851565130055,0.0310884490609169,0.9881652593612671
30250,14,0.022110650315880775,0.0007069248822517693,0.021403726190328598,1.5263144969940186,0.0007074106251820922,0.0007079356582835317,0.031157568097114563,0.9877261519432068
30300,14,0.022599240764975548,0.0008740085177123547,0.021725231781601906,1.5428717136383057,0.0007097471971064806,0.0007089644204825163,0.031732313334941864,0.9874682426452637
30350,14,0.020359022542834282,0.000759523652959615,0.01959949918091297,1.4709926843643188,0.0007741563022136688,0.0007736838888376951,0.02926182560622692,0.9857861399650574
30400,14,0.02048410102725029,0.00110826815944165,0.019375832751393318,1.42110013961792,0.0007732248632237315,0.0007701059221290052,0.02913293056190014,0.9886982440948486
30450,14,0.02272902987897396,0.0009746941504999995,0.02175433561205864,1.5676805973052979,0.0007268396439030766,0.0007268224726431072,0.03202109411358833,0.985873281955719
30500,14,0.021491818130016327,0.0006974114221520722,0.020794406533241272,1.5295891761779785,0.0006783774588257074,0.0006788194295950234,0.030496962368488312,0.986903965473175
30550,14,0.021120116114616394,0.0007287980988621712,0.020391317084431648,1.4692124128341675,0.0008042248664423823,0.00080484664067626,0.030075250193476677,0.9892334938049316
30600,14,0.020773304626345634,0.0007561101811006665,0.020017193630337715,1.6013702154159546,0.0006491419626399875,0.0006462631281465292,0.03007555939257145,0.9865612983703613
30650,14,0.025211378931999207,0.0009033876704052091,0.024307990446686745,1.484266996383667,0.0009118523448705673,0.0009104491909965873,0.034455012530088425,0.9870395660400391
30700,14,0.020688416436314583,0.0007429340621456504,0.019945481792092323,1.5107731819152832,0.0006812150240875781,0.0006812833016738296,0.029604781419038773,0.9861205220222473
30750,14,0.020822769030928612,0.0008262103656306863,0.019996559247374535,1.5106310844421387,0.00071507110260427,0.0007166677387431264,0.029807662591338158,0.9865425229072571
30800,14,0.022748926654458046,0.000836564227938652,0.021912362426519394,1.5487632751464844,0.0006437888951040804,0.0006427246844395995,0.03177925571799278,0.9885834455490112
30850,14,0.02075464092195034,0.0009000682039186358,0.019854573532938957,1.5243198871612549,0.0007804808556102216,0.000780199421569705,0.02993692085146904,0.9874232411384583
30900,14,0.023767676204442978,0.0010294006206095219,0.022738276049494743,1.6393370628356934,0.0010551359737291932,0.0010525549296289682,0.03407205268740654,0.9870762825012207
30950,14,0.02227034606039524,0.000763811229262501,0.0215065348893404,1.5360097885131836,0.0007103825337253511,0.0007093349704518914,0.03137011080980301,0.9869314432144165
31000,14,0.022247547283768654,0.0008089615148492157,0.021438585594296455,1.5156804323196411,0.0006674656760878861,0.0006642085500061512,0.03115762211382389,0.9878703355789185
31050,14,0.023122167214751244,0.0009010338690131903,0.02222113311290741,1.6501209735870361,0.0006887909257784486,0.0006899246945977211,0.03275148570537567,0.9877997040748596
31100,14,0.022216511890292168,0.0008039787062443793,0.021412532776594162,1.4343736171722412,0.0007116157794371247,0.0007121809758245945,0.030812175944447517,0.9866496324539185
31150,14,0.022111516445875168,0.0007298290729522705,0.021381687372922897,1.497530221939087,0.001110684359446168,0.0011083785211667418,0.03181822970509529,0.987432599067688
31200,14,0.02229936048388481,0.0007221681880764663,0.021577192470431328,1.6404802799224854,0.0007215024088509381,0.0007209035102277994,0.031944166868925095,0.9878135323524475
31250,14,0.0208954606205225,0.0007322559831663966,0.02016320452094078,1.4754159450531006,0.0008063921704888344,0.0008058326202444732,0.029884764924645424,0.9872536659240723
31300,14,0.023702742531895638,0.0008776423055678606,0.022825099527835846,1.468858003616333,0.0005523573490791023,0.0005502925487235188,0.03214967995882034,0.987452507019043
31350,14,0.023394286632537842,0.0008092989446595311,0.022584987804293633,1.5587128400802612,0.0008273838320747018,0.000825265422463417,0.03284050151705742,0.987051784992218
31400,14,0.02394447661936283,0.0008491245680488646,0.023095352575182915,1.5659211874008179,0.000813748687505722,0.0008112895884551108,0.03339911997318268,0.9873164296150208
31450,14,0.023350384086370468,0.0008219595765694976,0.022528424859046936,1.4494584798812866,0.0007622042903676629,0.000760577036999166,0.03212045878171921,0.9879617094993591
31500,14,0.020056838169693947,0.0007179229287430644,0.01933891512453556,1.5367690324783325,0.0008871458703652024,0.0008887113071978092,0.029516540467739105,0.9875687956809998
31550,14,0.020314568653702736,0.0007296640542335808,0.019584905356168747,1.5648484230041504,0.0006808063481003046,0.0006780888652428985,0.029497705399990082,0.9883888959884644
31600,15,0.02090839296579361,0.0007676193490624428,0.02014077454805374,1.6424598693847656,0.0006050831871107221,0.0006057941354811192,0.03033156879246235,0.9879249334335327
31650,15,0.02297685667872429,0.0008084881119430065,0.022168368101119995,1.4316363334655762,0.0006909233052283525,0.0006912810495123267,0.03151724487543106,0.9882951974868774
31700,15,0.021524270996451378,0.0007145049748942256,0.02080976590514183,1.6012792587280273,0.000926755485124886,0.0009268253925256431,0.03138424828648567,0.9888031482696533
31750,15,0.021814238280057907,0.000776937697082758,0.021037301048636436,1.5979710817337036,0.0006628492847084999,0.0006621613865718246,0.031129105016589165,0.9870826005935669
31800,15,0.022141974419355392,0.000764886848628521,0.021377086639404297,1.5317072868347168,0.0007841160986572504,0.0007819812162779272,0.031366609036922455,0.9883866906166077
31850,15,0.024246351793408394,0.0006691658636555076,0.023577185347676277,1.4862923622131348,0.0005950683262199163,0.0005932858912274241,0.03286616504192352,0.989692211151123
31900,15,0.02314704656600952,0.0008121949504129589,0.022334851324558258,1.4651893377304077,0.0008341358625330031,0.0008325478993356228,0.03213967755436897,0.9877010583877563
31950,15,0.022911392152309418,0.0009147062664851546,0.02199668623507023,1.4443812370300293,0.000844085996504873,0.0008429912268184125,0.031820375472307205,0.9887926578521729
32000,15,0.023196354508399963,0.0007522186497226357,0.022444136440753937,1.520256519317627,0.000957162759732455,0.0009563640924170613,0.03271116316318512,0.9869798421859741
32050,15,0.022076522931456566,0.000731354346498847,0.021345168352127075,1.5360350608825684,0.0006061092717573047,0.0006046079797670245,0.030967416241765022,0.9866071939468384
32100,15,0.021071378141641617,0.00069467443972826,0.02037670463323593,1.5324392318725586,0.0006182532524690032,0.0006160852499306202,0.029967911541461945,0.9873846769332886
32150,15,0.022657133638858795,0.0007278504781424999,0.021929282695055008,1.5715231895446777,0.0005881550023332238,0.0005879119271412492,0.0316908173263073,0.9869768023490906
32200,15,0.02122805267572403,0.0012083683395758271,0.020019683986902237,1.417020320892334,0.0007238205289468169,0.0007222115527838469,0.029759187251329422,0.9866803884506226
32250,15,0.023436786606907845,0.0007780668674968183,0.02265872061252594,1.4186526536941528,0.0007068593986332417,0.0007064590463414788,0.031943369656801224,0.986308753490448
32300,15,0.0241878479719162,0.0008428671862930059,0.02334498055279255,1.6363574266433716,0.0009413429070264101,0.0009408215992152691,0.034251801669597626,0.9847477078437805
32350,15,0.020782025530934334,0.0007783429464325309,0.020003682002425194,1.5041937828063965,0.0006864528986625373,0.0006845248281024396,0.029673971235752106,0.9884597659111023
32400,15,0.022702258080244064,0.0007284567691385746,0.021973801776766777,1.4769856929779053,0.0006080418825149536,0.000611260300502181,0.03130648657679558,0.9855830669403076
32450,15,0.021443432196974754,0.0007304337341338396,0.020712997764348984,1.5284202098846436,0.000587466754950583,0.0005882749683223665,0.030261274427175522,0.9862130880355835
32500,15,0.021912643685936928,0.0006986390799283981,0.02121400460600853,1.511225700378418,0.0006386340246535838,0.000639226520434022,0.03074663132429123,0.9863380789756775
32550,15,0.023894047364592552,0.000847516639623791,0.023046530783176422,1.4883626699447632,0.0007666365709155798,0.00076474150409922,0.03286723792552948,0.9858876466751099
32600,15,0.022405721247196198,0.0009133126586675644,0.021492408588528633,1.408412218093872,0.0006790249608457088,0.0006792552303522825,0.03080606274306774,0.9862380027770996
32650,15,0.021504687145352364,0.0008206833153963089,0.020684003829956055,1.5584659576416016,0.0007998676737770438,0.0007985536940395832,0.03089543804526329,0.986199676990509
32700,15,0.021364595741033554,0.0008270421531051397,0.02053755335509777,1.5522286891937256,0.000645225984044373,0.0006450372748076916,0.030416002497076988,0.9865679740905762
32750,15,0.022169776260852814,0.001012232736684382,0.02115754410624504,1.404319405555725,0.0006329133175313473,0.0006312892073765397,0.03045557625591755,0.9878047108650208
32800,15,0.020855378359556198,0.000729450024664402,0.02012592740356922,1.4893466234207153,0.0007505364483222365,0.0007507022237405181,0.02980334870517254,0.9862347841262817
32850,15,0.023447444662451744,0.0009341024560853839,0.022513343021273613,1.4859447479248047,0.0008103160071186721,0.0008099141414277256,0.03249739855527878,0.9870622754096985
32900,15,0.02083630859851837,0.0006949483649805188,0.0201413594186306,1.4054688215255737,0.0007285707397386432,0.0007269028574228287,0.029319124296307564,0.9864646196365356
32950,15,0.021000627428293228,0.0007206822047010064,0.02027994580566883,1.5660706758499146,0.0005798320053145289,0.0005793539457954466,0.029990166425704956,0.985105037689209
33000,15,0.020496053621172905,0.0007137295324355364,0.019782323390245438,1.4964265823364258,0.0007726284675300121,0.0007730420911684632,0.029523856937885284,0.9855332374572754
33050,15,0.02234322391450405,0.0007577004143968225,0.021585524082183838,1.5530328750610352,0.0007323406753130257,0.000732132641132921,0.0315728634595871,0.9870246052742004
33100,15,0.02213621698319912,0.0007748938514851034,0.021361323073506355,1.6386854648590088,0.0005288032116368413,0.0005283801583573222,0.031386829912662506,0.9879394769668579
33150,15,0.020843444392085075,0.0007189895259216428,0.02012445405125618,1.4329371452331543,0.0007684834999963641,0.0007677720859646797,0.02954438515007496,0.9873433113098145
33200,15,0.021743297576904297,0.0007221652194857597,0.021021133288741112,1.405200719833374,0.0005938777467235923,0.0005919553805142641,0.02995513379573822,0.9868565201759338
33250,15,0.022001616656780243,0.0008480682736262679,0.02115354873239994,1.4648560285568237,0.0007915897876955569,0.0007932369480840862,0.03091072291135788,0.9865421652793884
33300,15,0.020555848255753517,0.0007957059424370527,0.019760143011808395,1.5081664323806763,0.0006098278099671006,0.0006088662194088101,0.029315372928977013,0.9858168363571167
33350,15,0.02023341692984104,0.0007272254442796111,0.019506191834807396,1.4769189357757568,0.0007478162879124284,0.0007474978920072317,0.029113326221704483,0.9864993095397949
33400,15,0.02255965769290924,0.0008342011133208871,0.021725457161664963,1.5465333461761475,0.0006978771416470408,0.0006964475614950061,0.03168664872646332,0.9867619872093201
33450,15,0.023039987310767174,0.0006203084485605359,0.022419678047299385,1.498873233795166,0.000682472251355648,0.0006817831890657544,0.031898610293865204,0.9859874248504639
33500,15,0.02406969480216503,0.0008049837197177112,0.02326471172273159,1.433159351348877,0.0009339650860056281,0.0009338931995444,0.033103350549936295,0.9863511323928833
33550,15,0.020230161026120186,0.0007911758730188012,0.019438985735177994,1.4601266384124756,0.0006397818215191364,0.0006395097589120269,0.028810083866119385,0.986412763595581
33600,15,0.02296747826039791,0.0007588084554299712,0.022208670154213905,1.5368390083312988,0.0006856491090729833,0.0006860976573079824,0.03202341869473457,0.9845935106277466
33650,15,0.023989476263523102,0.0007560392841696739,0.023233436048030853,1.535317063331604,0.0008826901903375983,0.000881943095009774,0.03343069553375244,0.9856337308883667
33700,15,0.02106364071369171,0.0007145912386476994,0.0203490499407053,1.4190194606781006,0.0007587946602143347,0.000755582470446825,0.02967311441898346,0.987246036529541
33750,15,0.02169482596218586,0.0007425604853779078,0.020952265709638596,1.4649477005004883,0.0006507303332909942,0.0006491971435025334,0.030319491401314735,0.9862476587295532
33800,15,0.021315736696124077,0.0007376644061878324,0.02057807147502899,1.491969347000122,0.0006466455524787307,0.0006465092883445323,0.030068738386034966,0.9872280359268188
33850,16,0.023861709982156754,0.0008200632873922586,0.02304164692759514,1.5933527946472168,0.0006377859972417355,0.0006391091155819595,0.03310536965727806,0.9866032004356384
33900,16,0.020549030974507332,0.0006687452550977468,0.01988028548657894,1.378732442855835,0.000725420715752989,0.0007222283747978508,0.028890343382954597,0.9858630895614624
33950,16,0.020704884082078934,0.0008600103901699185,0.019844872877001762,1.390938401222229,0.0008221962489187717,0.0008223037584684789,0.029304075986146927,0.9867411851882935
34000,16,0.024493178352713585,0.0008062975248321891,0.023686880245804787,1.4545708894729614,0.0007622047560289502,0.0007617389783263206,0.03328998014330864,0.9866304397583008
34050,16,0.022516684606671333,0.0010197256924584508,0.021496959030628204,1.5289889574050903,0.0008608460193499923,0.0008613328682258725,0.031883809715509415,0.9878557920455933
34100,16,0.021476002410054207,0.000786873628385365,0.02068912796676159,1.4354102611541748,0.0006544822826981544,0.000654715986456722,0.02996225282549858,0.988156795501709
34150,16,0.020468568429350853,0.0006934908451512456,0.01977507770061493,1.4515395164489746,0.0006376206874847412,0.0006376447854563594,0.02900153212249279,0.9863585233688354
34200,16,0.02134121023118496,0.0008181908633559942,0.02052301913499832,1.5594942569732666,0.0007736236439086497,0.0007707808399572968,0.030683085322380066,0.9865068793296814
34250,16,0.021144067868590355,0.0006844851886853576,0.020459583029150963,1.4426264762878418,0.0005541688296943903,0.000555521110072732,0.029466889798641205,0.98766028881073
34300,16,0.02171829529106617,0.0008274124702438712,0.02089088223874569,1.5907121896743774,0.0007549033034592867,0.0007541888626292348,0.03118094801902771,0.9859726428985596
34350,16,0.02132202312350273,0.0007961043156683445,0.020525919273495674,1.4372490644454956,0.0006500991294160485,0.000648814020678401,0.029807182028889656,0.9866706132888794
34400,16,0.024968210607767105,0.0007467285613529384,0.024221481755375862,1.4814454317092896,0.0007605211576446891,0.0007585838902741671,0.03389454260468483,0.9876487851142883
34450,16,0.02082814648747444,0.0006988423992879689,0.020129304379224777,1.5749882459640503,0.0006517925066873431,0.0006498345173895359,0.0300047155469656,0.9849171042442322
34500,16,0.02201574295759201,0.0007267087930813432,0.021289033815264702,1.4658772945404053,0.0006465567275881767,0.0006444919854402542,0.030636176466941833,0.9857393503189087
34550,16,0.020243486389517784,0.0006631358992308378,0.019580351188778877,1.4493658542633057,0.0008587877964600921,0.0008579497807659209,0.029207054525613785,0.9863122701644897
34600,16,0.020633786916732788,0.0009060718584805727,0.019727714359760284,1.3943159580230713,0.0007121700327843428,0.000710313324816525,0.029027849435806274,0.9861685037612915
34650,16,0.020713061094284058,0.0006363085703924298,0.020076751708984375,1.5276703834533691,0.0006401332793757319,0.0006378985708579421,0.02962944470345974,0.9855043888092041
34700,16,0.021632205694913864,0.0007108064601197839,0.02092139981687069,1.5859017372131348,0.0006987581728026271,0.0006974074640311301,0.03095787949860096,0.9864868521690369
34750,16,0.02053556591272354,0.0008241822943091393,0.019711384549736977,1.5619994401931763,0.0006357590318657458,0.0006353319040499628,0.02961665391921997,0.9846470355987549
34800,16,0.02215079963207245,0.0007107956917025149,0.02144000306725502,1.4688199758529663,0.0006103633204475045,0.0006092374678701162,0.030714500695466995,0.9858828186988831
34850,16,0.020679183304309845,0.0007543095853179693,0.019924873486161232,1.459520697593689,0.00054566515609622,0.0005455020582303405,0.029067954048514366,0.9864693284034729
34900,16,0.0218949094414711,0.000762853363994509,0.021132055670022964,1.4635156393051147,0.0006967923836782575,0.0006954846321605146,0.030604764819145203,0.9853503704071045
34950,16,0.021795397624373436,0.0009701700182631612,0.020825227722525597,1.5061321258544922,0.0007827127119526267,0.0007805843488313258,0.03088935650885105,0.9860684871673584
35000,16,0.02118409238755703,0.0007288302294909954,0.020455261692404747,1.4708027839660645,0.001001706812530756,0.001001850701868534,0.030541663989424706,0.9864638447761536
35050,16,0.02218990959227085,0.0007334593683481216,0.02145645022392273,1.5155829191207886,0.0006986159132793546,0.0006974296411499381,0.03116386942565441,0.9872506260871887
35100,16,0.01824897527694702,0.0007427532691508532,0.017506221309304237,1.5393418073654175,0.0007573857437819242,0.0007576183415949345,0.02746068872511387,0.9876489043235779
35150,16,0.020875247195363045,0.0007472835713997483,0.02012796327471733,1.4993871450424194,0.0007976558990776539,0.0007965947734192014,0.029966434463858604,0.9863782525062561
35200,16,0.02088312618434429,0.0006719131488353014,0.02021121233701706,1.5119377374649048,0.000904687331058085,0.0009050528751686215,0.030252555385231972,0.9874379634857178
35250,16,0.021287469193339348,0.001148569630458951,0.020138898864388466,1.5326409339904785,0.0009829383343458176,0.0009830466005951166,0.03091665729880333,0.9869544506072998
35300,16,0.02191421203315258,0.0007777322316542268,0.021136479452252388,1.4430875778198242,0.0007184111746028066,0.000717118033207953,0.030565179884433746,0.9871853590011597
35350,16,0.022002749145030975,0.0006931548123247921,0.021309593692421913,1.4069736003875732,0.0006031800876371562,0.0006030969088897109,0.030243894085288048,0.9878898859024048
35400,16,0.02136891707777977,0.0008645385387353599,0.020504377782344818,1.545060157775879,0.0007213959470391273,0.000720873533282429,0.030536487698554993,0.9864293932914734
35450,16,0.021840019151568413,0.0009986322838813066,0.020841386169195175,1.4613733291625977,0.0007694587111473083,0.0007707619806751609,0.030687106773257256,0.9880952835083008
35500,16,0.022310074418783188,0.0007449546246789396,0.021565120667219162,1.4326211214065552,0.0007862685015425086,0.0007856665179133415,0.031045114621520042,0.9878475666046143
35550,16,0.021991072222590446,0.0007958287606015801,0.021195244044065475,1.375282883644104,0.0006216975743882358,0.0006191476131789386,0.030108332633972168,0.985487699508667
35600,16,0.022607995197176933,0.0007732812082394958,0.021834714338183403,1.5811201333999634,0.00073284434620291,0.0007307572523131967,0.031977199018001556,0.986291766166687
35650,16,0.023244613781571388,0.0007011558627709746,0.02254345826804638,1.4964561462402344,0.000785639975219965,0.0007843266939744353,0.032296862453222275,0.9872486591339111
35700,16,0.0242130346596241,0.0008830433362163603,0.023329991847276688,1.3605483770370483,0.000730857951566577,0.0007298412965610623,0.03247647359967232,0.9881109595298767
35750,16,0.02113405242562294,0.0007928105187602341,0.020341241732239723,1.449259877204895,0.0009319130331277847,0.0009310009190812707,0.030243264511227608,0.9871259331703186
35800,16,0.020821725949645042,0.000923162791877985,0.019898563623428345,1.4374895095825195,0.0006872252561151981,0.0006898954161442816,0.02938629314303398,0.9862714409828186
35850,16,0.02229275181889534,0.0006654839380644262,0.021627267822623253,1.549980878829956,0.0009258686332032084,0.0009252935997210443,0.03189381957054138,0.985658586025238
35900,16,0.026291880756616592,0.0008841253584250808,0.025407755747437477,1.3805820941925049,0.0008215097477659583,0.0008192032109946012,0.03483550623059273,0.9872174263000488
35950,16,0.024710891768336296,0.000722383672837168,0.0239885076880455,1.440735936164856,0.0007301161531358957,0.0007321489974856377,0.03337683528661728,0.9864705801010132
36000,16,0.021123386919498444,0.0007307766354642808,0.020392609760165215,1.5367727279663086,0.0006341887637972832,0.0006331205368041992,0.030074559152126312,0.9848041534423828
36050,16,0.02168719470500946,0.000901208957657218,0.0207859855145216,1.4064645767211914,0.0007063442608341575,0.0007030187407508492,0.030128881335258484,0.9846379160881042
36100,17,0.020805204287171364,0.0008120535640046,0.019993150606751442,1.4887900352478027,0.0005825615371577442,0.0005820888327434659,0.029413804411888123,0.9865650534629822
36150,17,0.021269701421260834,0.0007296660915017128,0.020540034398436546,1.4564110040664673,0.0006567081436514854,0.0006561543559655547,0.02986462041735649,0.9871059656143188
36200,17,0.02278212271630764,0.0010723776649683714,0.0217097457498312,1.399672031402588,0.0006658105412498116,0.0006634199526160955,0.03110971301794052,0.9873889684677124
36250,17,0.023848285898566246,0.0007512287120334804,0.02309705689549446,1.4165291786193848,0.0007673193467780948,0.0007665171287953854,0.03246476873755455,0.9868592023849487
36300,17,0.021190673112869263,0.0006806124001741409,0.020510060712695122,1.48790442943573,0.0006736642681062222,0.0006708375876769423,0.029974697157740593,0.987708568572998
36350,17,0.021379532292485237,0.0007870085537433624,0.020592523738741875,1.5081382989883423,0.0007986172568053007,0.0007987999124452472,0.030517641454935074,0.9877351522445679
36400,17,0.023279665037989616,0.0008844741969369352,0.022395191714167595,1.5099947452545166,0.0006888041971251369,0.0006880688015371561,0.03220651298761368,0.9873519539833069
36450,17,0.020288806408643723,0.0008230565581470728,0.019465750083327293,1.526206374168396,0.0008502020500600338,0.0008498469833284616,0.029619887471199036,0.9852228760719299
36500,17,0.021036691963672638,0.0007784093031659722,0.020258283242583275,1.4570097923278809,0.00086902582552284,0.0008672754629515111,0.03005804307758808,0.9874107241630554
36550,17,0.022087683901190758,0.0009000421268865466,0.021187642589211464,1.504490613937378,0.0007763979956507683,0.0007775579579174519,0.03116409294307232,0.986266016960144
36600,17,0.02420603670179844,0.0008178999414667487,0.02338813617825508,1.4678380489349365,0.0007830100366845727,0.0007817602017894387,0.03310999646782875,0.9876304864883423
36650,17,0.021111074835062027,0.0007746776100248098,0.020336396992206573,1.4565236568450928,0.0009401520946994424,0.0009393736254423857,0.03027321957051754,0.9871177077293396
36700,17,0.02183459885418415,0.0011045413557440042,0.02073005773127079,1.5052604675292969,0.0007253133808262646,0.00072438083589077,0.03081059642136097,0.9873999953269958
36750,17,0.023837152868509293,0.0007743521127849817,0.023062800988554955,1.4780012369155884,0.0007260798010975122,0.0007252824725583196,0.032678522169589996,0.9879050254821777
36800,17,0.023739879950881004,0.0008884582202881575,0.022851422429084778,1.3830229043960571,0.0008617764106020331,0.0008605221519246697,0.032377295196056366,0.9881241917610168
36850,17,0.02068880945444107,0.000641364196781069,0.020047444850206375,1.5005950927734375,0.0006993778515607119,0.0006982849445194006,0.029589448124170303,0.9862088561058044
36900,17,0.02182432822883129,0.0008788565755821764,0.0209454707801342,1.4847111701965332,0.0007388456724584103,0.0007391064427793026,0.030725836753845215,0.9871276021003723
36950,17,0.022557219490408897,0.0007085304241627455,0.021848689764738083,1.4579801559448242,0.0006291787140071392,0.0006300772074609995,0.0311063751578331,0.9871783256530762
37000,17,0.022755183279514313,0.000683749676682055,0.022071434184908867,1.5442984104156494,0.0007158263470046222,0.0007143205730244517,0.031906820833683014,0.9866491556167603
37050,17,0.022563520818948746,0.0008725406369194388,0.021690979599952698,1.389163851737976,0.0007068179547786713,0.0007074714521877468,0.0309236291795969,0.9875659346580505
37100,17,0.021845415234565735,0.000734049710445106,0.021111365407705307,1.4380385875701904,0.0007379874004982412,0.0007349883671849966,0.030508583411574364,0.9866973757743835
37150,17,0.01996876299381256,0.0006170377018861473,0.019351724535226822,1.4395384788513184,0.0006537768058478832,0.0006513582775369287,0.02847159095108509,0.9867663383483887
37200,17,0.022990599274635315,0.0009153800783678889,0.022075219079852104,1.464653491973877,0.0006463768659159541,0.0006446625338867307,0.03160490468144417,0.9884319305419922
37250,17,0.021279562264680862,0.0008328075637109578,0.02044675499200821,1.617541790008545,0.0005906900623813272,0.0005889253807254136,0.03054688684642315,0.9865349531173706
37300,17,0.021349480375647545,0.0007171831093728542,0.020632296800613403,1.4323177337646484,0.0009175539598800242,0.000918511301279068,0.030347134917974472,0.9872018694877625
37350,17,0.02087705209851265,0.0006316194776445627,0.02024543285369873,1.473721981048584,0.0006083959015086293,0.0006066523492336273,0.029460709542036057,0.98829185962677
37400,17,0.020603615790605545,0.0006871855584904552,0.019916430115699768,1.5206890106201172,0.0006730964523740113,0.0006725498242303729,0.029552705585956573,0.9883445501327515
37450,17,0.02010796219110489,0.0006629618583247066,0.01944500021636486,1.4785258769989014,0.0006090641254559159,0.0006081316387280822,0.02871778793632984,0.988613486289978
37500,17,0.019714172929525375,0.0009872945956885815,0.018726877868175507,1.6000365018844604,0.0006063556647859514,0.0006063173059374094,0.0289270281791687,0.9883208870887756
37550,17,0.021563656628131866,0.000607610447332263,0.020956046879291534,1.4331753253936768,0.0005756029859185219,0.0005742385983467102,0.0298793762922287,0.9868865013122559
37600,17,0.020539691671729088,0.0006948488880880177,0.019844843074679375,1.5626857280731201,0.0006150893168523908,0.0006170538836158812,0.02958526462316513,0.9885455369949341
37650,17,0.02650206908583641,0.0033180611208081245,0.02318400703370571,1.604917049407959,0.0007602446712553501,0.000759745598770678,0.03604664281010628,0.9877496957778931
37700,17,0.021845458075404167,0.0008043961133807898,0.021041061729192734,1.3833367824554443,0.0006230038125067949,0.0006238470668904483,0.030008992180228233,0.988175094127655
37750,17,0.02221544273197651,0.000806619122158736,0.021408824250102043,1.42659330368042,0.0006314966594800353,0.0006298222579061985,0.030609726905822754,0.9884430170059204
37800,17,0.022274082526564598,0.0008168112835846841,0.02145727165043354,1.535278558731079,0.0007751969387754798,0.0007745038019493222,0.03150017559528351,0.9872538447380066
37850,17,0.024589715525507927,0.0007179017411544919,0.023871812969446182,1.5038392543792725,0.0008263811469078064,0.0008256445871666074,0.03376093506813049,0.9891245365142822
37900,17,0.023012975230813026,0.0007814428536221385,0.022231532260775566,1.4815282821655273,0.000741924624890089,0.0007408351521007717,0.03190337494015694,0.9880762100219727
37950,17,0.022072434425354004,0.0007068472914397717,0.021365586668252945,1.5462968349456787,0.0008821747032925487,0.0008815511828288436,0.03156764432787895,0.9875180721282959
38000,17,0.021857744082808495,0.0007351889507845044,0.021122554317116737,1.4643478393554688,0.0006377507233992219,0.0006357986712828279,0.03045303374528885,0.9895879030227661
38050,17,0.022595638409256935,0.0009017333504743874,0.02169390581548214,1.5161325931549072,0.0006146847736090422,0.0006145673687569797,0.031405553221702576,0.9867773652076721
38100,17,0.0227525532245636,0.0008257011650130153,0.02192685194313526,1.5778073072433472,0.0008109898772090673,0.0008099913247860968,0.03226257115602493,0.9884030818939209
38150,17,0.020113561302423477,0.0007894868613220751,0.01932407356798649,1.4061485528945923,0.0005167702911421657,0.0005154390819370747,0.02817651256918907,0.9875906705856323
38200,17,0.023243362084031105,0.0008016143692657351,0.022441748529672623,1.4802756309509277,0.000609356677159667,0.0006073359400033951,0.031861431896686554,0.9871959686279297
38250,17,0.022115372121334076,0.0006624439265578985,0.021452927961945534,1.4707717895507812,0.0010160391684621572,0.0010173371993005276,0.031502608209848404,0.9888656139373779
38300,17,0.02214811183512211,0.0008648099028505385,0.021283302456140518,1.4365148544311523,0.0006484377081505954,0.0006471473025158048,0.030626270920038223,0.9898878931999207
38350,17,0.020091628655791283,0.0006345227593556046,0.019457105547189713,1.4368102550506592,0.000729602703358978,0.0007283415179699659,0.028733624145388603,0.987778902053833
38400,18,0.022125747054815292,0.0007266311440616846,0.02139911614358425,1.4670741558074951,0.0007600052049383521,0.0007587645086459816,0.030979886651039124,0.989696204662323
38450,18,0.02137141302227974,0.0006880990113131702,0.02068331465125084,1.364238977432251,0.0006496754940599203,0.0006497018621303141,0.029491985216736794,0.9873102903366089
38500,18,0.021251201629638672,0.0006865696632303298,0.02056463249027729,1.4590344429016113,0.0006315481732599437,0.0006292354082688689,0.029807157814502716,0.9883831739425659
38550,18,0.020633624866604805,0.0007086782716214657,0.019924946129322052,1.4996354579925537,0.0006937909638509154,0.0006932779215276241,0.029518870636820793,0.9882819056510925
38600,18,0.02254580147564411,0.0007992697646841407,0.021746531128883362,1.4177420139312744,0.000652888382319361,0.0006511642714031041,0.030938563868403435,0.9899063110351562
38650,18,0.021675115451216698,0.0007567460415884852,0.02091836929321289,1.5070741176605225,0.0008108032052405179,0.0008104240987449884,0.0308317132294178,0.9908345937728882
38700,18,0.019789619371294975,0.0007067114347591996,0.01908290758728981,1.4833600521087646,0.0006670207367278636,0.0006672858726233244,0.028540724888443947,0.987450897693634
38750,18,0.020417053252458572,0.0007819208549335599,0.01963513158261776,1.4974285364151,0.000796095875557512,0.0007968182908371091,0.029497109353542328,0.9883789420127869
38800,18,0.020501218736171722,0.0008073353674262762,0.019693883135914803,1.5119564533233643,0.0007162361871451139,0.0007158398511819541,0.029493076726794243,0.9889310598373413
38850,18,0.02113991416990757,0.0006610199925489724,0.02047889493405819,1.4512226581573486,0.0006479215808212757,0.0006447964115068316,0.029688745737075806,0.9903063774108887
38900,18,0.020977089181542397,0.000670060864649713,0.02030702866613865,1.48848295211792,0.0006609918782487512,0.0006603263900615275,0.029740821570158005,0.9889802932739258
38950,18,0.020381789654493332,0.0007220761617645621,0.01965971291065216,1.4638307094573975,0.0007214862271212041,0.0007214613724499941,0.029143890365958214,0.9885035157203674
39000,18,0.023689808323979378,0.00070594297721982,0.022983865812420845,1.523581862449646,0.0008270253892987967,0.0008272355771623552,0.032961975783109665,0.9882778525352478
39050,18,0.02090808004140854,0.0007294868119060993,0.020178593695163727,1.4014451503753662,0.0006983974017202854,0.0006984934443607926,0.029312197118997574,0.9881152510643005
39100,18,0.019355708733201027,0.0006510262610390782,0.01870468258857727,1.3549209833145142,0.0005915419897064567,0.0005926629528403282,0.02731451764702797,0.9885222315788269
39150,18,0.02295338548719883,0.0007636952796019614,0.022189689800143242,1.4592342376708984,0.0009180809138342738,0.0009167866664938629,0.032084424048662186,0.9897094368934631
39200,18,0.02030743472278118,0.0007007622625678778,0.01960667222738266,1.5712183713912964,0.0006842624861747026,0.0006827989127486944,0.029530588537454605,0.9890030026435852
39250,18,0.023994427174329758,0.0007426523370668292,0.02325177565217018,1.4324207305908203,0.0006421565776690841,0.0006421033176593482,0.03244078904390335,0.9890401363372803
39300,18,0.02350570075213909,0.0006931968964636326,0.022812504321336746,1.4778088331222534,0.0006331994663923979,0.0006352271302603185,0.03216317296028137,0.9883494973182678
39350,18,0.021590160205960274,0.000969088519923389,0.020621072500944138,1.4228042364120483,0.0006815841188654304,0.0006800555856898427,0.03006582148373127,0.9896240830421448
39400,18,0.02189960889518261,0.0008801888907328248,0.02101941965520382,1.512523889541626,0.0007469269912689924,0.0007476614555343986,0.03095681592822075,0.9866963624954224
39450,18,0.021905461326241493,0.0006671996088698506,0.021238261833786964,1.4655790328979492,0.0006107530207373202,0.0006101194303482771,0.030454229563474655,0.9894806146621704
39500,18,0.022939026355743408,0.0008249266538769007,0.02211409993469715,1.4404199123382568,0.0007660702103748918,0.0007651473861187696,0.031672343611717224,0.9904336929321289
39550,18,0.02167557366192341,0.000746407313272357,0.020929167047142982,1.439817190170288,0.0008040752727538347,0.0008038899395614862,0.03048262558877468,0.9902182817459106
39600,18,0.022853998467326164,0.0009234998724423349,0.021930499002337456,1.4634652137756348,0.0008833069587126374,0.0008826918201521039,0.03193732351064682,0.9879772663116455
39650,18,0.022060398012399673,0.0007617740193381906,0.021298624575138092,1.4562243223190308,0.0007925151148810983,0.0007932578446343541,0.03092729113996029,0.9886832237243652
39700,18,0.021060505881905556,0.0007035066955722868,0.020356999710202217,1.5634517669677734,0.0007071360014379025,0.0007049455889500678,0.030289847403764725,0.990047037601471
39750,18,0.02331753447651863,0.0007414111751131713,0.022576123476028442,1.547567367553711,0.0008094758959487081,0.0008112547220662236,0.032676104456186295,0.9885843992233276
39800,18,0.02185392752289772,0.0008021129760891199,0.021051814779639244,1.5420587062835693,0.0006889825453981757,0.0006894449470564723,0.030942648649215698,0.9883687496185303
39850,18,0.02035844326019287,0.0006881030276417732,0.019670341163873672,1.519311785697937,0.0006978759774938226,0.0006977614830248058,0.02935064025223255,0.9888010025024414
39900,18,0.024189583957195282,0.0009617771720513701,0.023227807134389877,1.5081440210342407,0.0007581838872283697,0.0007582276593893766,0.0332467183470726,0.9892063140869141
39950,18,0.02313954196870327,0.0007949492428451777,0.022344592958688736,1.4651890993118286,0.0006542936898767948,0.0006535271531902254,0.03177330642938614,0.9877375364303589
40000,18,0.0197947695851326,0.0007073739543557167,0.019087394699454308,1.5826550722122192,0.0006794028449803591,0.0006794009823352098,0.029066849499940872,0.9876149296760559
40050,18,0.022518495097756386,0.0009564079809933901,0.021562086418271065,1.5022764205932617,0.0007191288750618696,0.0007179088424891233,0.03146691620349884,0.9884968996047974
40100,18,0.021698834374547005,0.0007410645484924316,0.020957769826054573,1.394336223602295,0.0005474833305925131,0.0005468348390422761,0.02976483479142189,0.9905880689620972
40150,18,0.021187374368309975,0.0006846335018053651,0.020502740517258644,1.4416288137435913,0.0006749051972292364,0.0006746324361301959,0.029745057225227356,0.988442063331604
40200,18,0.022741613909602165,0.0008182951714843512,0.02192331850528717,1.5242512226104736,0.0006856073159724474,0.0006826900062151253,0.03173116594552994,0.9899129867553711
40250,18,0.021315675228834152,0.0008285058429464698,0.020487168803811073,1.456948161125183,0.0005826007109135389,0.000581167230848223,0.02976418286561966,0.9910498261451721
40300,18,0.02059340476989746,0.0006943837506696582,0.019899021834135056,1.4969630241394043,0.0007584167178720236,0.0007559020887129009,0.029592540115118027,0.9889858961105347
40350,18,0.021134667098522186,0.0007557846838608384,0.020378882065415382,1.4033563137054443,0.0008289244724437594,0.0008285688236355782,0.02980894222855568,0.9891544580459595
40400,18,0.024120472371578217,0.0007058491464704275,0.023414622992277145,1.4917607307434082,0.0006012156372889876,0.0005997811094857752,0.03278027102351189,0.989846408367157
40450,18,0.022797439247369766,0.0006812573410570621,0.02211618237197399,1.404494285583496,0.0006333652418106794,0.000633072922937572,0.031086347997188568,0.9873339533805847
40500,18,0.021463021636009216,0.0006210278952494264,0.020841993391513824,1.427081823348999,0.0005820767837576568,0.0005821402883157134,0.029762648046016693,0.9890262484550476
40550,18,0.01990206353366375,0.0011069735046476126,0.018795089796185493,1.4687707424163818,0.0008395386394113302,0.000838445033878088,0.028923900797963142,0.990062952041626
40600,18,0.020118597894906998,0.0006476538255810738,0.0194709450006485,1.5020480155944824,0.0006428462220355868,0.000641693128272891,0.028913376852869987,0.9892106056213379
40650,19,0.02093941532075405,0.0007063702214509249,0.020233044400811195,1.4191287755966187,0.0006110090762376785,0.0006101445178501308,0.029256213456392288,0.9899430871009827
40700,19,0.02075018547475338,0.0007083482341840863,0.02004183642566204,1.3171190023422241,0.0005596241680905223,0.0005568729829974473,0.028452277183532715,0.9903401136398315
40750,19,0.021261027082800865,0.0010249287588521838,0.020236099138855934,1.4576585292816162,0.0005938191898167133,0.0005935580702498555,0.029736695811152458,0.988627552986145
40800,19,0.021160133183002472,0.0007958132773637772,0.020364319905638695,1.4414682388305664,0.0006738475058227777,0.000673769332934171,0.02971509099006653,0.9882818460464478
40850,19,0.02220545895397663,0.000990795437246561,0.021214663982391357,1.5283660888671875,0.0006880320142954588,0.0006877967389300466,0.0312231183052063,0.9883608818054199
40900,19,0.021232493221759796,0.0008262824267148972,0.0204062107950449,1.4687206745147705,0.0007138166110962629,0.000714637222699821,0.030004549771547318,0.9903621077537537
40950,19,0.02130773477256298,0.0007655450608581305,0.020542189478874207,1.447382926940918,0.0006755540380254388,0.0006744936690665781,0.029894696548581123,0.9901118874549866
41000,19,0.021797670051455498,0.0007174137863330543,0.02108025550842285,1.5439327955245972,0.0006119296886026859,0.0006131262634880841,0.03074239008128643,0.9900826215744019
41050,19,0.022130465134978294,0.0008156262338161469,0.021314838901162148,1.4351847171783447,0.00075343536445871,0.0007521299412474036,0.03081195428967476,0.9891085624694824
41100,19,0.021032538264989853,0.0006765900179743767,0.0203559473156929,1.380627155303955,0.0006435340037569404,0.000642528641037643,0.029221737757325172,0.9880755543708801
41150,19,0.02003219909965992,0.0006103456835262477,0.019421853125095367,1.4350556135177612,0.0004917073529213667,0.0004903195658698678,0.028189504519104958,0.9903281927108765
41200,19,0.02124045602977276,0.0007499087369069457,0.020490547642111778,1.4385524988174438,0.0006206348771229386,0.0006210467545315623,0.029674900695681572,0.9883532524108887
41250,19,0.020352667197585106,0.0006717888172715902,0.019680878147482872,1.528376579284668,0.000603808555752039,0.0006038221763446927,0.029202181845903397,0.9897971153259277
41300,19,0.020747628062963486,0.000614090939052403,0.02013353630900383,1.5358872413635254,0.0005350535502657294,0.0005356752080842853,0.029497792944312096,0.9878178238868713
41350,19,0.02086057886481285,0.00065788155188784,0.020202698186039925,1.4953339099884033,0.0005408808356150985,0.0005407810094766319,0.029418909922242165,0.98863685131073
41400,19,0.021166935563087463,0.0009886219631880522,0.020178314298391342,1.4875319004058838,0.0006383797735907137,0.0006377121899276972,0.029880687594413757,0.988834023475647
41450,19,0.021580470725893974,0.0007032217690721154,0.020877249538898468,1.4200037717819214,0.0006648640846833587,0.0006641739746555686,0.030009526759386063,0.9892960786819458
41500,19,0.020006582140922546,0.0009121717885136604,0.01909441128373146,1.5128039121627808,0.0006279186927713454,0.0006276643835008144,0.028826184570789337,0.9907132387161255
41550,19,0.019786350429058075,0.0006725796265527606,0.019113771617412567,1.4270819425582886,0.0006019309512339532,0.0006020346190780401,0.02812572568655014,0.988365650177002
41600,19,0.023013100028038025,0.0007682879222556949,0.022244812920689583,1.4257354736328125,0.0006552509730681777,0.0006537999724969268,0.03145083039999008,0.9887819886207581
41650,19,0.021560480818152428,0.0008521577110514045,0.020708322525024414,1.423250675201416,0.0007442710921168327,0.000742840173188597,0.030163845047354698,0.990854024887085
41700,19,0.0197939220815897,0.000686330022290349,0.01910759136080742,1.4432443380355835,0.0006056278361938894,0.0006037447601556778,0.028219515457749367,0.9897567629814148
41750,19,0.022284597158432007,0.0007429056568071246,0.021541692316532135,1.3863996267318726,0.0006246947450563312,0.0006240822840481997,0.030465371906757355,0.9891265630722046
41800,19,0.022561803460121155,0.0008425125852227211,0.02171928994357586,1.4550807476043701,0.0006562712951563299,0.0006570293917320669,0.03115050680935383,0.9895012378692627
41850,19,0.01994660310447216,0.0005600678268820047,0.0193865355104208,1.5133163928985596,0.0006468513165600598,0.0006453570676967502,0.02880539372563362,0.9901275038719177
41900,19,0.02120581455528736,0.0007700220448896289,0.020435793325304985,1.4541893005371094,0.0006627946277149022,0.0006622891523875296,0.02980184368789196,0.9902651906013489
41950,19,0.021707501262426376,0.00067329709418118,0.021034203469753265,1.3907067775726318,0.0007128998404368758,0.0007122300448827446,0.03008616529405117,0.9915838241577148
42000,19,0.021014848724007607,0.0007444501388818026,0.020270397886633873,1.4562886953353882,0.0006223719101399183,0.0006220022332854569,0.029540665447711945,0.9897580146789551
42050,19,0.0205194391310215,0.0007712027872912586,0.01974823698401451,1.5069184303283691,0.0005274881841614842,0.000527205120306462,0.029108723625540733,0.9872437715530396
42100,19,0.021371688693761826,0.0008017861982807517,0.020569901913404465,1.579272747039795,0.0006946359062567353,0.0006931521347723901,0.030655840411782265,0.9902998805046082
42150,19,0.021351877599954605,0.0007897218456491828,0.020562155172228813,1.4414260387420654,0.000602264073677361,0.0006025016773492098,0.02976377308368683,0.9891810417175293
42200,19,0.019775688648223877,0.000735031848307699,0.019040657207369804,1.4660305976867676,0.0006405963213182986,0.0006404333980754018,0.02838687226176262,0.9918259382247925
42250,19,0.02126745693385601,0.0008376383921131492,0.020429817959666252,1.462542176246643,0.001002471661195159,0.0010017260210588574,0.030584365129470825,0.9881466627120972
42300,19,0.020350268110632896,0.0008398935897275805,0.01951037533581257,1.537357211112976,0.0007471358985640109,0.0007461548084393144,0.029530344530940056,0.9898560047149658
42350,19,0.02105671539902687,0.0009984083008021116,0.02005830779671669,1.4479179382324219,0.0006011313525959849,0.000600101484451443,0.02949753776192665,0.9914573431015015
42400,19,0.022056398913264275,0.0008632034878246486,0.02119319513440132,1.421668291091919,0.0008159743156284094,0.0008163033053278923,0.030797017738223076,0.9908069372177124
42450,19,0.020951537415385246,0.0006560719921253622,0.020295465365052223,1.4974045753479004,0.0007633834611624479,0.0007627101149410009,0.02996465377509594,0.9903366565704346
42500,19,0.02006787620484829,0.0006887427298352122,0.019379133358597755,1.4831933975219727,0.0006741946563124657,0.0006730656023137271,0.028831103816628456,0.9885765314102173
42550,19,0.02084856852889061,0.0007103010430000722,0.020138267427682877,1.4873775243759155,0.00060712278354913,0.0006073675467632711,0.029499944299459457,0.990726113319397
42600,19,0.022635076195001602,0.0007496227044612169,0.021885452792048454,1.4628491401672363,0.0006818501278758049,0.0006819794652983546,0.031313151121139526,0.990172803401947
42650,19,0.023053718730807304,0.0008544462034478784,0.022199273109436035,1.5527937412261963,0.0007319411961361766,0.0007326626218855381,0.03228229284286499,0.9900781512260437
42700,19,0.020596010610461235,0.0007076261099427938,0.019888384267687798,1.5376529693603516,0.0006772556807845831,0.0006757275550626218,0.029637258499860764,0.9888747930526733
42750,19,0.02372363582253456,0.0007336516282521188,0.02298998460173607,1.4938994646072388,0.0006246283883228898,0.0006225000834092498,0.03244026005268097,0.9904621839523315
42800,19,0.02092302218079567,0.0006488515064120293,0.020274169743061066,1.3208152055740356,0.0007017884636297822,0.000702042889315635,0.02893092855811119,0.9909628629684448
42850,19,0.022087302058935165,0.0008647296344861388,0.021222572773694992,1.43994140625,0.0005471339100040495,0.0005477740778587759,0.03038191609084606,0.9886648654937744
42900,20,0.020952168852090836,0.0006828752811998129,0.02026929333806038,1.50181245803833,0.0008345805108547211,0.0008359074126929045,0.030131718143820763,0.989422082901001
42950,20,0.020096521824598312,0.0007084864191710949,0.01938803493976593,1.5955255031585693,0.000573387835174799,0.000572140677832067,0.029219677671790123,0.9909510612487793
43000,20,0.02065211720764637,0.0007426035590469837,0.019909514114260674,1.4154107570648193,0.0005842623650096357,0.0005847349530085921,0.028898168355226517,0.9895823001861572
43050,20,0.020703503862023354,0.0008428419241681695,0.019860662519931793,1.5362669229507446,0.0006661894731223583,0.0006668378482572734,0.029717866331338882,0.9903168678283691
43100,20,0.02220606617629528,0.0007217393140308559,0.02148432657122612,1.5644350051879883,0.0005631268140859902,0.0005650484818033874,0.031156416982412338,0.9914896488189697
43150,20,0.02419976517558098,0.0007088709389790893,0.023490894585847855,1.4662468433380127,0.0006970800459384918,0.0006973142735660076,0.03292539343237877,0.9907950758934021
43200,20,0.021367402747273445,0.000811336562037468,0.020556066185235977,1.440627098083496,0.0006446269690059125,0.000643887382466346,0.02985905297100544,0.992650032043457
43250,20,0.01970685087144375,0.0006644383538514376,0.01904241181910038,1.497414231300354,0.0007311528315767646,0.0007307046907953918,0.028655780479311943,0.9888852834701538
43300,20,0.022252772003412247,0.000695700291544199,0.021557072177529335,1.5577924251556396,0.0006767928716726601,0.0006744493148289621,0.03139297664165497,0.9899224042892456
43350,20,0.02103445492684841,0.0007698865374550223,0.02026456780731678,1.471355676651001,0.000594305049162358,0.0005932321073487401,0.029578769579529762,0.9912706017494202
43400,20,0.021649595350027084,0.000737863767426461,0.02091173082590103,1.408262014389038,0.0007458060281351209,0.0007462468929588795,0.030182957649230957,0.9907710552215576
43450,20,0.020896300673484802,0.0006857780972495675,0.020210523158311844,1.5021560192108154,0.0007340936572290957,0.0007334959227591753,0.029874669387936592,0.9888389110565186
43500,20,0.020456751808524132,0.0007146209245547652,0.019742131233215332,1.350235939025879,0.000610006507486105,0.0006099808379076421,0.02842791937291622,0.9901646375656128
43550,20,0.020661769434809685,0.0007251425413414836,0.01993662677705288,1.5501883029937744,0.0006333066266961396,0.0006342927226796746,0.02968030981719494,0.9896050095558167
43600,20,0.020900411531329155,0.0007852016715332866,0.020115209743380547,1.4205965995788574,0.0007607799489051104,0.000759764458052814,0.02952393889427185,0.9915115833282471
43650,20,0.022427234798669815,0.0007866286323405802,0.021640606224536896,1.5072187185287476,0.0007013299036771059,0.00070067128399387,0.031365327537059784,0.991116464138031
43700,20,0.0212914627045393,0.0008172013331204653,0.020474260672926903,1.5341885089874268,0.0008255626307800412,0.0008234139531850815,0.03061138279736042,0.9900600910186768
43750,20,0.021571319550275803,0.000752971158362925,0.020818348973989487,1.529144048690796,0.0006483389297500253,0.0006476790877059102,0.030513057485222816,0.9921626448631287
43800,20,0.02093217708170414,0.0008628932991996408,0.020069284364581108,1.5166752338409424,0.0008014282793737948,0.0008007847354747355,0.030117766931653023,0.990797758102417
43850,20,0.02022860385477543,0.0007263149018399417,0.019502289593219757,1.4522440433502197,0.000869599636644125,0.0008696221048012376,0.029229046776890755,0.9906101226806641
43900,20,0.021387094631791115,0.0008051108452491462,0.020581983029842377,1.386317253112793,0.0006789872422814369,0.0006778256502002478,0.029675493016839027,0.9910743236541748
43950,20,0.023982759565114975,0.0007279053097590804,0.02325485460460186,1.561612606048584,0.0005695198196917772,0.0005693682469427586,0.032929711043834686,0.9903013110160828
44000,20,0.0237189419567585,0.0008898561354726553,0.0228290855884552,1.5154765844345093,0.0006638207705691457,0.0006628753035329282,0.03262301906943321,0.991020679473877
44050,20,0.01947670802474022,0.0006839027628302574,0.018792806193232536,1.4140825271606445,0.0005486320587806404,0.0005480771069414914,0.027643829584121704,0.9905917644500732
44100,20,0.019705375656485558,0.0006727519794367254,0.01903262361884117,1.4119433164596558,0.0006744898855686188,0.0006730997120030224,0.028112683445215225,0.9892858862876892
44150,20,0.021818414330482483,0.0006856229156255722,0.02113279141485691,1.5144383907318115,0.000548407668247819,0.0005479005631059408,0.03048691526055336,0.9896895885467529
44200,20,0.02143174596130848,0.0007478422485291958,0.020683903247117996,1.4325244426727295,0.0006615692982450128,0.0006607058458030224,0.029916642233729362,0.9906091690063477
44250,20,0.02213330939412117,0.0007858516764827073,0.02134745754301548,1.4264668226242065,0.000682981451973319,0.0006818214314989746,0.0306304469704628,0.9914054870605469
44300,20,0.020173825323581696,0.0007350565283559263,0.019438769668340683,1.5455691814422607,0.0006247732089832425,0.0006241613300517201,0.02915060706436634,0.9914689064025879
44350,20,0.023084396496415138,0.0007774720434099436,0.02230692468583584,1.4532523155212402,0.0007651543710380793,0.0007630562759004533,0.031878869980573654,0.9910627603530884
44400,20,0.021428454667329788,0.0007270426722243428,0.020701412111520767,1.4250904321670532,0.0007355093257501721,0.0007343734032474458,0.030023789033293724,0.9897880554199219
44450,20,0.01947219856083393,0.0006340889958664775,0.01883810944855213,1.394669771194458,0.0007024331134743989,0.0007016093586571515,0.0278495904058218,0.9894142150878906
44500,20,0.021246040239930153,0.0007239845581352711,0.02052205614745617,1.502805233001709,0.0005896454676985741,0.0005888462765142322,0.029938558116555214,0.9918420314788818
44550,20,0.02236446738243103,0.0006654461030848324,0.021699020639061928,1.4398008584976196,0.0006233328022062778,0.0006214520544745028,0.030808256939053535,0.9899071455001831
44600,20,0.022436439990997314,0.0008013563929125667,0.021635083481669426,1.493622899055481,0.0006062042666599154,0.0006052439566701651,0.031116001307964325,0.9909929037094116
44650,20,0.021391384303569794,0.0007928069098852575,0.020598577335476875,1.440068244934082,0.0005783755332231522,0.0005766770336776972,0.029746778309345245,0.9904370307922363
44700,20,0.023144345730543137,0.0028338581323623657,0.02031048759818077,1.5193952322006226,0.0006432671216316521,0.0006441646837629378,0.03202875331044197,0.9925066232681274
44750,20,0.021518688648939133,0.001090973848477006,0.02042771503329277,1.49501371383667,0.0006594175938516855,0.0006595485028810799,0.03031272441148758,0.9902641773223877
44800,20,0.02054658532142639,0.0006455487455241382,0.019901037216186523,1.5013964176177979,0.0006215840112417936,0.0006215391913428903,0.029296690598130226,0.9907957911491394
44850,20,0.020731236785650253,0.0007666038000024855,0.019964633509516716,1.4430499076843262,0.0007009762921370566,0.0007021340425126255,0.029349597170948982,0.9900394082069397
44900,20,0.021069206297397614,0.0006322651170194149,0.02043694071471691,1.543792486190796,0.0005624382756650448,0.0005623496836051345,0.029912956058979034,0.9909141063690186
44950,20,0.02017449028789997,0.0007080707000568509,0.019466418772935867,1.4620200395584106,0.0005403043469414115,0.0005398753564804792,0.02856476977467537,0.9904670715332031
45000,20,0.020318422466516495,0.0005640601739287376,0.019754361361265182,1.4067002534866333,0.0006076720310375094,0.0006067733047530055,0.02856636792421341,0.9910341501235962
45050,20,0.022563667967915535,0.0007625713478773832,0.021801097318530083,1.50065279006958,0.0006973400595597923,0.000695872469805181,0.03146014362573624,0.9914484024047852
45100,20,0.023303179070353508,0.0007435914012603462,0.02255958691239357,1.4347422122955322,0.0005840142257511616,0.0005843505496159196,0.03164525702595711,0.991707444190979
